[2026-05-15 12:58:19] [INFO] ================================================================================
[2026-05-15 12:58:19] [INFO] STEP step_002_secondary_spectra STARTED
[2026-05-15 12:58:19] [INFO] Description: Secondary spectrum computation S(τ, f_D)
[2026-05-15 12:58:19] [INFO] Physics: 2D Fourier transform of covariance C(Δt, Δν) = ⟨δI δI⟩
[2026-05-15 12:58:19] [INFO] Method: Vectorized FFT with conjugate symmetry optimization
[2026-05-15 12:58:19] [INFO] ================================================================================
[2026-05-15 12:58:19] [INFO]       Auto-selected 8 FFT worker processes (TEP_WORKERS / TEP_STEP002_MAX_WORKERS override)
[2026-05-15 12:58:19] [INFO] ═══ ======================================================================
[2026-05-15 12:58:19] [INFO] ═══ STEP 002: Secondary Spectrum Generation & Arc Detection
[2026-05-15 12:58:19] [INFO] ═══ ======================================================================
[2026-05-15 12:58:19] [INFO]       M4 Pro Optimized Vectorized FFT Parallel: 8 workers
[2026-05-15 12:58:19] [INFO]       Min SNR threshold: 1.5, Sub-bands: 1
[2026-05-15 12:58:19] [INFO]       Processing 10201 J0437 epochs...
[2026-05-15 12:58:19] [INFO]       SKIP a050627_221524.rf.pcm: too small (10x128)
[2026-05-15 12:58:19] [INFO]       SKIP a050715_014505.rf.pcm: too small (14x512)
[2026-05-15 12:58:19] [INFO]       SKIP a050629_034318.rf.pcm: too small (15x128)
[2026-05-15 12:58:20] [INFO]       OK   a050629_005155.rf.pcm: sb0:25al
[2026-05-15 12:58:20] [INFO]       SKIP a050717_205533.rf.pcm: too small (11x512)
[2026-05-15 12:58:20] [INFO]       OK   a050628_050336.rf.pcm: sb0:30al
[2026-05-15 12:58:20] [INFO]       SKIP a050719_191139.rf.pcm: too small (11x512)
[2026-05-15 12:58:20] [INFO]       SKIP a050719_194355.rf.pcm: too small (13x512)
[2026-05-15 12:58:20] [INFO]       OK   a050621_010432.rf.pcm: sb0:30al
[2026-05-15 12:58:20] [INFO]       OK   a050715_011717.rf.pcm: sb0:51al
[2026-05-15 12:58:20] [INFO]       OK   a050721_183615.rf.pcm: sb0:18al
[2026-05-15 12:58:20] [INFO]       OK   a050717_193544.rf.pcm: sb0:98al
[2026-05-15 12:58:20] [INFO]       OK   a050721_191355.rf.pcm: sb0:13al
[2026-05-15 12:58:20] [INFO]       OK   a050714_205502.rf.pcm: sb0:83al
[2026-05-15 12:58:20] [INFO]       OK   a050717_190255.rf.pcm: sb0:81al
[2026-05-15 12:58:20] [INFO]       OK   a050627_000954.rf.pcm: sb0:42al
[2026-05-15 12:58:20] [INFO]       OK   a050721_195132.rf.pcm: sb0:11al
[2026-05-15 12:58:20] [INFO]       OK   a050721_202903.rf.pcm: sb0:20al
[2026-05-15 12:58:20] [INFO]       OK   a050718_201351.rf.pcm: sb0:90al
[2026-05-15 12:58:20] [INFO]       OK   a050722_183004.rf.pcm: sb0:33al
[2026-05-15 12:58:20] [INFO]       OK   a050722_190744.rf.pcm: sb0:23al
[2026-05-15 12:58:20] [INFO]       OK   a050722_194524.rf.pcm: sb0:13al
[2026-05-15 12:58:20] [INFO]       OK   a050722_202324.rf.pcm: sb0:15al
[2026-05-15 12:58:20] [INFO]       OK   a050724_175104.rf.pcm: sb0:15al
[2026-05-15 12:58:20] [INFO]       OK   a050724_182844.rf.pcm: sb0:36al
[2026-05-15 12:58:20] [INFO]       OK   a050724_194403.rf.pcm: sb0:5al
[2026-05-15 12:58:20] [INFO]       OK   a050724_190625.rf.pcm: sb0:20al
[2026-05-15 12:58:20] [INFO]       OK   a050724_214005.rf.pcm: sb0:4al
[2026-05-15 12:58:20] [INFO]       OK   a050724_202402.rf.pcm: sb0:6al
[2026-05-15 12:58:20] [INFO]       OK   a050724_221747.rf.pcm: sb0:24al
[2026-05-15 12:58:20] [INFO]       OK   a050724_210226.rf.pcm: sb0:7al
[2026-05-15 12:58:20] [INFO]       OK   a050724_225535.rf.pcm: sb0:23al
[2026-05-15 12:58:20] [INFO]       OK   a050725_001118.rf.pcm: sb0:18al
[2026-05-15 12:58:20] [INFO]       OK   a050725_020414.rf.pcm: sb0:3al
[2026-05-15 12:58:20] [INFO]       OK   a050725_004854.rf.pcm: sb0:19al
[2026-05-15 12:58:20] [INFO]       OK   a050725_012635.rf.pcm: sb0:19al
[2026-05-15 12:58:20] [INFO]       OK   a050724_233326.rf.pcm: sb0:18al
[2026-05-15 12:58:20] [INFO]       OK   a050725_024154.rf.pcm: sb0:16al
[2026-05-15 12:58:20] [INFO]       OK   a050823_164705.rf.pcm: sb0:4al
[2026-05-15 12:58:20] [INFO]       SKIP a050827_203848.rf.pcm: too small (14x512)
[2026-05-15 12:58:20] [INFO]       OK   a050823_160709.rf.pcm: sb0:12al
[2026-05-15 12:58:20] [INFO]       OK   a050823_175538.rf.pcm: sb0:66al
[2026-05-15 12:58:20] [INFO]       OK   a050827_201915.rf.pcm: sb0:35al
[2026-05-15 12:58:20] [INFO]       OK   a050824_205919.rf.pcm: sb0:94al
[2026-05-15 12:58:20] [INFO]       OK   a050823_213218.rf.pcm: sb0:92al
[2026-05-15 12:58:20] [INFO]       OK   a050824_195039.rf.pcm: sb0:106al
[2026-05-15 12:58:20] [INFO]       SKIP a050829_163212.rf.pcm: too small (11x128)
[2026-05-15 12:58:20] [INFO]       SKIP a050829_164402.rf.pcm: too small (10x128)
[2026-05-15 12:58:20] [INFO]       OK   a050828_221343.rf.pcm: sb0:15al
[2026-05-15 12:58:20] [INFO]       OK   a050829_172307.rf.pcm: sb0:17al
[2026-05-15 12:58:20] [INFO]       OK   a050827_231156.rf.pcm: sb0:48al
[2026-05-15 12:58:20] [INFO]       OK   a050829_175845.rf.pcm: sb0:54al
[2026-05-15 12:58:20] [INFO]       OK   a050901_144507.rf.pcm: sb0:33al
[2026-05-15 12:58:20] [INFO]       OK   a050828_230642.rf.pcm: sb0:96al
[2026-05-15 12:58:20] [INFO]       OK   a050901_152105.rf.pcm: sb0:3al
[2026-05-15 12:58:20] [INFO]       OK   a050828_000046.rf.pcm: sb0:59al
[2026-05-15 12:58:20] [INFO]       OK   a050829_190801.rf.pcm: sb0:96al
[2026-05-15 12:58:20] [INFO]       OK   a050901_155713.rf.pcm: sb0:28al
[2026-05-15 12:58:20] [INFO]       OK   a050901_174642.rf.pcm: sb0:6al
[2026-05-15 12:58:20] [INFO]       OK   a050901_163423.rf.pcm: sb0:28al
[2026-05-15 12:58:20] [INFO]       OK   a050901_182318.rf.pcm: sb0:31al
[2026-05-15 12:58:20] [INFO]       OK   a050901_171024.rf.pcm: sb0:38al
[2026-05-15 12:58:20] [INFO]       OK   a050901_185955.rf.pcm: sb0:21al
[2026-05-15 12:58:20] [INFO]       OK   a050901_193603.rf.pcm: sb0:27al
[2026-05-15 12:58:20] [INFO]       SKIP a050903_170928.rf.pcm: too small (15x128)
[2026-05-15 12:58:20] [INFO]       OK   a050828_005528.rf.pcm: sb0:158al
[2026-05-15 12:58:20] [INFO]       OK   a050901_201230.rf.pcm: sb0:28al
[2026-05-15 12:58:20] [INFO]       OK   a050901_204848.rf.pcm: sb0:28al
[2026-05-15 12:58:20] [INFO]       OK   a050903_191813.rf.pcm: sb0:30al
[2026-05-15 12:58:20] [INFO]       OK   a050827_210632.rf.pcm: sb0:195al
[2026-05-15 12:58:20] [INFO]       OK   a050828_194804.rf.pcm: sb0:181al
[2026-05-15 12:58:20] [INFO]       OK   a050902_175434.rf.pcm: sb0:75al
[2026-05-15 12:58:20] [INFO]       OK   a050902_194813.rf.pcm: sb0:63al
[2026-05-15 12:58:20] [INFO]       OK   a050907_155313.rf.pcm: sb0:77al
[2026-05-15 12:58:20] [INFO]       SKIP a050907_204933.rf.pcm: too small (15x512)
[2026-05-15 12:58:20] [INFO]       OK   a050907_162933.rf.pcm: sb0:31al
[2026-05-15 12:58:20] [INFO]       OK   a050907_170523.rf.pcm: sb0:70al
[2026-05-15 12:58:20] [INFO]       OK   a050907_174143.rf.pcm: sb0:82al
[2026-05-15 12:58:20] [INFO]       OK   a050907_181843.rf.pcm: sb0:89al
[2026-05-15 12:58:20] [INFO]       OK   a050907_210833.rf.pcm: sb0:4al
[2026-05-15 12:58:20] [INFO]       OK   a050907_200543.rf.pcm: sb0:4al
[2026-05-15 12:58:20] [INFO]       OK   a050907_193004.rf.pcm: sb0:90al
[2026-05-15 12:58:20] [INFO]       OK   a050907_231844.rf.pcm: sb0:16al
[2026-05-15 12:58:20] [INFO]       OK   a050907_185423.rf.pcm: sb0:77al
[2026-05-15 12:58:20] [INFO]       OK   a050907_213041.rf.pcm: sb0:87al
[2026-05-15 12:58:20] [INFO]       OK   a050907_224243.rf.pcm: sb0:41al
[2026-05-15 12:58:20] [INFO]       OK   a050907_220623.rf.pcm: sb0:54al
[2026-05-15 12:58:20] [INFO]       OK   a050907_233549.rf.pcm: sb0:50al
[2026-05-15 12:58:21] [INFO]       OK   a050908_001143.rf.pcm: sb0:34al
[2026-05-15 12:58:21] [INFO]       OK   a051003_182303.rf.pcm: sb0:45al
[2026-05-15 12:58:21] [INFO]       OK   a051004_171354.rf.pcm: sb0:92al
[2026-05-15 12:58:21] [INFO]       OK   a051002_201433.rf.pcm: sb0:41al
[2026-05-15 12:58:21] [INFO]       OK   a051004_182113.rf.pcm: sb0:108al
[2026-05-15 12:58:21] [INFO]       SKIP a051108_174453.rf.pcm: too small (10x512)
[2026-05-15 12:58:21] [INFO]       OK   a051002_205103.rf.pcm: sb0:42al
[2026-05-15 12:58:21] [INFO]       OK   a051003_152153.rf.pcm: sb0:67al
[2026-05-15 12:58:21] [INFO]       OK   a051004_192833.rf.pcm: sb0:103al
[2026-05-15 12:58:21] [INFO]       OK   a051111_131703.rf.pcm: sb0:73al
[2026-05-15 12:58:21] [INFO]       OK   a051111_145053.rf.pcm: sb0:90al
[2026-05-15 12:58:21] [INFO]       OK   a051108_172021.rf.pcm: sb0:23al
[2026-05-15 12:58:21] [INFO]       OK   a051111_155833.rf.pcm: sb0:98al
[2026-05-15 12:58:21] [INFO]       OK   a051111_170603.rf.pcm: sb0:84al
[2026-05-15 12:58:21] [INFO]       OK   a051016_175627.rf.pcm: sb0:77al
[2026-05-15 12:58:21] [INFO]       OK   a051111_200822.rf.pcm: sb0:21al
[2026-05-15 12:58:21] [INFO]       OK   a051017_145433.rf.pcm: sb0:58al
[2026-05-15 12:58:21] [INFO]       OK   a051016_211208.rf.pcm: sb0:170al
[2026-05-15 12:58:21] [INFO]       OK   a051111_181353.rf.pcm: sb0:42al
[2026-05-15 12:58:21] [INFO]       OK   a051111_190103.rf.pcm: sb0:5al
[2026-05-15 12:58:21] [INFO]       OK   a051112_134412.rf.pcm: sb0:76al
[2026-05-15 12:58:21] [INFO]       OK   a051113_125023.rf.pcm: sb0:81al
[2026-05-15 12:58:21] [INFO]       OK   a051113_162542.rf.pcm: sb0:86al
[2026-05-15 12:58:21] [INFO]       OK   a051223_082253.rf.pcm: sb0:93al
[2026-05-15 12:58:21] [INFO]       OK   a051223_093018.rf.pcm: sb0:96al
[2026-05-15 12:58:21] [INFO]       OK   a051223_103805.rf.pcm: sb0:94al
[2026-05-15 12:58:21] [INFO]       OK   a051227_104031.rf.pcm: sb0:61al
[2026-05-15 12:58:21] [INFO]       OK   a051227_085842.rf.pcm: sb0:108al
[2026-05-15 12:58:21] [INFO]       OK   a051220_130413.rf.pcm: sb0:231al
[2026-05-15 12:58:21] [INFO]       OK   a051129_143912.rf.pcm: sb0:220al
[2026-05-15 12:58:21] [INFO]       OK   a051201_113303.rf.pcm: sb0:277al
[2026-05-15 12:58:21] [INFO]       OK   a051220_141033.rf.pcm: sb0:261al
[2026-05-15 12:58:21] [INFO]       OK   a051201_124143.rf.pcm: sb0:294al
[2026-05-15 12:58:21] [INFO]       OK   a060101_082911.rf.pcm: sb0:6al
[2026-05-15 12:58:21] [INFO]       OK   a051231_095041.rf.pcm: sb0:93al
[2026-05-15 12:58:21] [INFO]       OK   a051227_093431.rf.pcm: sb0:181al
[2026-05-15 12:58:21] [INFO]       OK   a051228_091642.rf.pcm: sb0:310al
[2026-05-15 12:58:21] [INFO]       OK   a051229_094001.rf.pcm: sb0:269al
[2026-05-15 12:58:21] [INFO]       OK   a051230_081943.rf.pcm: sb0:297al
[2026-05-15 12:58:21] [INFO]       OK   a060104_070103.rf.pcm: sb0:3al
[2026-05-15 12:58:21] [INFO]       OK   a060103_102813.rf.pcm: sb0:3al
[2026-05-15 12:58:21] [INFO]       OK   a051230_071310.rf.pcm: sb0:259al
[2026-05-15 12:58:21] [INFO]       OK   a051230_092621.rf.pcm: sb0:254al
[2026-05-15 12:58:21] [INFO]       OK   a060104_074153.rf.pcm: sb0:77al
[2026-05-15 12:58:21] [INFO]       OK   a060101_090931.rf.pcm: sb0:300al
[2026-05-15 12:58:21] [INFO]       OK   a060102_123253.rf.pcm: sb0:274al
[2026-05-15 12:58:21] [INFO]       OK   a060131_084003.rf.pcm: sb0:73al
[2026-05-15 12:58:21] [INFO]       OK   a060101_101711.rf.pcm: sb0:334al
[2026-05-15 12:58:21] [INFO]       OK   a060104_085543.rf.pcm: sb0:240al
[2026-05-15 12:58:21] [INFO]       OK   a060104_111453.rf.pcm: sb0:248al
[2026-05-15 12:58:21] [INFO]       OK   a060131_091653.rf.pcm: sb0:272al
[2026-05-15 12:58:21] [INFO]       OK   a060202_071103.rf.pcm: sb0:231al
[2026-05-15 12:58:21] [INFO]       SKIP a060303_054401.rf.pcm: too small (10x512)
[2026-05-15 12:58:21] [INFO]       SKIP a060303_055133.rf.pcm: too small (10x512)
[2026-05-15 12:58:21] [INFO]       SKIP a060303_060132.rf.pcm: too small (10x512)
[2026-05-15 12:58:21] [INFO]       SKIP a060303_060901.rf.pcm: too small (10x512)
[2026-05-15 12:58:21] [INFO]       OK   a060208_133124.rf.pcm: sb0:198al
[2026-05-15 12:58:21] [INFO]       OK   a060212_072433.rf.pcm: sb0:269al
[2026-05-15 12:58:22] [INFO]       OK   a060211_075354.rf.pcm: sb0:282al
[2026-05-15 12:58:22] [INFO]       OK   a060212_133033.rf.pcm: sb0:211al
[2026-05-15 12:58:22] [INFO]       OK   a060211_090333.rf.pcm: sb0:246al
[2026-05-15 12:58:22] [INFO]       OK   a060302_060723.rf.pcm: sb0:255al
[2026-05-15 12:58:22] [INFO]       OK   a060326_030803.rf.pcm: sb0:91al
[2026-05-15 12:58:22] [INFO]       OK   a060302_094523.rf.pcm: sb0:259al
[2026-05-15 12:58:22] [INFO]       OK   a060326_041523.rf.pcm: sb0:65al
[2026-05-15 12:58:22] [INFO]       OK   a060323_044224.rf.pcm: sb0:3al
[2026-05-15 12:58:22] [INFO]       OK   a060322_040153.rf.pcm: sb0:224al
[2026-05-15 12:58:22] [INFO]       OK   a060306_050345.rf.pcm: sb0:240al
[2026-05-15 12:58:22] [INFO]       OK   a060322_054633.rf.pcm: sb0:265al
[2026-05-15 12:58:22] [INFO]       OK   a060323_061924.rf.pcm: sb0:344al
[2026-05-15 12:58:22] [INFO]       OK   a060411_043034.rf.pcm: sb0:100al
[2026-05-15 12:58:22] [INFO]       OK   a060407_030424.rf.pcm: sb0:251al
[2026-05-15 12:58:22] [INFO]       OK   a060408_031823.rf.pcm: sb0:209al
[2026-05-15 12:58:22] [INFO]       OK   a060415_020311.rf.pcm: sb0:152al
[2026-05-15 12:58:22] [INFO]       OK   a060415_035732.rf.pcm: sb0:9al
[2026-05-15 12:58:22] [INFO]       OK   a060409_040843.rf.pcm: sb0:267al
[2026-05-15 12:58:22] [INFO]       OK   a060415_045741.rf.pcm: sb0:80al
[2026-05-15 12:58:22] [INFO]       SKIP a060423_035233.rf.pcm: too small (11x128)
[2026-05-15 12:58:22] [INFO]       OK   a060423_025733.rf.pcm: sb0:53al
[2026-05-15 12:58:22] [INFO]       OK   a060422_052053.rf.pcm: sb0:76al
[2026-05-15 12:58:22] [INFO]       OK   a060409_013143.rf.pcm: sb0:526al
[2026-05-15 12:58:22] [INFO]       OK   a060409_023913.rf.pcm: sb0:527al
[2026-05-15 12:58:22] [INFO]       OK   a060423_041513.rf.pcm: sb0:91al
[2026-05-15 12:58:22] [INFO]       OK   a060421_033433.rf.pcm: sb0:248al
[2026-05-15 12:58:22] [INFO]       OK   a060508_230634.rf.pcm: sb0:100al
[2026-05-15 12:58:22] [INFO]       OK   a060508_234313.rf.pcm: sb0:4al
[2026-05-15 12:58:22] [INFO]       OK   a060418_000351.rf.pcm: sb0:298al
[2026-05-15 12:58:22] [INFO]       OK   a060421_065633.rf.pcm: sb0:178al
[2026-05-15 12:58:22] [INFO]       OK   a060509_010943.rf.pcm: sb0:120al
[2026-05-15 12:58:22] [INFO]       OK   a060509_002625.rf.pcm: sb0:140al
[2026-05-15 12:58:22] [INFO]       OK   a060509_043944.rf.pcm: sb0:4al
[2026-05-15 12:58:22] [INFO]       OK   a060509_014813.rf.pcm: sb0:132al
[2026-05-15 12:58:22] [INFO]       SKIP a060526_061141.rf.pcm: too small (10x512)
[2026-05-15 12:58:22] [INFO]       OK   a060424_034803.rf.pcm: sb0:296al
[2026-05-15 12:58:22] [INFO]       OK   a060525_064347.rf.pcm: sb0:80al
[2026-05-15 12:58:22] [INFO]       OK   a060509_040334.rf.pcm: sb0:91al
[2026-05-15 12:58:22] [INFO]       OK   a060509_032333.rf.pcm: sb0:135al
[2026-05-15 12:58:22] [INFO]       OK   a060526_032013.rf.pcm: sb0:90al
[2026-05-15 12:58:22] [INFO]       OK   a060510_015233.rf.pcm: sb0:137al
[2026-05-15 12:58:22] [INFO]       OK   a060509_022503.rf.pcm: sb0:232al
[2026-05-15 12:58:22] [INFO]       OK   a060527_231533.rf.pcm: sb0:79al
[2026-05-15 12:58:22] [INFO]       OK   a060528_022603.rf.pcm: sb0:7al
[2026-05-15 12:58:22] [INFO]       OK   a060529_214733.rf.pcm: sb0:47al
[2026-05-15 12:58:22] [INFO]       OK   a060527_234613.rf.pcm: sb0:4al
[2026-05-15 12:58:22] [INFO]       OK   a060526_232919.rf.pcm: sb0:288al
[2026-05-15 12:58:22] [INFO]       OK   a060526_221343.rf.pcm: sb0:291al
[2026-05-15 12:58:22] [INFO]       OK   a060614_213723.rf.pcm: sb0:26al
[2026-05-15 12:58:22] [INFO]       OK   a060614_221636.rf.pcm: sb0:19al
[2026-05-15 12:58:22] [INFO]       OK   a060528_033313.rf.pcm: sb0:98al
[2026-05-15 12:58:22] [INFO]       OK   a060527_003433.rf.pcm: sb0:369al
[2026-05-15 12:58:22] [INFO]       OK   a060614_233525.rf.pcm: sb0:5al
[2026-05-15 12:58:23] [INFO]       OK   a060528_041113.rf.pcm: sb0:302al
[2026-05-15 12:58:23] [INFO]       OK   a060615_004003.rf.pcm: sb0:85al
[2026-05-15 12:58:23] [INFO]       OK   a060615_220303.rf.pcm: sb0:3al
[2026-05-15 12:58:23] [INFO]       OK   a060615_230753.rf.pcm: sb0:70al
[2026-05-15 12:58:23] [INFO]       OK   a060615_205543.rf.pcm: sb0:80al
[2026-05-15 12:58:23] [INFO]       OK   a060616_001254.rf.pcm: sb0:6al
[2026-05-15 12:58:23] [INFO]       OK   a060616_012013.rf.pcm: sb0:89al
[2026-05-15 12:58:23] [INFO]       OK   a060617_225343.rf.pcm: sb0:36al
[2026-05-15 12:58:23] [INFO]       OK   a060616_220457.rf.pcm: sb0:44al
[2026-05-15 12:58:23] [INFO]       OK   a060613_234704.rf.pcm: sb0:237al
[2026-05-15 12:58:23] [INFO]       OK   a060617_220233.rf.pcm: sb0:74al
[2026-05-15 12:58:23] [INFO]       OK   a060616_023703.rf.pcm: sb0:155al
[2026-05-15 12:58:23] [INFO]       OK   a060620_233604.rf.pcm: sb0:8al
[2026-05-15 12:58:23] [INFO]       OK   a060616_204633.rf.pcm: sb0:286al
[2026-05-15 12:58:23] [INFO]       OK   a060620_222653.rf.pcm: sb0:83al
[2026-05-15 12:58:23] [INFO]       OK   a060630_200824.rf.pcm: sb0:87al
[2026-05-15 12:58:23] [INFO]       OK   a060617_205613.rf.pcm: sb0:231al
[2026-05-15 12:58:23] [INFO]       OK   a060619_211543.rf.pcm: sb0:256al
[2026-05-15 12:58:23] [INFO]       OK   a060618_220343.rf.pcm: sb0:331al
[2026-05-15 12:58:23] [INFO]       OK   a060619_221839.rf.pcm: sb0:346al
[2026-05-15 12:58:23] [INFO]       OK   a060702_232543.rf.pcm: sb0:68al
[2026-05-15 12:58:23] [INFO]       OK   a060702_035211.rf.pcm: sb0:71al
[2026-05-15 12:58:23] [INFO]       OK   a060701_202844.rf.pcm: sb0:76al
[2026-05-15 12:58:23] [INFO]       OK   a060703_003133.rf.pcm: sb0:80al
[2026-05-15 12:58:23] [INFO]       OK   a060630_185643.rf.pcm: sb0:393al
[2026-05-15 12:58:23] [INFO]       OK   a060703_013728.rf.pcm: sb0:3al
[2026-05-15 12:58:23] [INFO]       OK   a060703_221143.rf.pcm: sb0:4al
[2026-05-15 12:58:23] [INFO]       OK   a060630_210521.rf.pcm: sb0:341al
[2026-05-15 12:58:23] [INFO]       OK   a060701_192313.rf.pcm: sb0:358al
[2026-05-15 12:58:23] [INFO]       OK   a060704_004554.rf.pcm: sb0:90al
[2026-05-15 12:58:23] [INFO]       OK   a060724_184638.rf.pcm: sb0:0al
[2026-05-15 12:58:23] [INFO]       OK   a060630_232432.rf.pcm: sb0:435al
[2026-05-15 12:58:23] [INFO]       OK   a060724_195200.rf.pcm: sb0:24al
[2026-05-15 12:58:23] [INFO]       OK   a060724_172405.rf.pcm: sb0:148al
[2026-05-15 12:58:23] [INFO]       OK   a060724_201021.rf.pcm: sb0:29al
[2026-05-15 12:58:23] [INFO]       OK   a060703_234004.rf.pcm: sb0:282al
[2026-05-15 12:58:23] [INFO]       OK   a060725_183236.rf.pcm: sb0:112al
[2026-05-15 12:58:23] [INFO]       OK   a060715_215514.rf.pcm: sb0:308al
[2026-05-15 12:58:23] [INFO]       OK   a060725_193813.rf.pcm: sb0:126al
[2026-05-15 12:58:23] [INFO]       OK   a060726_175301.rf.pcm: sb0:122al
[2026-05-15 12:58:23] [INFO]       OK   a060715_230514.rf.pcm: sb0:251al
[2026-05-15 12:58:23] [INFO]       OK   a060818_193159.rf.pcm: sb0:8al
[2026-05-15 12:58:23] [INFO]       OK   a060726_185754.rf.pcm: sb0:138al
[2026-05-15 12:58:23] [INFO]       SKIP a060820_220317.rf.pcm: too small (11x512)
[2026-05-15 12:58:23] [INFO]       OK   a060819_174437.rf.pcm: sb0:78al
[2026-05-15 12:58:23] [INFO]       OK   a060716_001324.rf.pcm: sb0:346al
[2026-05-15 12:58:23] [INFO]       OK   a060820_164308.rf.pcm: sb0:37al
[2026-05-15 12:58:23] [INFO]       OK   a060716_231944.rf.pcm: sb0:273al
[2026-05-15 12:58:23] [INFO]       OK   a060820_210141.rf.pcm: sb0:84al
[2026-05-15 12:58:23] [INFO]       OK   a060915_175029.rf.pcm: sb0:6al
[2026-05-15 12:58:23] [INFO]       OK   a060915_164957.rf.pcm: sb0:70al
[2026-05-15 12:58:23] [INFO]       OK   a060915_185059.rf.pcm: sb0:11al
[2026-05-15 12:58:23] [INFO]       OK   a060915_195839.rf.pcm: sb0:60al
[2026-05-15 12:58:23] [INFO]       SKIP a061003_144219.rf.pcm: too small (10x512)
[2026-05-15 12:58:23] [INFO]       OK   a060913_212259.rf.pcm: sb0:101al
[2026-05-15 12:58:23] [INFO]       OK   a060820_213100.rf.pcm: sb0:71al
[2026-05-15 12:58:23] [INFO]       OK   a060916_161147.rf.pcm: sb0:81al
[2026-05-15 12:58:23] [INFO]       SKIP a061003_193911.rf.pcm: too small (14x512)
[2026-05-15 12:58:23] [INFO]       SKIP a061003_195939.rf.pcm: too small (12x512)
[2026-05-15 12:58:23] [INFO]       OK   a060916_170957.rf.pcm: sb0:63al
[2026-05-15 12:58:23] [INFO]       OK   a060807_171759.rf.pcm: sb0:261al
[2026-05-15 12:58:23] [INFO]       OK   a060913_190500.rf.pcm: sb0:241al
[2026-05-15 12:58:23] [INFO]       OK   a061003_210101.rf.pcm: sb0:63al
[2026-05-15 12:58:23] [INFO]       OK   a061003_201430.rf.pcm: sb0:16al
[2026-05-15 12:58:23] [INFO]       OK   a060913_201049.rf.pcm: sb0:343al
[2026-05-15 12:58:23] [INFO]       OK   a061004_124543.rf.pcm: sb0:159al
[2026-05-15 12:58:24] [INFO]       OK   a061004_174549.rf.pcm: sb0:3al
[2026-05-15 12:58:24] [INFO]       OK   a061004_170309.rf.pcm: sb0:83al
[2026-05-15 12:58:24] [INFO]       OK   a061003_150437.rf.pcm: sb0:271al
[2026-05-15 12:58:24] [INFO]       OK   a061003_164929.rf.pcm: sb0:282al
[2026-05-15 12:58:24] [INFO]       OK   a061004_185837.rf.pcm: sb0:16al
[2026-05-15 12:58:24] [INFO]       OK   a061003_183019.rf.pcm: sb0:308al
[2026-05-15 12:58:24] [INFO]       OK   a061005_160059.rf.pcm: sb0:31al
[2026-05-15 12:58:24] [INFO]       OK   a061005_184829.rf.pcm: sb0:29al
[2026-05-15 12:58:24] [INFO]       OK   a061004_134614.rf.pcm: sb0:317al
[2026-05-15 12:58:24] [INFO]       OK   a061005_205619.rf.pcm: sb0:26al
[2026-05-15 12:58:24] [INFO]       OK   a061004_152323.rf.pcm: sb0:303al
[2026-05-15 12:58:24] [INFO]       OK   a061005_215009.rf.pcm: sb0:100al
[2026-05-15 12:58:24] [INFO]       OK   a061005_145228.rf.pcm: sb0:147al
[2026-05-15 12:58:24] [INFO]       OK   a061005_162929.rf.pcm: sb0:268al
[2026-05-15 12:58:24] [INFO]       OK   a061005_133658.rf.pcm: sb0:169al
[2026-05-15 12:58:24] [INFO]       OK   a061005_173749.rf.pcm: sb0:254al
[2026-05-15 12:58:24] [INFO]       OK   a061005_222722.rf.pcm: sb0:95al
[2026-05-15 12:58:24] [INFO]       OK   a061018_183651.rf.pcm: sb0:91al
[2026-05-15 12:58:24] [INFO]       OK   a061005_192521.rf.pcm: sb0:217al
[2026-05-15 12:58:24] [INFO]       OK   a061019_170752.rf.pcm: sb0:86al
[2026-05-15 12:58:24] [INFO]       OK   a061104_171410.rf.pcm: sb0:84al
[2026-05-15 12:58:24] [INFO]       OK   a061018_165429.rf.pcm: sb0:286al
[2026-05-15 12:58:24] [INFO]       OK   a061019_211417.rf.pcm: sb0:179al
[2026-05-15 12:58:24] [INFO]       OK   a061019_123609.rf.pcm: sb0:293al
[2026-05-15 12:58:24] [INFO]       OK   a061019_182850.rf.pcm: sb0:267al
[2026-05-15 12:58:24] [INFO]       OK   a061216_100637.rf.pcm: sb0:28al
[2026-05-15 12:58:24] [INFO]       OK   a061101_143909.rf.pcm: sb0:249al
[2026-05-15 12:58:24] [INFO]       SKIP a061217_132209.rf.pcm: too small (12x512)
[2026-05-15 12:58:24] [INFO]       OK   a061102_192139.rf.pcm: sb0:238al
[2026-05-15 12:58:24] [INFO]       OK   a061216_082359.rf.pcm: sb0:150al
[2026-05-15 12:58:24] [INFO]       OK   a061217_143119.rf.pcm: sb0:15al
[2026-05-15 12:58:24] [INFO]       OK   a061103_194838.rf.pcm: sb0:266al
[2026-05-15 12:58:24] [INFO]       OK   a061217_161937.rf.pcm: sb0:3al
[2026-05-15 12:58:24] [INFO]       OK   a061217_113847.rf.pcm: sb0:42al
[2026-05-15 12:58:24] [INFO]       OK   a061125_184500.rf.pcm: sb0:195al
[2026-05-15 12:58:24] [INFO]       OK   a061217_175529.rf.pcm: sb0:45al
[2026-05-15 12:58:24] [INFO]       OK   a061218_122349.rf.pcm: sb0:84al
[2026-05-15 12:58:24] [INFO]       OK   a061225_112138.rf.pcm: sb0:73al
[2026-05-15 12:58:24] [INFO]       OK   a061225_101417.rf.pcm: sb0:86al
[2026-05-15 12:58:24] [INFO]       OK   a061216_103207.rf.pcm: sb0:256al
[2026-05-15 12:58:24] [INFO]       OK   a061226_135539.rf.pcm: sb0:13al
[2026-05-15 12:58:24] [INFO]       OK   a061226_124820.rf.pcm: sb0:74al
[2026-05-15 12:58:24] [INFO]       OK   a061217_084339.rf.pcm: sb0:270al
[2026-05-15 12:58:24] [INFO]       OK   a061227_091852.rf.pcm: sb0:68al
[2026-05-15 12:58:24] [INFO]       OK   a061225_123919.rf.pcm: sb0:228al
[2026-05-15 12:58:24] [INFO]       OK   a061225_134607.rf.pcm: sb0:275al
[2026-05-15 12:58:24] [INFO]       OK   a061227_111859.rf.pcm: sb0:6al
[2026-05-15 12:58:24] [INFO]       OK   a061226_090428.rf.pcm: sb0:323al
[2026-05-15 12:58:24] [INFO]       OK   a061226_102237.rf.pcm: sb0:275al
[2026-05-15 12:58:24] [INFO]       OK   a061228_084759.rf.pcm: sb0:7al
[2026-05-15 12:58:24] [INFO]       OK   a061226_113309.rf.pcm: sb0:232al
[2026-05-15 12:58:24] [INFO]       OK   a061227_102147.rf.pcm: sb0:191al
[2026-05-15 12:58:24] [INFO]       OK   a061227_132307.rf.pcm: sb0:68al
[2026-05-15 12:58:25] [INFO]       OK   a061228_135520.rf.pcm: sb0:59al
[2026-05-15 12:58:25] [INFO]       OK   a061228_102307.rf.pcm: sb0:100al
[2026-05-15 12:58:25] [INFO]       OK   a061227_121549.rf.pcm: sb0:256al
[2026-05-15 12:58:25] [INFO]       OK   a061229_085120.rf.pcm: sb0:86al
[2026-05-15 12:58:25] [INFO]       OK   a061229_125300.rf.pcm: sb0:8al
[2026-05-15 12:58:25] [INFO]       OK   a061230_085426.rf.pcm: sb0:26al
[2026-05-15 12:58:25] [INFO]       OK   a061229_100627.rf.pcm: sb0:49al
[2026-05-15 12:58:25] [INFO]       OK   a061229_105210.rf.pcm: sb0:158al
[2026-05-15 12:58:25] [INFO]       OK   a061228_091119.rf.pcm: sb0:313al
[2026-05-15 12:58:25] [INFO]       OK   a061230_103808.rf.pcm: sb0:6al
[2026-05-15 12:58:25] [INFO]       OK   a061228_113409.rf.pcm: sb0:258al
[2026-05-15 12:58:25] [INFO]       OK   a061230_112939.rf.pcm: sb0:8al
[2026-05-15 12:58:25] [INFO]       OK   a061230_122209.rf.pcm: sb0:50al
[2026-05-15 12:58:25] [INFO]       OK   a061228_124359.rf.pcm: sb0:332al
[2026-05-15 12:58:25] [INFO]       OK   a061230_094650.rf.pcm: sb0:169al
[2026-05-15 12:58:25] [INFO]       OK   a061231_082820.rf.pcm: sb0:43al
[2026-05-15 12:58:25] [INFO]       OK   a061229_114528.rf.pcm: sb0:230al
[2026-05-15 12:58:25] [INFO]       OK   a061231_124829.rf.pcm: sb0:52al
[2026-05-15 12:58:25] [INFO]       OK   a061231_154619.rf.pcm: sb0:39al
[2026-05-15 12:58:25] [INFO]       OK   a061231_071729.rf.pcm: sb0:10al
[2026-05-15 12:58:25] [INFO]       OK   a061231_134039.rf.pcm: sb0:6al
[2026-05-15 12:58:25] [INFO]       OK   a061231_144629.rf.pcm: sb0:106al
[2026-05-15 12:58:25] [INFO]       OK   a061231_092039.rf.pcm: sb0:220al
[2026-05-15 12:58:25] [INFO]       OK   a070101_132549.rf.pcm: sb0:77al
[2026-05-15 12:58:25] [INFO]       SKIP a070119_110919.rf.pcm: too small (13x128)
[2026-05-15 12:58:25] [INFO]       OK   a061231_103348.rf.pcm: sb0:209al
[2026-05-15 12:58:25] [INFO]       OK   a070101_123329.rf.pcm: sb0:54al
[2026-05-15 12:58:25] [INFO]       OK   a070119_074419.rf.pcm: sb0:24al
[2026-05-15 12:58:25] [INFO]       OK   a070120_080030.rf.pcm: sb0:82al
[2026-05-15 12:58:25] [INFO]       OK   a070120_105920.rf.pcm: sb0:94al
[2026-05-15 12:58:25] [INFO]       OK   a070101_094038.rf.pcm: sb0:234al
[2026-05-15 12:58:25] [INFO]       OK   a070121_074417.rf.pcm: sb0:78al
[2026-05-15 12:58:25] [INFO]       OK   a070121_100909.rf.pcm: sb0:80al
[2026-05-15 12:58:25] [INFO]       SKIP a070206_141259.rf.pcm: too small (13x128)
[2026-05-15 12:58:25] [INFO]       OK   a061231_113910.rf.pcm: sb0:255al
[2026-05-15 12:58:25] [INFO]       OK   a070206_065149.rf.pcm: sb0:86al
[2026-05-15 12:58:25] [INFO]       OK   a070121_115350.rf.pcm: sb0:88al
[2026-05-15 12:58:25] [INFO]       OK   a070118_070948.rf.pcm: sb0:265al
[2026-05-15 12:58:25] [INFO]       OK   a070119_092629.rf.pcm: sb0:233al
[2026-05-15 12:58:25] [INFO]       OK   a070205_064640.rf.pcm: sb0:241al
[2026-05-15 12:58:25] [INFO]       OK   a070205_051128.rf.pcm: sb0:263al
[2026-05-15 12:58:25] [INFO]       OK   a070218_094239.rf.pcm: sb0:103al
[2026-05-15 12:58:25] [INFO]       OK   a070226_051149.rf.pcm: sb0:93al
[2026-05-15 12:58:25] [INFO]       OK   a070226_062008.rf.pcm: sb0:82al
[2026-05-15 12:58:25] [INFO]       OK   a070207_135929.rf.pcm: sb0:260al
[2026-05-15 12:58:25] [INFO]       OK   a070207_091449.rf.pcm: sb0:217al
[2026-05-15 12:58:25] [INFO]       OK   a070226_072828.rf.pcm: sb0:89al
[2026-05-15 12:58:25] [INFO]       OK   a070207_080856.rf.pcm: sb0:287al
[2026-05-15 12:58:25] [INFO]       OK   a070226_094507.rf.pcm: sb0:5al
[2026-05-15 12:58:25] [INFO]       OK   a070226_083648.rf.pcm: sb0:89al
[2026-05-15 12:58:25] [INFO]       OK   a070208_052129.rf.pcm: sb0:229al
[2026-05-15 12:58:25] [INFO]       OK   a070227_053246.rf.pcm: sb0:5al
[2026-05-15 12:58:26] [INFO]       OK   a070217_075949.rf.pcm: sb0:253al
[2026-05-15 12:58:26] [INFO]       OK   a070228_072429.rf.pcm: sb0:25al
[2026-05-15 12:58:26] [INFO]       OK   a070228_061606.rf.pcm: sb0:14al
[2026-05-15 12:58:26] [INFO]       OK   a070227_085528.rf.pcm: sb0:60al
[2026-05-15 12:58:26] [INFO]       OK   a070228_083918.rf.pcm: sb0:83al
[2026-05-15 12:58:26] [INFO]       OK   a070301_033029.rf.pcm: sb0:88al
[2026-05-15 12:58:26] [INFO]       OK   a070227_064106.rf.pcm: sb0:104al
[2026-05-15 12:58:26] [INFO]       OK   a070301_081358.rf.pcm: sb0:7al
[2026-05-15 12:58:26] [INFO]       OK   a070301_092218.rf.pcm: sb0:42al
[2026-05-15 12:58:26] [INFO]       OK   a070301_055718.rf.pcm: sb0:72al
[2026-05-15 12:58:26] [INFO]       SKIP a070303_032430.rf.pcm: too small (11x128)
[2026-05-15 12:58:26] [INFO]       OK   a070301_043848.rf.pcm: sb0:53al
[2026-05-15 12:58:26] [INFO]       OK   a070301_070538.rf.pcm: sb0:86al
[2026-05-15 12:58:26] [INFO]       OK   a070302_041318.rf.pcm: sb0:75al
[2026-05-15 12:58:26] [INFO]       OK   a070302_052138.rf.pcm: sb0:9al
[2026-05-15 12:58:26] [INFO]       OK   a070303_034619.rf.pcm: sb0:17al
[2026-05-15 12:58:26] [INFO]       OK   a070302_062956.rf.pcm: sb0:104al
[2026-05-15 12:58:26] [INFO]       OK   a070302_084638.rf.pcm: sb0:99al
[2026-05-15 12:58:26] [INFO]       OK   a070302_073816.rf.pcm: sb0:65al
[2026-05-15 12:58:26] [INFO]       OK   a070303_043408.rf.pcm: sb0:93al
[2026-05-15 12:58:26] [INFO]       OK   a070303_090726.rf.pcm: sb0:49al
[2026-05-15 12:58:26] [INFO]       OK   a070303_054226.rf.pcm: sb0:73al
[2026-05-15 12:58:26] [INFO]       OK   a070303_095750.rf.pcm: sb0:28al
[2026-05-15 12:58:26] [INFO]       OK   a070303_075908.rf.pcm: sb0:85al
[2026-05-15 12:58:26] [INFO]       OK   a070303_065046.rf.pcm: sb0:104al
[2026-05-15 12:58:26] [INFO]       OK   a070304_032428.rf.pcm: sb0:67al
[2026-05-15 12:58:26] [INFO]       OK   a070304_043248.rf.pcm: sb0:71al
[2026-05-15 12:58:26] [INFO]       OK   a070308_072500.rf.pcm: sb0:85al
[2026-05-15 12:58:26] [INFO]       OK   a070309_024808.rf.pcm: sb0:84al
[2026-05-15 12:58:26] [INFO]       OK   a070304_054106.rf.pcm: sb0:97al
[2026-05-15 12:58:26] [INFO]       OK   a070309_050650.rf.pcm: sb0:3al
[2026-05-15 12:58:26] [INFO]       OK   a070309_035530.rf.pcm: sb0:79al
[2026-05-15 12:58:26] [INFO]       OK   a070310_022107.rf.pcm: sb0:3al
[2026-05-15 12:58:26] [INFO]       OK   a070310_032829.rf.pcm: sb0:108al
[2026-05-15 12:58:26] [INFO]       OK   a070310_043657.rf.pcm: sb0:79al
[2026-05-15 12:58:26] [INFO]       OK   a070311_030849.rf.pcm: sb0:87al
[2026-05-15 12:58:26] [INFO]       OK   a070311_054257.rf.pcm: sb0:4al
[2026-05-15 12:58:26] [INFO]       OK   a070311_042849.rf.pcm: sb0:99al
[2026-05-15 12:58:26] [INFO]       OK   a070311_065019.rf.pcm: sb0:6al
[2026-05-15 12:58:26] [INFO]       OK   a070313_074749.rf.pcm: sb0:27al
[2026-05-15 12:58:26] [INFO]       OK   a070313_062439.rf.pcm: sb0:85al
[2026-05-15 12:58:26] [INFO]       OK   a070313_051717.rf.pcm: sb0:109al
[2026-05-15 12:58:26] [INFO]       OK   a070314_032519.rf.pcm: sb0:83al
[2026-05-15 12:58:26] [INFO]       OK   a070307_054057.rf.pcm: sb0:312al
[2026-05-15 12:58:26] [INFO]       OK   a070314_054137.rf.pcm: sb0:76al
[2026-05-15 12:58:26] [INFO]       OK   a070314_043419.rf.pcm: sb0:93al
[2026-05-15 12:58:26] [INFO]       OK   a070315_082009.rf.pcm: sb0:4al
[2026-05-15 12:58:26] [INFO]       OK   a070316_090131.rf.pcm: sb0:9al
[2026-05-15 12:58:26] [INFO]       OK   a070314_064916.rf.pcm: sb0:72al
[2026-05-15 12:58:26] [INFO]       OK   a070315_071247.rf.pcm: sb0:94al
[2026-05-15 12:58:26] [INFO]       OK   a070316_075249.rf.pcm: sb0:80al
[2026-05-15 12:58:26] [INFO]       OK   a070316_064529.rf.pcm: sb0:83al
[2026-05-15 12:58:26] [INFO]       OK   a070310_071209.rf.pcm: sb0:289al
[2026-05-15 12:58:26] [INFO]       OK   a070317_034739.rf.pcm: sb0:82al
[2026-05-15 12:58:26] [INFO]       OK   a070317_060340.rf.pcm: sb0:3al
[2026-05-15 12:58:26] [INFO]       OK   a070317_045459.rf.pcm: sb0:82al
[2026-05-15 12:58:26] [INFO]       OK   a070317_071100.rf.pcm: sb0:92al
[2026-05-15 12:58:26] [INFO]       OK   a070317_092640.rf.pcm: sb0:3al
[2026-05-15 12:58:26] [INFO]       OK   a070318_090340.rf.pcm: sb0:14al
[2026-05-15 12:58:26] [INFO]       SKIP a070318_111300.rf.pcm: too small (10x128)
[2026-05-15 12:58:26] [INFO]       OK   a070317_114239.rf.pcm: sb0:41al
[2026-05-15 12:58:26] [INFO]       OK   a070317_081919.rf.pcm: sb0:82al
[2026-05-15 12:58:26] [INFO]       OK   a070312_073729.rf.pcm: sb0:292al
[2026-05-15 12:58:26] [INFO]       OK   a070317_103520.rf.pcm: sb0:83al
[2026-05-15 12:58:26] [INFO]       OK   a070318_104540.rf.pcm: sb0:7al
[2026-05-15 12:58:26] [INFO]       OK   a070318_092426.rf.pcm: sb0:7al
[2026-05-15 12:58:26] [INFO]       OK   a070318_075543.rf.pcm: sb0:93al
[2026-05-15 12:58:26] [INFO]       SKIP a070416_082118.rf.pcm: too small (12x512)
[2026-05-15 12:58:26] [INFO]       OK   a070411_070502.rf.pcm: sb0:5al
[2026-05-15 12:58:26] [INFO]       OK   a070412_040407.rf.pcm: sb0:62al
[2026-05-15 12:58:26] [INFO]       OK   a070412_051549.rf.pcm: sb0:73al
[2026-05-15 12:58:26] [INFO]       OK   a070412_085359.rf.pcm: sb0:8al
[2026-05-15 12:58:26] [INFO]       SKIP a070417_033642.rf.pcm: too small (11x512)
[2026-05-15 12:58:26] [INFO]       SKIP a070417_060939.rf.pcm: too small (12x512)
[2026-05-15 12:58:26] [INFO]       OK   a070414_073649.rf.pcm: sb0:17al
[2026-05-15 12:58:26] [INFO]       SKIP a070417_091018.rf.pcm: too small (10x512)
[2026-05-15 12:58:26] [INFO]       OK   a070416_091552.rf.pcm: sb0:5al
[2026-05-15 12:58:26] [INFO]       OK   a070416_094901.rf.pcm: sb0:36al
[2026-05-15 12:58:26] [INFO]       OK   a070413_023416.rf.pcm: sb0:7al
[2026-05-15 12:58:26] [INFO]       SKIP a070502_023318.rf.pcm: too small (15x512)
[2026-05-15 12:58:26] [INFO]       SKIP a070502_033108.rf.pcm: too small (15x512)
[2026-05-15 12:58:26] [INFO]       SKIP a070502_035700.rf.pcm: too small (15x512)
[2026-05-15 12:58:26] [INFO]       SKIP a070502_042940.rf.pcm: too small (13x128)
[2026-05-15 12:58:26] [INFO]       OK   a070416_083450.rf.pcm: sb0:155al
[2026-05-15 12:58:26] [INFO]       SKIP a070502_054139.rf.pcm: too small (15x512)
[2026-05-15 12:58:26] [INFO]       SKIP a070502_080537.rf.pcm: too small (15x512)
[2026-05-15 12:58:26] [INFO]       OK   a070417_095113.rf.pcm: sb0:72al
[2026-05-15 12:58:26] [INFO]       OK   a070502_044907.rf.pcm: sb0:4al
[2026-05-15 12:58:26] [INFO]       OK   a070502_083427.rf.pcm: sb0:15al
[2026-05-15 12:58:26] [INFO]       SKIP a070502_090309.rf.pcm: too small (15x512)
[2026-05-15 12:58:26] [INFO]       SKIP a070503_041441.rf.pcm: too small (12x128)
[2026-05-15 12:58:26] [INFO]       SKIP a070504_023047.rf.pcm: too small (15x512)
[2026-05-15 12:58:26] [INFO]       SKIP a070504_025037.rf.pcm: too small (15x512)
[2026-05-15 12:58:26] [INFO]       SKIP a070504_055121.rf.pcm: too small (15x512)
[2026-05-15 12:58:26] [INFO]       SKIP a070504_050329.rf.pcm: too small (15x512)
[2026-05-15 12:58:26] [INFO]       SKIP a070504_074809.rf.pcm: too small (15x512)
[2026-05-15 12:58:26] [INFO]       SKIP a070504_082739.rf.pcm: too small (15x512)
[2026-05-15 12:58:26] [INFO]       SKIP a070504_080757.rf.pcm: too small (15x512)
[2026-05-15 12:58:26] [INFO]       SKIP a070504_234249.rf.pcm: too small (15x512)
[2026-05-15 12:58:26] [INFO]       OK   a070410_035129.rf.pcm: sb0:298al
[2026-05-15 12:58:26] [INFO]       SKIP a070505_040701.rf.pcm: too small (15x512)
[2026-05-15 12:58:26] [INFO]       SKIP a070505_071659.rf.pcm: too small (15x512)
[2026-05-15 12:58:26] [INFO]       OK   a070417_081731.rf.pcm: sb0:154al
[2026-05-15 12:58:26] [INFO]       OK   a070417_021158.rf.pcm: sb0:192al
[2026-05-15 12:58:26] [INFO]       OK   a070505_011959.rf.pcm: sb0:91al
[2026-05-15 12:58:26] [INFO]       OK   a070506_025334.rf.pcm: sb0:6al
[2026-05-15 12:58:26] [INFO]       OK   a070506_024459.rf.pcm: sb0:97al
[2026-05-15 12:58:26] [INFO]       OK   a070501_232519.rf.pcm: sb0:6al
[2026-05-15 12:58:26] [INFO]       OK   a070506_030214.rf.pcm: sb0:5al
[2026-05-15 12:58:26] [INFO]       OK   a070506_031054.rf.pcm: sb0:8al
[2026-05-15 12:58:26] [INFO]       OK   a070506_033054.rf.pcm: sb0:6al
[2026-05-15 12:58:26] [INFO]       OK   a070506_032218.rf.pcm: sb0:85al
[2026-05-15 12:58:26] [INFO]       OK   a070506_034814.rf.pcm: sb0:5al
[2026-05-15 12:58:26] [INFO]       OK   a070506_033935.rf.pcm: sb0:4al
[2026-05-15 12:58:26] [INFO]       OK   a070501_053739.rf.pcm: sb0:261al
[2026-05-15 12:58:26] [INFO]       OK   a070506_072219.rf.pcm: sb0:88al
[2026-05-15 12:58:26] [INFO]       OK   a070506_074815.rf.pcm: sb0:4al
[2026-05-15 12:58:26] [INFO]       OK   a070506_073055.rf.pcm: sb0:86al
[2026-05-15 12:58:26] [INFO]       OK   a070506_080815.rf.pcm: sb0:3al
[2026-05-15 12:58:26] [INFO]       OK   a070506_075939.rf.pcm: sb0:101al
[2026-05-15 12:58:26] [INFO]       OK   a070506_073934.rf.pcm: sb0:92al
[2026-05-15 12:58:26] [INFO]       OK   a070506_081655.rf.pcm: sb0:69al
[2026-05-15 12:58:26] [INFO]       OK   a070507_022454.rf.pcm: sb0:6al
[2026-05-15 12:58:26] [INFO]       OK   a070507_021614.rf.pcm: sb0:7al
[2026-05-15 12:58:26] [INFO]       OK   a070507_020739.rf.pcm: sb0:80al
[2026-05-15 12:58:26] [INFO]       OK   a070507_023334.rf.pcm: sb0:6al
[2026-05-15 12:58:26] [INFO]       OK   a070507_025334.rf.pcm: sb0:5al
[2026-05-15 12:58:26] [INFO]       OK   a070505_000439.rf.pcm: sb0:238al
[2026-05-15 12:58:26] [INFO]       OK   a070505_023559.rf.pcm: sb0:186al
[2026-05-15 12:58:26] [INFO]       OK   a070507_024459.rf.pcm: sb0:92al
[2026-05-15 12:58:26] [INFO]       OK   a070507_030214.rf.pcm: sb0:8al
[2026-05-15 12:58:27] [INFO]       OK   a070507_031055.rf.pcm: sb0:4al
[2026-05-15 12:58:27] [INFO]       OK   a070521_062140.rf.pcm: sb0:11al
[2026-05-15 12:58:27] [INFO]       OK   a070521_010858.rf.pcm: sb0:8al
[2026-05-15 12:58:27] [INFO]       OK   a070519_001409.rf.pcm: sb0:4al
[2026-05-15 12:58:27] [INFO]       OK   a070519_062231.rf.pcm: sb0:274al
[2026-05-15 12:58:27] [INFO]       OK   a070522_004659.rf.pcm: sb0:59al
[2026-05-15 12:58:27] [INFO]       OK   a070521_040327.rf.pcm: sb0:10al
[2026-05-15 12:58:27] [INFO]       OK   a070521_022940.rf.pcm: sb0:13al
[2026-05-15 12:58:27] [INFO]       OK   a070522_073040.rf.pcm: sb0:130al
[2026-05-15 12:58:27] [INFO]       OK   a070521_051338.rf.pcm: sb0:500al
[2026-05-15 12:58:27] [INFO]       OK   a070521_223139.rf.pcm: sb0:515al
[2026-05-15 12:58:27] [INFO]       OK   a070521_233919.rf.pcm: sb0:542al
[2026-05-15 12:58:27] [INFO]       OK   a070522_040738.rf.pcm: sb0:515al
[2026-05-15 12:58:27] [INFO]       OK   a070522_062240.rf.pcm: sb0:487al
[2026-05-15 12:58:27] [INFO]       OK   a070522_051520.rf.pcm: sb0:502al
[2026-05-15 12:58:27] [INFO]       OK   a070522_221649.rf.pcm: sb0:504al
[2026-05-15 12:58:27] [INFO]       OK   a070523_221729.rf.pcm: sb0:111al
[2026-05-15 12:58:27] [INFO]       OK   a070523_060810.rf.pcm: sb0:160al
[2026-05-15 12:58:27] [INFO]       OK   a070522_232409.rf.pcm: sb0:481al
[2026-05-15 12:58:27] [INFO]       OK   a070523_035328.rf.pcm: sb0:36al
[2026-05-15 12:58:27] [INFO]       OK   a070523_003127.rf.pcm: sb0:491al
[2026-05-15 12:58:27] [INFO]       OK   a070523_013849.rf.pcm: sb0:535al
[2026-05-15 12:58:27] [INFO]       OK   a070524_062439.rf.pcm: sb0:125al
[2026-05-15 12:58:27] [INFO]       OK   a070523_024611.rf.pcm: sb0:531al
[2026-05-15 12:58:27] [INFO]       OK   a070523_050048.rf.pcm: sb0:508al
[2026-05-15 12:58:27] [INFO]       OK   a070524_224038.rf.pcm: sb0:132al
[2026-05-15 12:58:27] [INFO]       OK   a070524_040957.rf.pcm: sb0:7al
[2026-05-15 12:58:27] [INFO]       OK   a070524_234151.rf.pcm: sb0:9al
[2026-05-15 12:58:27] [INFO]       OK   a070525_004908.rf.pcm: sb0:271al
[2026-05-15 12:58:27] [INFO]       OK   a070524_051720.rf.pcm: sb0:543al
[2026-05-15 12:58:27] [INFO]       OK   a070524_213319.rf.pcm: sb0:421al
[2026-05-15 12:58:27] [INFO]       OK   a070528_000358.rf.pcm: sb0:478al
[2026-05-15 12:58:27] [INFO]       SKIP a070530_221558.rf.pcm: too small (14x512)
[2026-05-15 12:58:28] [INFO]       OK   a070530_003430.rf.pcm: sb0:8al
[2026-05-15 12:58:28] [INFO]       OK   a070527_225630.rf.pcm: sb0:507al
[2026-05-15 12:58:28] [INFO]       OK   a070527_214910.rf.pcm: sb0:542al
[2026-05-15 12:58:28] [INFO]       OK   a070529_211218.rf.pcm: sb0:534al
[2026-05-15 12:58:28] [INFO]       OK   a070529_221940.rf.pcm: sb0:513al
[2026-05-15 12:58:28] [INFO]       OK   a070529_232708.rf.pcm: sb0:502al
[2026-05-15 12:58:28] [INFO]       OK   a070531_220626.rf.pcm: sb0:21al
[2026-05-15 12:58:28] [INFO]       OK   a070530_230938.rf.pcm: sb0:534al
[2026-05-15 12:58:28] [INFO]       OK   a070603_221207.rf.pcm: sb0:3al
[2026-05-15 12:58:28] [INFO]       OK   a070531_021522.rf.pcm: sb0:389al
[2026-05-15 12:58:28] [INFO]       OK   a070530_210838.rf.pcm: sb0:518al
[2026-05-15 12:58:28] [INFO]       OK   a070531_001700.rf.pcm: sb0:513al
[2026-05-15 12:58:28] [INFO]       OK   a070601_001307.rf.pcm: sb0:10al
[2026-05-15 12:58:28] [INFO]       OK   a070531_230754.rf.pcm: sb0:467al
[2026-05-15 12:58:28] [INFO]       SKIP a070607_211017.rf.pcm: too small (12x512)
[2026-05-15 12:58:28] [INFO]       OK   a070606_000628.rf.pcm: sb0:79al
[2026-05-15 12:58:28] [INFO]       OK   a070603_232134.rf.pcm: sb0:9al
[2026-05-15 12:58:28] [INFO]       OK   a070607_212958.rf.pcm: sb0:75al
[2026-05-15 12:58:28] [INFO]       OK   a070607_223719.rf.pcm: sb0:91al
[2026-05-15 12:58:28] [INFO]       OK   a070608_005319.rf.pcm: sb0:19al
[2026-05-15 12:58:28] [INFO]       OK   a070603_210337.rf.pcm: sb0:485al
[2026-05-15 12:58:28] [INFO]       OK   a070607_234546.rf.pcm: sb0:81al
[2026-05-15 12:58:28] [INFO]       OK   a070605_002307.rf.pcm: sb0:253al
[2026-05-15 12:58:28] [INFO]       OK   a070608_210018.rf.pcm: sb0:86al
[2026-05-15 12:58:28] [INFO]       OK   a070608_220740.rf.pcm: sb0:82al
[2026-05-15 12:58:28] [INFO]       SKIP a070610_002129.rf.pcm: too small (10x128)
[2026-05-15 12:58:28] [INFO]       OK   a070608_231607.rf.pcm: sb0:82al
[2026-05-15 12:58:28] [INFO]       OK   a070605_043640.rf.pcm: sb0:236al
[2026-05-15 12:58:28] [INFO]       OK   a070604_003012.rf.pcm: sb0:537al
[2026-05-15 12:58:28] [INFO]       OK   a070609_205817.rf.pcm: sb0:65al
[2026-05-15 12:58:28] [INFO]       OK   a070609_220539.rf.pcm: sb0:82al
[2026-05-15 12:58:28] [INFO]       OK   a070605_025627.rf.pcm: sb0:522al
[2026-05-15 12:58:28] [INFO]       SKIP a070611_011833.rf.pcm: too small (12x128)
[2026-05-15 12:58:28] [INFO]       OK   a070611_001049.rf.pcm: sb0:19al
[2026-05-15 12:58:28] [INFO]       OK   a070609_231407.rf.pcm: sb0:99al
[2026-05-15 12:58:28] [INFO]       OK   a070611_010120.rf.pcm: sb0:12al
[2026-05-15 12:58:28] [INFO]       OK   a070611_010953.rf.pcm: sb0:9al
[2026-05-15 12:58:28] [INFO]       OK   a070611_012810.rf.pcm: sb0:11al
[2026-05-15 12:58:28] [INFO]       OK   a070611_013643.rf.pcm: sb0:10al
[2026-05-15 12:58:28] [INFO]       OK   a070611_014522.rf.pcm: sb0:12al
[2026-05-15 12:58:28] [INFO]       OK   a070610_204737.rf.pcm: sb0:87al
[2026-05-15 12:58:28] [INFO]       OK   a070611_015403.rf.pcm: sb0:9al
[2026-05-15 12:58:28] [INFO]       OK   a070610_215459.rf.pcm: sb0:63al
[2026-05-15 12:58:28] [INFO]       OK   a070611_021413.rf.pcm: sb0:3al
[2026-05-15 12:58:28] [INFO]       OK   a070611_020540.rf.pcm: sb0:11al
[2026-05-15 12:58:28] [INFO]       OK   a070611_022252.rf.pcm: sb0:14al
[2026-05-15 12:58:28] [INFO]       OK   a070611_023133.rf.pcm: sb0:11al
[2026-05-15 12:58:28] [INFO]       OK   a070610_230327.rf.pcm: sb0:68al
[2026-05-15 12:58:28] [INFO]       OK   a070611_215909.rf.pcm: sb0:13al
[2026-05-15 12:58:28] [INFO]       OK   a070611_205148.rf.pcm: sb0:3al
[2026-05-15 12:58:28] [INFO]       OK   a070613_220839.rf.pcm: sb0:106al
[2026-05-15 12:58:28] [INFO]       OK   a070617_211534.rf.pcm: sb0:98al
[2026-05-15 12:58:28] [INFO]       OK   a070617_194548.rf.pcm: sb0:85al
[2026-05-15 12:58:28] [INFO]       OK   a070617_215210.rf.pcm: sb0:102al
[2026-05-15 12:58:28] [INFO]       OK   a070617_203808.rf.pcm: sb0:93al
[2026-05-15 12:58:28] [INFO]       SKIP a070625_022330.rf.pcm: too small (15x512)
[2026-05-15 12:58:28] [INFO]       OK   a070617_222909.rf.pcm: sb0:71al
[2026-05-15 12:58:28] [INFO]       SKIP a070712_220819.rf.pcm: too small (10x512)
[2026-05-15 12:58:28] [INFO]       OK   a070618_002040.rf.pcm: sb0:35al
[2026-05-15 12:58:28] [INFO]       OK   a070625_015433.rf.pcm: sb0:51al
[2026-05-15 12:58:28] [INFO]       OK   a070613_210009.rf.pcm: sb0:355al
[2026-05-15 12:58:28] [INFO]       OK   a070617_230608.rf.pcm: sb0:90al
[2026-05-15 12:58:28] [INFO]       OK   a070617_234340.rf.pcm: sb0:84al
[2026-05-15 12:58:28] [INFO]       OK   a070615_232957.rf.pcm: sb0:289al
[2026-05-15 12:58:28] [INFO]       OK   a070626_212557.rf.pcm: sb0:127al
[2026-05-15 12:58:28] [INFO]       OK   a070714_023336.rf.pcm: sb0:94al
[2026-05-15 12:58:28] [INFO]       OK   a070714_192409.rf.pcm: sb0:89al
[2026-05-15 12:58:28] [INFO]       SKIP a070724_195855.rf.pcm: too small (13x512)
[2026-05-15 12:58:28] [INFO]       OK   a070714_203215.rf.pcm: sb0:78al
[2026-05-15 12:58:28] [INFO]       OK   a070715_195620.rf.pcm: sb0:93al
[2026-05-15 12:58:28] [INFO]       OK   a070715_222940.rf.pcm: sb0:36al
[2026-05-15 12:58:28] [INFO]       OK   a070716_193020.rf.pcm: sb0:23al
[2026-05-15 12:58:28] [INFO]       OK   a070715_211727.rf.pcm: sb0:9al
[2026-05-15 12:58:28] [INFO]       OK   a070716_195852.rf.pcm: sb0:86al
[2026-05-15 12:58:28] [INFO]       OK   a070714_005029.rf.pcm: sb0:249al
[2026-05-15 12:58:29] [INFO]       OK   a070724_201350.rf.pcm: sb0:195al
[2026-05-15 12:58:29] [INFO]       OK   a070804_010631.rf.pcm: sb0:6al
[2026-05-15 12:58:29] [INFO]       OK   a070803_202149.rf.pcm: sb0:330al
[2026-05-15 12:58:29] [INFO]       OK   a070803_190816.rf.pcm: sb0:15al
[2026-05-15 12:58:29] [INFO]       OK   a070813_182449.rf.pcm: sb0:106al
[2026-05-15 12:58:29] [INFO]       OK   a070803_235451.rf.pcm: sb0:3al
[2026-05-15 12:58:29] [INFO]       OK   a070725_195338.rf.pcm: sb0:292al
[2026-05-15 12:58:29] [INFO]       OK   a070803_224350.rf.pcm: sb0:285al
[2026-05-15 12:58:29] [INFO]       OK   a070803_213249.rf.pcm: sb0:296al
[2026-05-15 12:58:29] [INFO]       OK   a070811_203949.rf.pcm: sb0:221al
[2026-05-15 12:58:29] [INFO]       OK   a070811_165417.rf.pcm: sb0:254al
[2026-05-15 12:58:29] [INFO]       OK   a070812_190757.rf.pcm: sb0:319al
[2026-05-15 12:58:29] [INFO]       OK   a070814_163337.rf.pcm: sb0:296al
[2026-05-15 12:58:29] [INFO]       OK   a070814_174438.rf.pcm: sb0:224al
[2026-05-15 12:58:29] [INFO]       OK   a070814_185219.rf.pcm: sb0:296al
[2026-05-15 12:58:29] [INFO]       OK   a070814_195939.rf.pcm: sb0:318al
[2026-05-15 12:58:29] [INFO]       OK   a070814_210701.rf.pcm: sb0:245al
[2026-05-15 12:58:29] [INFO]       OK   a070910_141259.rf.pcm: sb0:28al
[2026-05-15 12:58:29] [INFO]       OK   a070814_221419.rf.pcm: sb0:306al
[2026-05-15 12:58:29] [INFO]       OK   a070814_232141.rf.pcm: sb0:241al
[2026-05-15 12:58:29] [INFO]       OK   a070820_160749.rf.pcm: sb0:271al
[2026-05-15 12:58:29] [INFO]       OK   a070821_170349.rf.pcm: sb0:319al
[2026-05-15 12:58:29] [INFO]       OK   a070822_165839.rf.pcm: sb0:265al
[2026-05-15 12:58:29] [INFO]       OK   a070914_155619.rf.pcm: sb0:92al
[2026-05-15 12:58:29] [INFO]       OK   a070914_170627.rf.pcm: sb0:84al
[2026-05-15 12:58:29] [INFO]       OK   a070907_152029.rf.pcm: sb0:273al
[2026-05-15 12:58:29] [INFO]       OK   a070914_181652.rf.pcm: sb0:6al
[2026-05-15 12:58:29] [INFO]       OK   a070915_161807.rf.pcm: sb0:11al
[2026-05-15 12:58:29] [INFO]       OK   a070915_151029.rf.pcm: sb0:82al
[2026-05-15 12:58:29] [INFO]       OK   a070915_200627.rf.pcm: sb0:3al
[2026-05-15 12:58:29] [INFO]       OK   a070915_185849.rf.pcm: sb0:78al
[2026-05-15 12:58:29] [INFO]       OK   a070915_175127.rf.pcm: sb0:96al
[2026-05-15 12:58:29] [INFO]       OK   a070827_222729.rf.pcm: sb0:455al
[2026-05-15 12:58:29] [INFO]       OK   a070915_211351.rf.pcm: sb0:76al
[2026-05-15 12:58:29] [INFO]       OK   a070915_222141.rf.pcm: sb0:3al
[2026-05-15 12:58:29] [INFO]       OK   a070912_174209.rf.pcm: sb0:399al
[2026-05-15 12:58:29] [INFO]       OK   a070916_225342.rf.pcm: sb0:7al
[2026-05-15 12:58:29] [INFO]       OK   a071002_153104.rf.pcm: sb0:90al
[2026-05-15 12:58:29] [INFO]       OK   a070930_200550.rf.pcm: sb0:72al
[2026-05-15 12:58:29] [INFO]       OK   a070930_203512.rf.pcm: sb0:6al
[2026-05-15 12:58:29] [INFO]       OK   a070912_185208.rf.pcm: sb0:425al
[2026-05-15 12:58:29] [INFO]       OK   a071003_141905.rf.pcm: sb0:4al
[2026-05-15 12:58:29] [INFO]       OK   a071003_152409.rf.pcm: sb0:91al
[2026-05-15 12:58:29] [INFO]       OK   a071008_143320.rf.pcm: sb0:3al
[2026-05-15 12:58:29] [INFO]       OK   a071008_132518.rf.pcm: sb0:11al
[2026-05-15 12:58:29] [INFO]       OK   a071003_162937.rf.pcm: sb0:85al
[2026-05-15 12:58:29] [INFO]       OK   a071008_171257.rf.pcm: sb0:95al
[2026-05-15 12:58:29] [INFO]       OK   a071008_182107.rf.pcm: sb0:68al
[2026-05-15 12:58:30] [INFO]       OK   a071009_132408.rf.pcm: sb0:4al
[2026-05-15 12:58:30] [INFO]       OK   a071107_161610.rf.pcm: sb0:34al
[2026-05-15 12:58:30] [INFO]       OK   a071013_175119.rf.pcm: sb0:109al
[2026-05-15 12:58:30] [INFO]       OK   a071106_194256.rf.pcm: sb0:101al
[2026-05-15 12:58:30] [INFO]       OK   a071001_172838.rf.pcm: sb0:329al
[2026-05-15 12:58:30] [INFO]       OK   a071108_203551.rf.pcm: sb0:18al
[2026-05-15 12:58:30] [INFO]       OK   a071002_183907.rf.pcm: sb0:358al
[2026-05-15 12:58:30] [INFO]       OK   a071203_123846.rf.pcm: sb0:6al
[2026-05-15 12:58:30] [INFO]       OK   a071204_135439.rf.pcm: sb0:76al
[2026-05-15 12:58:30] [INFO]       SKIP a071218_130109.rf.pcm: too small (10x128)
[2026-05-15 12:58:30] [INFO]       OK   a071218_131748.rf.pcm: sb0:80al
[2026-05-15 12:58:30] [INFO]       OK   a071202_134248.rf.pcm: sb0:6al
[2026-05-15 12:58:30] [INFO]       OK   a071108_142320.rf.pcm: sb0:434al
[2026-05-15 12:58:30] [INFO]       OK   a071219_075420.rf.pcm: sb0:87al
[2026-05-15 12:58:30] [INFO]       OK   a071014_170649.rf.pcm: sb0:384al
[2026-05-15 12:58:30] [INFO]       OK   a071010_123847.rf.pcm: sb0:427al
[2026-05-15 12:58:30] [INFO]       OK   a071219_090140.rf.pcm: sb0:82al
[2026-05-15 12:58:30] [INFO]       OK   a071219_100930.rf.pcm: sb0:107al
[2026-05-15 12:58:30] [INFO]       OK   a071219_134817.rf.pcm: sb0:11al
[2026-05-15 12:58:30] [INFO]       OK   a071108_192730.rf.pcm: sb0:357al
[2026-05-15 12:58:30] [INFO]       OK   a071219_112758.rf.pcm: sb0:121al
[2026-05-15 12:58:30] [INFO]       OK   a071108_102952.rf.pcm: sb0:379al
[2026-05-15 12:58:30] [INFO]       OK   a071219_153638.rf.pcm: sb0:84al
[2026-05-15 12:58:30] [INFO]       OK   a071219_124027.rf.pcm: sb0:79al
[2026-05-15 12:58:30] [INFO]       OK   a071219_164128.rf.pcm: sb0:71al
[2026-05-15 12:58:30] [INFO]       OK   a071220_105027.rf.pcm: sb0:3al
[2026-05-15 12:58:30] [INFO]       OK   a071220_094509.rf.pcm: sb0:87al
[2026-05-15 12:58:30] [INFO]       OK   a071220_173539.rf.pcm: sb0:7al
[2026-05-15 12:58:30] [INFO]       OK   a071220_125750.rf.pcm: sb0:75al
[2026-05-15 12:58:30] [INFO]       OK   a071220_115408.rf.pcm: sb0:81al
[2026-05-15 12:58:30] [INFO]       OK   a071220_151558.rf.pcm: sb0:77al
[2026-05-15 12:58:30] [INFO]       OK   a071217_093358.rf.pcm: sb0:388al
[2026-05-15 12:58:30] [INFO]       OK   a071221_082838.rf.pcm: sb0:73al
[2026-05-15 12:58:30] [INFO]       OK   a071221_093258.rf.pcm: sb0:41al
[2026-05-15 12:58:30] [INFO]       OK   a071221_114148.rf.pcm: sb0:54al
[2026-05-15 12:58:30] [INFO]       OK   a071221_130518.rf.pcm: sb0:5al
[2026-05-15 12:58:30] [INFO]       OK   a071221_140938.rf.pcm: sb0:76al
[2026-05-15 12:58:30] [INFO]       OK   a071222_085842.rf.pcm: sb0:194al
[2026-05-15 12:58:30] [INFO]       OK   a071220_083158.rf.pcm: sb0:318al
[2026-05-15 12:58:30] [INFO]       OK   a071222_103507.rf.pcm: sb0:7al
[2026-05-15 12:58:30] [INFO]       OK   a071222_093129.rf.pcm: sb0:500al
[2026-05-15 12:58:30] [INFO]       OK   a071222_113837.rf.pcm: sb0:459al
[2026-05-15 12:58:30] [INFO]       OK   a071222_170351.rf.pcm: sb0:409al
[2026-05-15 12:58:31] [INFO]       OK   a071222_134557.rf.pcm: sb0:465al
[2026-05-15 12:58:31] [INFO]       OK   a071222_124220.rf.pcm: sb0:470al
[2026-05-15 12:58:31] [INFO]       OK   a071223_082018.rf.pcm: sb0:425al
[2026-05-15 12:58:31] [INFO]       OK   a071222_160019.rf.pcm: sb0:455al
[2026-05-15 12:58:31] [INFO]       OK   a071223_092358.rf.pcm: sb0:452al
[2026-05-15 12:58:31] [INFO]       OK   a071223_102737.rf.pcm: sb0:465al
[2026-05-15 12:58:31] [INFO]       OK   a071223_133816.rf.pcm: sb0:482al
[2026-05-15 12:58:31] [INFO]       OK   a071223_155250.rf.pcm: sb0:470al
[2026-05-15 12:58:31] [INFO]       OK   a071223_113056.rf.pcm: sb0:507al
[2026-05-15 12:58:31] [INFO]       OK   a071223_123448.rf.pcm: sb0:504al
[2026-05-15 12:58:31] [INFO]       SKIP a071225_083731.rf.pcm: too small (14x512)
[2026-05-15 12:58:31] [INFO]       OK   a071224_082318.rf.pcm: sb0:469al
[2026-05-15 12:58:31] [INFO]       OK   a071223_165610.rf.pcm: sb0:466al
[2026-05-15 12:58:31] [INFO]       OK   a071224_092638.rf.pcm: sb0:462al
[2026-05-15 12:58:31] [INFO]       OK   a071224_103017.rf.pcm: sb0:495al
[2026-05-15 12:58:31] [INFO]       OK   a071224_113340.rf.pcm: sb0:495al
[2026-05-15 12:58:31] [INFO]       OK   a071224_134206.rf.pcm: sb0:27al
[2026-05-15 12:58:31] [INFO]       OK   a071225_101258.rf.pcm: sb0:8al
[2026-05-15 12:58:31] [INFO]       OK   a071224_123830.rf.pcm: sb0:461al
[2026-05-15 12:58:31] [INFO]       OK   a071231_121949.rf.pcm: sb0:107al
[2026-05-15 12:58:31] [INFO]       OK   a071225_111359.rf.pcm: sb0:4al
[2026-05-15 12:58:31] [INFO]       OK   m2002-12-10-11:00:00.rf.pcm: sb0:11al
[2026-05-15 12:58:31] [INFO]       OK   m2002-12-10-11:41:58.rf.pcm: sb0:11al
[2026-05-15 12:58:31] [INFO]       OK   a071225_090919.rf.pcm: sb0:437al
[2026-05-15 12:58:31] [INFO]       OK   m2002-12-11-13:46:29.rf.pcm: sb0:17al
[2026-05-15 12:58:31] [INFO]       OK   m2002-12-13-10:13:42.rf.pcm: sb0:8al
[2026-05-15 12:58:31] [INFO]       OK   m2002-12-13-11:23:51.rf.pcm: sb0:4al
[2026-05-15 12:58:31] [INFO]       OK   m2002-12-13-12:32:02.rf.pcm: sb0:35al
[2026-05-15 12:58:31] [INFO]       OK   m2002-12-13-13:39:05.rf.pcm: sb0:3al
[2026-05-15 12:58:31] [INFO]       OK   m2002-12-13-14:49:51.rf.pcm: sb0:23al
[2026-05-15 12:58:31] [INFO]       OK   m2002-12-12-12:11:13.rf.pcm: sb0:100al
[2026-05-15 12:58:31] [INFO]       OK   m2002-12-15-13:03:22.rf.pcm: sb0:13al
[2026-05-15 12:58:31] [INFO]       OK   m2002-12-13-15:56:00.rf.pcm: sb0:32al
[2026-05-15 12:58:31] [INFO]       OK   m2002-12-13-17:02:26.rf.pcm: sb0:38al
[2026-05-15 12:58:31] [INFO]       OK   m2002-12-14-13:13:59.rf.pcm: sb0:27al
[2026-05-15 12:58:31] [INFO]       OK   m2003-01-05-08:02:11.rf.pcm: sb0:27al
[2026-05-15 12:58:31] [INFO]       OK   m2003-01-09-08:25:35.rf.pcm: sb0:3al
[2026-05-15 12:58:31] [INFO]       SKIP m2003-01-09-10:27:35.rf.pcm: too small (14x128)
[2026-05-15 12:58:31] [INFO]       OK   m2003-01-04-09:28:46.rf.pcm: sb0:16al
[2026-05-15 12:58:31] [INFO]       OK   m2003-01-09-07:17:46.rf.pcm: sb0:24al
[2026-05-15 12:58:31] [INFO]       OK   a071230_095439.rf.pcm: sb0:317al
[2026-05-15 12:58:31] [INFO]       OK   m2003-01-06-10:09:56.rf.pcm: sb0:22al
[2026-05-15 12:58:31] [INFO]       OK   m2003-01-09-09:26:48.rf.pcm: sb0:25al
[2026-05-15 12:58:31] [INFO]       OK   a080104_060508.rf.pcm: sb0:354al
[2026-05-15 12:58:31] [INFO]       OK   m2003-01-10-06:42:21.rf.pcm: sb0:50al
[2026-05-15 12:58:31] [INFO]       OK   m2003-01-10-08:48:24.rf.pcm: sb0:62al
[2026-05-15 12:58:31] [INFO]       OK   m2003-01-10-13:42:14.rf.pcm: sb0:16al
[2026-05-15 12:58:31] [INFO]       OK   m2003-01-11-12:32:18.rf.pcm: sb0:24al
[2026-05-15 12:58:31] [INFO]       OK   m2003-01-11-08:22:28.rf.pcm: sb0:88al
[2026-05-15 12:58:31] [INFO]       OK   a080104_040348.rf.pcm: sb0:474al
[2026-05-15 12:58:31] [INFO]       OK   m2003-01-11-14:40:01.rf.pcm: sb0:32al
[2026-05-15 12:58:31] [INFO]       OK   m2003-01-15-07:20:49.rf.pcm: sb0:22al
[2026-05-15 12:58:31] [INFO]       SKIP m2003-02-03-05:52:42.rf.pcm: too small (10x128)
[2026-05-15 12:58:31] [INFO]       OK   m2003-01-11-10:26:00.rf.pcm: sb0:111al
[2026-05-15 12:58:31] [INFO]       OK   m2003-01-12-14:59:17.rf.pcm: sb0:41al
[2026-05-15 12:58:31] [INFO]       SKIP m2003-02-03-06:58:28.rf.pcm: too small (12x128)
[2026-05-15 12:58:31] [INFO]       SKIP m2003-02-03-08:28:30.rf.pcm: too small (12x128)
[2026-05-15 12:58:31] [INFO]       OK   m2003-01-12-09:26:00.rf.pcm: sb0:11al
[2026-05-15 12:58:31] [INFO]       OK   m2003-01-12-13:51:19.rf.pcm: sb0:29al
[2026-05-15 12:58:31] [INFO]       OK   m2003-02-05-06:26:48.rf.pcm: sb0:5al
[2026-05-15 12:58:31] [INFO]       OK   m2003-02-03-06:21:26.rf.pcm: sb0:5al
[2026-05-15 12:58:31] [INFO]       OK   m2003-02-03-07:16:30.rf.pcm: sb0:4al
[2026-05-15 12:58:31] [INFO]       OK   m2003-01-12-07:09:12.rf.pcm: sb0:70al
[2026-05-15 12:58:31] [INFO]       SKIP m2003-02-10-08:34:34.rf.pcm: too small (15x128)
[2026-05-15 12:58:31] [INFO]       OK   m2003-02-07-06:11:25.rf.pcm: sb0:30al
[2026-05-15 12:58:31] [INFO]       SKIP m2003-04-12-01:20:28.rf.pcm: too small (11x128)
[2026-05-15 12:58:31] [INFO]       SKIP m2003-04-12-02:55:03.rf.pcm: too small (14x128)
[2026-05-15 12:58:31] [INFO]       SKIP m2003-04-12-06:10:46.rf.pcm: too small (13x128)
[2026-05-15 12:58:31] [INFO]       OK   m2003-02-04-07:27:16.rf.pcm: sb0:20al
[2026-05-15 12:58:31] [INFO]       SKIP m2003-04-12-09:41:55.rf.pcm: too small (11x128)
[2026-05-15 12:58:31] [INFO]       OK   m2003-04-12-09:11:12.rf.pcm: sb0:7al
[2026-05-15 12:58:31] [INFO]       OK   m2003-04-13-01:59:01.rf.pcm: sb0:3al
[2026-05-15 12:58:31] [INFO]       OK   m2003-02-28-05:27:08.rf.pcm: sb0:12al
[2026-05-15 12:58:31] [INFO]       OK   m2003-02-10-12:16:44.rf.pcm: sb0:5al
[2026-05-15 12:58:31] [INFO]       OK   m2003-02-02-07:36:56.rf.pcm: sb0:100al
[2026-05-15 12:58:31] [INFO]       OK   m2003-01-09-11:17:43.rf.pcm: sb0:269al
[2026-05-15 12:58:31] [INFO]       OK   m2003-04-13-02:29:41.rf.pcm: sb0:4al
[2026-05-15 12:58:31] [INFO]       OK   m2003-04-13-04:36:25.rf.pcm: sb0:1al
[2026-05-15 12:58:31] [INFO]       OK   m2003-04-13-03:02:24.rf.pcm: sb0:10al
[2026-05-15 12:58:31] [INFO]       OK   m2003-04-13-03:33:03.rf.pcm: sb0:4al
[2026-05-15 12:58:31] [INFO]       OK   m2003-04-13-04:05:45.rf.pcm: sb0:4al
[2026-05-15 12:58:31] [INFO]       OK   m2003-04-13-08:38:45.rf.pcm: sb0:2al
[2026-05-15 12:58:31] [INFO]       OK   m2003-02-09-04:52:28.rf.pcm: sb0:12al
[2026-05-15 12:58:31] [INFO]       OK   m2003-04-13-08:08:06.rf.pcm: sb0:12al
[2026-05-15 12:58:32] [INFO]       OK   m2003-04-14-04:43:50.rf.pcm: sb0:3al
[2026-05-15 12:58:32] [INFO]       OK   m2003-04-14-06:10:48.rf.pcm: sb0:10al
[2026-05-15 12:58:32] [INFO]       OK   m2003-04-14-05:14:36.rf.pcm: sb0:25al
[2026-05-15 12:58:32] [INFO]       OK   m2003-04-13-09:11:13.rf.pcm: sb0:14al
[2026-05-15 12:58:32] [INFO]       OK   m2003-04-15-04:14:17.rf.pcm: sb0:36al
[2026-05-15 12:58:32] [INFO]       OK   m2003-04-15-02:03:23.rf.pcm: sb0:33al
[2026-05-15 12:58:32] [INFO]       OK   m2003-04-15-03:11:34.rf.pcm: sb0:44al
[2026-05-15 12:58:32] [INFO]       SKIP m2003-04-29-01:52:58.rf.pcm: too small (14x128)
[2026-05-15 12:58:32] [INFO]       OK   m2003-04-15-06:11:58.rf.pcm: sb0:23al
[2026-05-15 12:58:32] [INFO]       OK   m2003-04-15-05:17:11.rf.pcm: sb0:27al
[2026-05-15 12:58:32] [INFO]       OK   m2003-04-15-08:17:26.rf.pcm: sb0:25al
[2026-05-15 12:58:32] [INFO]       OK   m2003-04-15-07:14:47.rf.pcm: sb0:24al
[2026-05-15 12:58:32] [INFO]       SKIP m2003-06-04-10:28:22.rf.pcm: too small (14x128)
[2026-05-15 12:58:32] [INFO]       OK   m2003-04-15-09:20:06.rf.pcm: sb0:6al
[2026-05-15 12:58:32] [INFO]       OK   m2003-05-20-00:28:39.rf.pcm: sb0:2al
[2026-05-15 12:58:32] [INFO]       OK   m2003-02-09-07:50:04.rf.pcm: sb0:227al
[2026-05-15 12:58:32] [INFO]       OK   m2003-06-04-02:06:08.rf.pcm: sb0:7al
[2026-05-15 12:58:32] [INFO]       SKIP m2003-06-06-04:58:36.rf.pcm: too small (12x512)
[2026-05-15 12:58:32] [INFO]       OK   m2003-04-29-02:10:01.rf.pcm: sb0:33al
[2026-05-15 12:58:32] [INFO]       OK   m2003-06-04-23:44:47.rf.pcm: sb0:22al
[2026-05-15 12:58:32] [INFO]       OK   m2003-06-05-23:08:16.rf.pcm: sb0:21al
[2026-05-15 12:58:32] [INFO]       OK   m2003-05-15-02:46:38.rf.pcm: sb0:7al
[2026-05-15 12:58:32] [INFO]       OK   m2003-07-19-18:08:01.rf.pcm: sb0:4al
[2026-05-15 12:58:32] [INFO]       OK   m2003-07-19-18:38:43.rf.pcm: sb0:0al
[2026-05-15 12:58:32] [INFO]       OK   m2003-07-19-19:12:23.rf.pcm: sb0:3al
[2026-05-15 12:58:32] [INFO]       OK   m2003-06-06-02:33:11.rf.pcm: sb0:5al
[2026-05-15 12:58:32] [INFO]       OK   m2003-07-19-19:43:06.rf.pcm: sb0:7al
[2026-05-15 12:58:32] [INFO]       SKIP m2003-07-19-22:47:36.rf.pcm: too small (12x128)
[2026-05-15 12:58:32] [INFO]       OK   m2003-05-07-00:15:10.rf.pcm: sb0:75al
[2026-05-15 12:58:32] [INFO]       OK   m2003-07-19-21:43:00.rf.pcm: sb0:7al
[2026-05-15 12:58:32] [INFO]       OK   m2003-06-06-00:26:22.rf.pcm: sb0:98al
[2026-05-15 12:58:32] [INFO]       OK   m2003-07-19-21:12:28.rf.pcm: sb0:11al
[2026-05-15 12:58:32] [INFO]       OK   m2003-07-19-22:16:52.rf.pcm: sb0:4al
[2026-05-15 12:58:32] [INFO]       SKIP m2003-07-20-02:00:31.rf.pcm: too small (10x128)
[2026-05-15 12:58:32] [INFO]       SKIP m2003-07-20-02:18:02.rf.pcm: too small (10x128)
[2026-05-15 12:58:32] [INFO]       OK   m2003-07-19-23:08:08.rf.pcm: sb0:12al
[2026-05-15 12:58:32] [INFO]       OK   m2003-07-20-00:47:54.rf.pcm: sb0:2al
[2026-05-15 12:58:32] [INFO]       SKIP m2003-07-20-03:03:16.rf.pcm: too small (10x128)
[2026-05-15 12:58:32] [INFO]       OK   m2003-06-22-21:30:18.rf.pcm: sb0:37al
[2026-05-15 12:58:32] [INFO]       OK   m2003-07-20-00:12:29.rf.pcm: sb0:5al
[2026-05-15 12:58:32] [INFO]       OK   m2003-07-19-23:38:47.rf.pcm: sb0:3al
[2026-05-15 12:58:32] [INFO]       OK   m2003-07-20-02:32:37.rf.pcm: sb0:1al
[2026-05-15 12:58:32] [INFO]       OK   m2003-07-20-17:35:29.rf.pcm: sb0:2al
[2026-05-15 12:58:32] [INFO]       OK   m2003-07-20-18:06:13.rf.pcm: sb0:3al
[2026-05-15 12:58:32] [INFO]       OK   m2003-07-20-01:18:36.rf.pcm: sb0:11al
[2026-05-15 12:58:32] [INFO]       SKIP m2003-07-20-23:39:09.rf.pcm: too small (15x128)
[2026-05-15 12:58:32] [INFO]       OK   m2003-07-20-20:25:52.rf.pcm: sb0:2al
[2026-05-15 12:58:32] [INFO]       OK   m2003-07-20-19:56:38.rf.pcm: sb0:4al
[2026-05-15 12:58:32] [INFO]       OK   m2003-07-20-19:25:58.rf.pcm: sb0:7al
[2026-05-15 12:58:32] [INFO]       OK   m2003-07-21-00:15:11.rf.pcm: sb0:1al
[2026-05-15 12:58:32] [INFO]       OK   m2003-07-20-22:34:41.rf.pcm: sb0:6al
[2026-05-15 12:58:32] [INFO]       OK   m2003-07-20-21:30:16.rf.pcm: sb0:3al
[2026-05-15 12:58:32] [INFO]       OK   m2003-07-20-23:05:26.rf.pcm: sb0:10al
[2026-05-15 12:58:32] [INFO]       OK   m2003-07-21-18:47:00.rf.pcm: sb0:5al
[2026-05-15 12:58:32] [INFO]       OK   m2003-07-21-19:12:55.rf.pcm: sb0:3al
[2026-05-15 12:58:32] [INFO]       OK   m2003-07-21-00:45:57.rf.pcm: sb0:7al
[2026-05-15 12:58:32] [INFO]       OK   m2003-07-21-19:46:33.rf.pcm: sb0:7al
[2026-05-15 12:58:32] [INFO]       OK   m2003-07-21-20:17:14.rf.pcm: sb0:1al
[2026-05-15 12:58:32] [INFO]       SKIP m2003-07-22-00:13:29.rf.pcm: too small (15x128)
[2026-05-15 12:58:32] [INFO]       OK   m2003-06-06-05:13:11.rf.pcm: sb0:128al
[2026-05-15 12:58:32] [INFO]       OK   m2003-07-21-20:57:23.rf.pcm: sb0:2al
[2026-05-15 12:58:32] [INFO]       OK   m2003-07-21-22:01:51.rf.pcm: sb0:1al
[2026-05-15 12:58:32] [INFO]       OK   m2003-07-21-21:28:04.rf.pcm: sb0:8al
[2026-05-15 12:58:32] [INFO]       OK   m2003-07-21-23:09:06.rf.pcm: sb0:5al
[2026-05-15 12:58:32] [INFO]       OK   m2003-07-22-00:35:25.rf.pcm: sb0:0al
[2026-05-15 12:58:32] [INFO]       OK   m2003-07-21-22:38:22.rf.pcm: sb0:4al
[2026-05-15 12:58:32] [INFO]       OK   m2003-07-21-23:42:48.rf.pcm: sb0:8al
[2026-05-15 12:58:32] [INFO]       OK   m2003-07-23-21:26:52.rf.pcm: sb0:8al
[2026-05-15 12:58:32] [INFO]       OK   m2003-07-22-21:30:19.rf.pcm: sb0:13al
[2026-05-15 12:58:32] [INFO]       OK   m2003-07-23-20:21:33.rf.pcm: sb0:16al
[2026-05-15 12:58:32] [INFO]       OK   m2003-07-23-19:18:23.rf.pcm: sb0:35al
[2026-05-15 12:58:32] [INFO]       OK   m2003-07-22-20:27:06.rf.pcm: sb0:24al
[2026-05-15 12:58:32] [INFO]       OK   m2003-07-23-21:57:46.rf.pcm: sb0:29al
[2026-05-15 12:58:32] [INFO]       OK   m2003-07-24-19:16:13.rf.pcm: sb0:29al
[2026-05-15 12:58:32] [INFO]       OK   m2003-07-24-21:22:37.rf.pcm: sb0:24al
[2026-05-15 12:58:32] [INFO]       OK   m2003-07-25-22:37:58.rf.pcm: sb0:14al
[2026-05-15 12:58:32] [INFO]       OK   m2003-07-24-22:29:19.rf.pcm: sb0:26al
[2026-05-15 12:58:32] [INFO]       OK   m2003-07-25-18:53:13.rf.pcm: sb0:24al
[2026-05-15 12:58:32] [INFO]       OK   m2003-07-25-21:31:24.rf.pcm: sb0:32al
[2026-05-15 12:58:32] [INFO]       OK   m2003-07-25-20:22:18.rf.pcm: sb0:30al
[2026-05-15 12:58:32] [INFO]       OK   m2003-07-26-19:48:53.rf.pcm: sb0:41al
[2026-05-15 12:58:32] [INFO]       OK   m2003-07-26-18:45:45.rf.pcm: sb0:24al
[2026-05-15 12:58:32] [INFO]       OK   m2003-07-26-20:52:05.rf.pcm: sb0:35al
[2026-05-15 12:58:32] [INFO]       OK   m2003-07-27-21:47:11.rf.pcm: sb0:34al
[2026-05-15 12:58:32] [INFO]       OK   m2003-07-27-20:13:10.rf.pcm: sb0:42al
[2026-05-15 12:58:32] [INFO]       OK   m2003-08-28-20:13:00.rf.pcm: sb0:13al
[2026-05-15 12:58:32] [INFO]       SKIP m2003-08-29-20:57:48.rf.pcm: too small (11x128)
[2026-05-15 12:58:32] [INFO]       OK   m2003-08-28-16:59:59.rf.pcm: sb0:26al
[2026-05-15 12:58:32] [INFO]       OK   m2003-08-29-16:36:12.rf.pcm: sb0:22al
[2026-05-15 12:58:32] [INFO]       OK   m2003-08-29-15:48:58.rf.pcm: sb0:17al
[2026-05-15 12:58:32] [INFO]       OK   m2003-08-29-17:31:30.rf.pcm: sb0:36al
[2026-05-15 12:58:32] [INFO]       OK   m2003-08-29-18:46:56.rf.pcm: sb0:31al
[2026-05-15 12:58:32] [INFO]       SKIP m2003-08-30-21:11:05.rf.pcm: too small (11x128)
[2026-05-15 12:58:32] [INFO]       OK   m2003-08-30-18:44:17.rf.pcm: sb0:15al
[2026-05-15 12:58:32] [INFO]       OK   m2003-08-29-19:53:06.rf.pcm: sb0:39al
[2026-05-15 12:58:32] [INFO]       OK   m2003-08-30-16:27:06.rf.pcm: sb0:35al
[2026-05-15 12:58:32] [INFO]       OK   m2003-08-30-17:28:24.rf.pcm: sb0:33al
[2026-05-15 12:58:32] [INFO]       OK   m2003-07-28-19:49:37.rf.pcm: sb0:6al
[2026-05-15 12:58:32] [INFO]       OK   m2003-08-29-21:16:18.rf.pcm: sb0:38al
[2026-05-15 12:58:32] [INFO]       OK   m2003-08-31-20:14:01.rf.pcm: sb0:5al
[2026-05-15 12:58:32] [INFO]       OK   m2003-08-31-19:14:39.rf.pcm: sb0:14al
[2026-05-15 12:58:32] [INFO]       OK   m2003-08-30-19:22:50.rf.pcm: sb0:25al
[2026-05-15 12:58:32] [INFO]       OK   m2003-09-05-22:46:44.rf.pcm: sb0:37al
[2026-05-15 12:58:32] [INFO]       OK   m2003-09-08-22:01:26.rf.pcm: sb0:16al
[2026-05-15 12:58:32] [INFO]       OK   m2003-09-09-17:55:02.rf.pcm: sb0:13al
[2026-05-15 12:58:32] [INFO]       OK   m2003-08-31-17:10:53.rf.pcm: sb0:4al
[2026-05-15 12:58:32] [INFO]       OK   m2003-09-05-23:47:40.rf.pcm: sb0:20al
[2026-05-15 12:58:32] [INFO]       OK   m2003-09-09-20:02:55.rf.pcm: sb0:10al
[2026-05-15 12:58:32] [INFO]       OK   m2003-09-09-18:57:05.rf.pcm: sb0:20al
[2026-05-15 12:58:32] [INFO]       OK   m2003-09-09-21:21:57.rf.pcm: sb0:27al
[2026-05-15 12:58:32] [INFO]       OK   m2003-09-20-16:36:45.rf.pcm: sb0:10al
[2026-05-15 12:58:32] [INFO]       OK   m2003-09-20-15:32:58.rf.pcm: sb0:31al
[2026-05-15 12:58:32] [INFO]       OK   m2003-09-20-17:40:59.rf.pcm: sb0:14al
[2026-05-15 12:58:32] [INFO]       SKIP m2003-10-06-18:38:08.rf.pcm: too small (15x128)
[2026-05-15 12:58:32] [INFO]       OK   m2003-09-21-13:54:18.rf.pcm: sb0:36al
[2026-05-15 12:58:32] [INFO]       SKIP m2003-10-08-14:19:11.rf.pcm: too small (14x128)
[2026-05-15 12:58:32] [INFO]       OK   m2003-09-21-14:55:29.rf.pcm: sb0:28al
[2026-05-15 12:58:32] [INFO]       OK   m2003-09-21-15:57:30.rf.pcm: sb0:25al
[2026-05-15 12:58:32] [INFO]       OK   m2003-10-06-19:12:00.rf.pcm: sb0:6al
[2026-05-15 12:58:32] [INFO]       OK   m2003-10-06-17:32:27.rf.pcm: sb0:13al
[2026-05-15 12:58:32] [INFO]       OK   m2003-10-19-16:09:55.rf.pcm: sb0:2al
[2026-05-15 12:58:32] [INFO]       OK   m2003-09-21-17:49:17.rf.pcm: sb0:29al
[2026-05-15 12:58:32] [INFO]       OK   m2003-10-06-16:21:43.rf.pcm: sb0:23al
[2026-05-15 12:58:32] [INFO]       OK   m2003-10-19-15:36:36.rf.pcm: sb0:4al
[2026-05-15 12:58:32] [INFO]       OK   m2003-10-19-16:48:47.rf.pcm: sb0:1al
[2026-05-15 12:58:32] [INFO]       OK   m2003-10-19-17:21:24.rf.pcm: sb0:4al
[2026-05-15 12:58:32] [INFO]       OK   m2003-10-07-19:18:28.rf.pcm: sb0:24al
[2026-05-15 12:58:32] [INFO]       OK   m2003-10-19-17:52:15.rf.pcm: sb0:3al
[2026-05-15 12:58:32] [INFO]       OK   m2003-11-01-16:33:43.rf.pcm: sb0:25al
[2026-05-15 12:58:32] [INFO]       OK   m2003-10-31-12:38:11.rf.pcm: sb0:13al
[2026-05-15 12:58:32] [INFO]       SKIP m2003-11-11-13:21:36.rf.pcm: too small (12x128)
[2026-05-15 12:58:32] [INFO]       OK   m2003-11-02-19:13:53.rf.pcm: sb0:15al
[2026-05-15 12:58:32] [INFO]       SKIP m2003-11-13-12:43:46.rf.pcm: too small (10x128)
[2026-05-15 12:58:32] [INFO]       OK   m2003-10-25-18:33:37.rf.pcm: sb0:16al
[2026-05-15 12:58:32] [INFO]       OK   m2003-11-01-14:04:26.rf.pcm: sb0:7al
[2026-05-15 12:58:32] [INFO]       OK   m2003-11-01-18:44:17.rf.pcm: sb0:91al
[2026-05-15 12:58:32] [INFO]       OK   m2003-11-13-13:12:25.rf.pcm: sb0:37al
[2026-05-15 12:58:32] [INFO]       OK   m2003-11-02-14:14:57.rf.pcm: sb0:69al
[2026-05-15 12:58:32] [INFO]       OK   m2003-11-12-12:16:08.rf.pcm: sb0:105al
[2026-05-15 12:58:32] [INFO]       OK   m2003-11-02-12:25:19.rf.pcm: sb0:9al
[2026-05-15 12:58:32] [INFO]       OK   m2003-11-13-14:22:47.rf.pcm: sb0:75al
[2026-05-15 12:58:32] [INFO]       OK   m2003-12-02-12:06:31.rf.pcm: sb0:35al
[2026-05-15 12:58:32] [INFO]       OK   m2003-10-08-15:53:07.rf.pcm: sb0:6al
[2026-05-15 12:58:32] [INFO]       OK   m2003-12-04-15:47:27.rf.pcm: sb0:95al
[2026-05-15 12:58:32] [INFO]       OK   m2003-12-04-16:38:28.rf.pcm: sb0:95al
[2026-05-15 12:58:32] [INFO]       OK   m2003-12-02-09:57:21.rf.pcm: sb0:4al
[2026-05-15 12:58:32] [INFO]       OK   m2003-12-17-12:32:51.rf.pcm: sb0:13al
[2026-05-15 12:58:32] [INFO]       OK   m2003-12-04-10:38:48.rf.pcm: sb0:115al
[2026-05-15 12:58:32] [INFO]       OK   m2003-12-05-13:23:23.rf.pcm: sb0:8al
[2026-05-15 12:58:32] [INFO]       OK   m2003-12-18-09:09:42.rf.pcm: sb0:51al
[2026-05-15 12:58:32] [INFO]       OK   m2003-12-18-09:59:32.rf.pcm: sb0:30al
[2026-05-15 12:58:32] [INFO]       OK   m2003-11-13-15:12:08.rf.pcm: sb0:237al
[2026-05-15 12:58:32] [INFO]       OK   m2003-12-18-10:38:41.rf.pcm: sb0:6al
[2026-05-15 12:58:32] [INFO]       SKIP m2004-02-07-08:42:29.rf.pcm: too small (11x128)
[2026-05-15 12:58:32] [INFO]       OK   m2003-12-18-12:02:22.rf.pcm: sb0:32al
[2026-05-15 12:58:32] [INFO]       SKIP m2004-02-07-14:29:36.rf.pcm: too small (11x128)
[2026-05-15 12:58:32] [INFO]       OK   m2003-11-13-18:33:04.rf.pcm: sb0:179al
[2026-05-15 12:58:32] [INFO]       OK   m2003-12-17-13:56:23.rf.pcm: sb0:5al
[2026-05-15 12:58:32] [INFO]       OK   m2004-02-07-08:13:30.rf.pcm: sb0:3al
[2026-05-15 12:58:32] [INFO]       OK   m2004-02-01-10:31:29.rf.pcm: sb0:13al
[2026-05-15 12:58:32] [INFO]       OK   m2004-02-12-07:20:50.rf.pcm: sb0:5al
[2026-05-15 12:58:32] [INFO]       OK   m2004-02-08-09:13:03.rf.pcm: sb0:8al
[2026-05-15 12:58:32] [INFO]       OK   m2004-02-12-08:09:02.rf.pcm: sb0:3al
[2026-05-15 12:58:32] [INFO]       OK   m2003-12-18-14:57:04.rf.pcm: sb0:132al
[2026-05-15 12:58:32] [INFO]       OK   m2004-02-13-07:41:47.rf.pcm: sb0:12al
[2026-05-15 12:58:32] [INFO]       OK   m2004-02-13-07:03:45.rf.pcm: sb0:15al
[2026-05-15 12:58:32] [INFO]       SKIP m2004-03-23-03:21:08.rf.pcm: too small (14x128)
[2026-05-15 12:58:32] [INFO]       OK   m2004-02-11-07:28:18.rf.pcm: sb0:31al
[2026-05-15 12:58:32] [INFO]       OK   m2004-02-13-09:33:43.rf.pcm: sb0:18al
[2026-05-15 12:58:32] [INFO]       OK   m2004-03-22-06:06:40.rf.pcm: sb0:2al
[2026-05-15 12:58:32] [INFO]       SKIP m2004-03-23-11:45:17.rf.pcm: too small (15x128)
[2026-05-15 12:58:32] [INFO]       OK   m2004-03-22-06:51:59.rf.pcm: sb0:1al
[2026-05-15 12:58:32] [INFO]       OK   m2004-03-05-04:20:18.rf.pcm: sb0:18al
[2026-05-15 12:58:32] [INFO]       OK   m2004-03-05-05:51:24.rf.pcm: sb0:9al
[2026-05-15 12:58:32] [INFO]       SKIP m2004-04-25-00:29:56.rf.pcm: too small (14x128)
[2026-05-15 12:58:32] [INFO]       OK   m2004-03-23-03:59:30.rf.pcm: sb0:3al
[2026-05-15 12:58:32] [INFO]       OK   m2004-03-23-05:16:38.rf.pcm: sb0:5al
[2026-05-15 12:58:32] [INFO]       OK   m2004-03-06-04:55:31.rf.pcm: sb0:34al
[2026-05-15 12:58:32] [INFO]       OK   m2004-03-23-05:54:50.rf.pcm: sb0:12al
[2026-05-15 12:58:32] [INFO]       OK   m2004-04-25-01:13:55.rf.pcm: sb0:13al
[2026-05-15 12:58:32] [INFO]       OK   m2004-04-25-02:27:34.rf.pcm: sb0:21al
[2026-05-15 12:58:32] [INFO]       OK   m2004-04-25-01:55:54.rf.pcm: sb0:15al
[2026-05-15 12:58:32] [INFO]       OK   m2004-04-26-01:04:37.rf.pcm: sb0:26al
[2026-05-15 12:58:32] [INFO]       OK   m2004-04-26-01:35:41.rf.pcm: sb0:28al
[2026-05-15 12:58:32] [INFO]       SKIP m2004-04-28-03:10:20.rf.pcm: too small (15x128)
[2026-05-15 12:58:32] [INFO]       OK   m2004-04-25-23:39:23.rf.pcm: sb0:11al
[2026-05-15 12:58:32] [INFO]       OK   m2004-04-26-02:35:27.rf.pcm: sb0:15al
[2026-05-15 12:58:32] [INFO]       OK   m2004-04-26-03:05:52.rf.pcm: sb0:3al
[2026-05-15 12:58:32] [INFO]       OK   m2004-04-23-23:18:06.rf.pcm: sb0:6al
[2026-05-15 12:58:32] [INFO]       OK   m2004-04-24-01:24:10.rf.pcm: sb0:76al
[2026-05-15 12:58:32] [INFO]       OK   m2004-04-26-03:42:34.rf.pcm: sb0:24al
[2026-05-15 12:58:32] [INFO]       OK   m2004-04-28-02:33:00.rf.pcm: sb0:8al
[2026-05-15 12:58:32] [INFO]       OK   m2004-04-29-03:01:56.rf.pcm: sb0:35al
[2026-05-15 12:58:32] [INFO]       OK   m2004-04-30-00:29:51.rf.pcm: sb0:14al
[2026-05-15 12:58:32] [INFO]       OK   m2004-04-29-23:57:04.rf.pcm: sb0:11al
[2026-05-15 12:58:32] [INFO]       OK   m2004-04-30-01:02:40.rf.pcm: sb0:6al
[2026-05-15 12:58:32] [INFO]       OK   m2004-04-30-23:55:43.rf.pcm: sb0:4al
[2026-05-15 12:58:32] [INFO]       OK   m2004-04-30-01:44:23.rf.pcm: sb0:30al
[2026-05-15 12:58:32] [INFO]       OK   m2004-05-02-00:30:44.rf.pcm: sb0:5al
[2026-05-15 12:58:32] [INFO]       OK   m2004-05-02-01:03:00.rf.pcm: sb0:34al
[2026-05-15 12:58:32] [INFO]       SKIP m2004-05-04-05:10:42.rf.pcm: too small (13x128)
[2026-05-15 12:58:32] [INFO]       OK   m2004-05-01-01:04:14.rf.pcm: sb0:36al
[2026-05-15 12:58:32] [INFO]       OK   m2004-05-02-01:34:53.rf.pcm: sb0:53al
[2026-05-15 12:58:32] [INFO]       OK   m2004-05-01-03:21:16.rf.pcm: sb0:79al
[2026-05-15 12:58:32] [INFO]       OK   m2004-05-02-02:39:10.rf.pcm: sb0:7al
[2026-05-15 12:58:32] [INFO]       OK   m2004-05-01-23:15:24.rf.pcm: sb0:28al
[2026-05-15 12:58:32] [INFO]       OK   m2004-05-03-00:10:35.rf.pcm: sb0:9al
[2026-05-15 12:58:32] [INFO]       OK   m2004-05-04-23:14:27.rf.pcm: sb0:7al
[2026-05-15 12:58:32] [INFO]       OK   m2004-05-04-06:46:44.rf.pcm: sb0:9al
[2026-05-15 12:58:32] [INFO]       OK   m2004-05-04-07:52:00.rf.pcm: sb0:42al
[2026-05-15 12:58:32] [INFO]       OK   m2004-05-04-05:42:34.rf.pcm: sb0:84al
[2026-05-15 12:58:32] [INFO]       OK   m2004-05-03-01:28:10.rf.pcm: sb0:68al
[2026-05-15 12:58:32] [INFO]       OK   m2004-05-05-00:02:59.rf.pcm: sb0:42al
[2026-05-15 12:58:32] [INFO]       OK   m2004-05-06-04:09:20.rf.pcm: sb0:16al
[2026-05-15 12:58:32] [INFO]       OK   m2004-05-07-00:33:46.rf.pcm: sb0:7al
[2026-05-15 12:58:32] [INFO]       OK   m2004-05-05-01:03:21.rf.pcm: sb0:3al
[2026-05-15 12:58:32] [INFO]       OK   m2004-05-07-23:46:47.rf.pcm: sb0:4al
[2026-05-15 12:58:32] [INFO]       OK   m2004-05-08-23:12:17.rf.pcm: sb0:5al
[2026-05-15 12:58:32] [INFO]       OK   m2004-05-07-01:13:06.rf.pcm: sb0:33al
[2026-05-15 12:58:32] [INFO]       OK   m2004-05-05-02:08:28.rf.pcm: sb0:89al
[2026-05-15 12:58:32] [INFO]       OK   m2004-05-08-01:38:56.rf.pcm: sb0:12al
[2026-05-15 12:58:32] [INFO]       OK   m2004-05-08-00:34:14.rf.pcm: sb0:9al
[2026-05-15 12:58:32] [INFO]       SKIP m2004-05-10-03:05:05.rf.pcm: too small (10x128)
[2026-05-15 12:58:32] [INFO]       OK   m2004-05-09-23:10:59.rf.pcm: sb0:3al
[2026-05-15 12:58:32] [INFO]       OK   m2004-05-09-00:57:05.rf.pcm: sb0:52al
[2026-05-15 12:58:32] [INFO]       OK   m2004-05-14-05:21:38.rf.pcm: sb0:9al
[2026-05-15 12:58:32] [INFO]       OK   m2004-05-10-00:01:32.rf.pcm: sb0:46al
[2026-05-15 12:58:32] [INFO]       OK   m2004-05-08-23:52:52.rf.pcm: sb0:75al
[2026-05-15 12:58:33] [INFO]       OK   m2004-05-14-05:52:44.rf.pcm: sb0:3al
[2026-05-15 12:58:33] [INFO]       OK   m2004-05-09-02:06:46.rf.pcm: sb0:81al
[2026-05-15 12:58:33] [INFO]       OK   m2004-05-14-06:21:09.rf.pcm: sb0:14al
[2026-05-15 12:58:33] [INFO]       OK   m2004-05-10-00:55:06.rf.pcm: sb0:5al
[2026-05-15 12:58:33] [INFO]       OK   m2004-05-14-23:20:12.rf.pcm: sb0:0al
[2026-05-15 12:58:33] [INFO]       OK   m2004-05-14-07:13:34.rf.pcm: sb0:6al
[2026-05-15 12:58:33] [INFO]       OK   m2004-05-14-22:43:37.rf.pcm: sb0:8al
[2026-05-15 12:58:33] [INFO]       OK   m2004-05-15-23:10:18.rf.pcm: sb0:2al
[2026-05-15 12:58:33] [INFO]       OK   m2004-05-15-23:44:40.rf.pcm: sb0:0al
[2026-05-15 12:58:33] [INFO]       OK   m2004-05-10-02:00:31.rf.pcm: sb0:75al
[2026-05-15 12:58:33] [INFO]       OK   m2004-05-15-00:51:57.rf.pcm: sb0:5al
[2026-05-15 12:58:33] [INFO]       OK   m2004-05-15-01:56:27.rf.pcm: sb0:59al
[2026-05-15 12:58:33] [INFO]       OK   m2004-05-17-05:01:49.rf.pcm: sb0:15al
[2026-05-15 12:58:33] [INFO]       OK   m2004-05-15-02:57:58.rf.pcm: sb0:10al
[2026-05-15 12:58:33] [INFO]       OK   m2004-05-16-01:32:46.rf.pcm: sb0:11al
[2026-05-15 12:58:33] [INFO]       OK   m2004-05-16-02:58:26.rf.pcm: sb0:79al
[2026-05-15 12:58:33] [INFO]       OK   m2004-05-17-22:47:04.rf.pcm: sb0:33al
[2026-05-15 12:58:33] [INFO]       OK   m2004-05-16-00:28:36.rf.pcm: sb0:74al
[2026-05-15 12:58:33] [INFO]       OK   m2004-05-19-02:04:59.rf.pcm: sb0:11al
[2026-05-15 12:58:33] [INFO]       OK   m2004-05-20-23:28:48.rf.pcm: sb0:6al
[2026-05-15 12:58:33] [INFO]       SKIP m2004-06-05-00:24:47.rf.pcm: too small (14x128)
[2026-05-15 12:58:33] [INFO]       OK   m2004-05-18-03:50:08.rf.pcm: sb0:7al
[2026-05-15 12:58:33] [INFO]       OK   m2004-05-21-04:07:10.rf.pcm: sb0:11al
[2026-05-15 12:58:33] [INFO]       OK   m2004-05-19-00:26:08.rf.pcm: sb0:38al
[2026-05-15 12:58:33] [INFO]       SKIP m2004-06-05-21:57:40.rf.pcm: too small (13x128)
[2026-05-15 12:58:33] [INFO]       SKIP m2004-06-05-22:17:00.rf.pcm: too small (10x128)
[2026-05-15 12:58:33] [INFO]       OK   m2004-05-16-03:59:24.rf.pcm: sb0:82al
[2026-05-15 12:58:33] [INFO]       OK   m2004-06-05-01:34:55.rf.pcm: sb0:8al
[2026-05-15 12:58:33] [INFO]       OK   m2004-06-04-22:55:40.rf.pcm: sb0:29al
[2026-05-15 12:58:33] [INFO]       OK   m2004-05-21-03:15:35.rf.pcm: sb0:38al
[2026-05-15 12:58:33] [INFO]       OK   m2004-06-05-00:50:11.rf.pcm: sb0:29al
[2026-05-15 12:58:33] [INFO]       OK   m2004-06-04-23:33:51.rf.pcm: sb0:29al
[2026-05-15 12:58:33] [INFO]       OK   m2004-06-05-23:14:14.rf.pcm: sb0:5al
[2026-05-15 12:58:33] [INFO]       OK   m2004-06-05-22:36:01.rf.pcm: sb0:12al
[2026-05-15 12:58:33] [INFO]       SKIP m2004-06-06-03:47:12.rf.pcm: too small (15x128)
[2026-05-15 12:58:33] [INFO]       OK   m2004-06-05-23:52:34.rf.pcm: sb0:16al
[2026-05-15 12:58:33] [INFO]       OK   m2004-06-06-00:35:41.rf.pcm: sb0:28al
[2026-05-15 12:58:33] [INFO]       OK   m2004-06-05-02:13:04.rf.pcm: sb0:17al
[2026-05-15 12:58:33] [INFO]       OK   m2004-06-06-01:13:52.rf.pcm: sb0:30al
[2026-05-15 12:58:33] [INFO]       OK   m2004-06-06-03:08:40.rf.pcm: sb0:34al
[2026-05-15 12:58:33] [INFO]       OK   m2004-06-06-02:30:10.rf.pcm: sb0:25al
[2026-05-15 12:58:33] [INFO]       OK   m2004-06-11-00:01:12.rf.pcm: sb0:12al
[2026-05-15 12:58:33] [INFO]       OK   m2004-06-06-01:52:04.rf.pcm: sb0:25al
[2026-05-15 12:58:33] [INFO]       OK   m2004-06-07-20:28:19.rf.pcm: sb0:19al
[2026-05-15 12:58:33] [INFO]       OK   m2004-06-10-21:35:20.rf.pcm: sb0:22al
[2026-05-15 12:58:33] [INFO]       OK   m2004-06-07-21:01:40.rf.pcm: sb0:26al
[2026-05-15 12:58:33] [INFO]       OK   m2004-06-11-22:59:25.rf.pcm: sb0:33al
[2026-05-15 12:58:33] [INFO]       OK   m2004-06-12-00:10:33.rf.pcm: sb0:21al
[2026-05-15 12:58:33] [INFO]       OK   m2004-06-12-20:44:52.rf.pcm: sb0:14al
[2026-05-15 12:58:33] [INFO]       OK   m2004-06-12-22:45:59.rf.pcm: sb0:12al
[2026-05-15 12:58:33] [INFO]       OK   m2004-06-13-23:05:29.rf.pcm: sb0:3al
[2026-05-15 12:58:33] [INFO]       OK   m2004-06-19-20:17:31.rf.pcm: sb0:3al
[2026-05-15 12:58:33] [INFO]       OK   m2004-06-13-22:17:52.rf.pcm: sb0:3al
[2026-05-15 12:58:33] [INFO]       OK   m2004-06-19-20:55:42.rf.pcm: sb0:4al
[2026-05-15 12:58:33] [INFO]       OK   m2004-06-19-22:12:00.rf.pcm: sb0:35al
[2026-05-15 12:58:33] [INFO]       OK   m2004-06-19-22:59:42.rf.pcm: sb0:2al
[2026-05-15 12:58:33] [INFO]       OK   m2004-06-19-21:33:50.rf.pcm: sb0:25al
[2026-05-15 12:58:33] [INFO]       OK   m2004-06-19-23:38:22.rf.pcm: sb0:1al
[2026-05-15 12:58:33] [INFO]       OK   m2004-06-20-00:23:44.rf.pcm: sb0:1al
[2026-05-15 12:58:33] [INFO]       SKIP m2004-06-21-23:18:36.rf.pcm: too small (10x128)
[2026-05-15 12:58:33] [INFO]       OK   m2004-06-20-21:03:24.rf.pcm: sb0:35al
[2026-05-15 12:58:33] [INFO]       OK   m2004-06-20-20:25:12.rf.pcm: sb0:31al
[2026-05-15 12:58:33] [INFO]       OK   m2004-06-20-21:41:32.rf.pcm: sb0:33al
[2026-05-15 12:58:33] [INFO]       SKIP m2004-06-22-23:53:45.rf.pcm: too small (13x128)
[2026-05-15 12:58:33] [INFO]       OK   m2004-06-21-19:30:59.rf.pcm: sb0:26al
[2026-05-15 12:58:33] [INFO]       OK   m2004-06-23-00:20:30.rf.pcm: sb0:27al
[2026-05-15 12:58:33] [INFO]       OK   m2004-06-21-21:11:03.rf.pcm: sb0:71al
[2026-05-15 12:58:33] [INFO]       OK   m2004-06-21-22:17:28.rf.pcm: sb0:71al
[2026-05-15 12:58:33] [INFO]       OK   m2004-06-23-19:34:30.rf.pcm: sb0:7al
[2026-05-15 12:58:33] [INFO]       OK   m2004-06-21-20:09:58.rf.pcm: sb0:59al
[2026-05-15 12:58:33] [INFO]       OK   m2004-06-25-00:00:41.rf.pcm: sb0:12al
[2026-05-15 12:58:33] [INFO]       SKIP m2004-07-16-21:10:17.rf.pcm: too small (12x128)
[2026-05-15 12:58:33] [INFO]       OK   m2004-06-22-21:04:01.rf.pcm: sb0:80al
[2026-05-15 12:58:33] [INFO]       OK   m2004-06-25-21:46:10.rf.pcm: sb0:15al
[2026-05-15 12:58:33] [INFO]       OK   m2004-06-22-22:19:09.rf.pcm: sb0:109al
[2026-05-15 12:58:33] [INFO]       OK   m2004-07-15-19:42:31.rf.pcm: sb0:44al
[2026-05-15 12:58:33] [INFO]       OK   m2004-07-16-21:33:31.rf.pcm: sb0:4al
[2026-05-15 12:58:33] [INFO]       OK   m2004-07-15-20:46:11.rf.pcm: sb0:46al
[2026-05-15 12:58:33] [INFO]       SKIP m2004-07-17-21:00:23.rf.pcm: too small (15x128)
[2026-05-15 12:58:33] [INFO]       OK   m2004-07-17-00:36:32.rf.pcm: sb0:14al
[2026-05-15 12:58:33] [INFO]       SKIP m2004-07-19-19:22:54.rf.pcm: too small (10x128)
[2026-05-15 12:58:33] [INFO]       OK   m2004-07-15-18:33:23.rf.pcm: sb0:85al
[2026-05-15 12:58:33] [INFO]       SKIP m2004-07-22-22:24:44.rf.pcm: too small (10x128)
[2026-05-15 12:58:33] [INFO]       OK   m2004-07-16-22:34:33.rf.pcm: sb0:72al
[2026-05-15 12:58:33] [INFO]       OK   m2004-07-19-19:53:04.rf.pcm: sb0:4al
[2026-05-15 12:58:33] [INFO]       OK   m2004-07-17-18:16:47.rf.pcm: sb0:4al
[2026-05-15 12:58:33] [INFO]       OK   m2004-07-17-20:16:53.rf.pcm: sb0:47al
[2026-05-15 12:58:33] [INFO]       OK   m2004-07-19-20:29:03.rf.pcm: sb0:33al
[2026-05-15 12:58:33] [INFO]       OK   m2004-07-23-21:05:29.rf.pcm: sb0:15al
[2026-05-15 12:58:33] [INFO]       OK   m2004-07-16-23:35:34.rf.pcm: sb0:92al
[2026-05-15 12:58:33] [INFO]       OK   m2004-07-24-20:28:39.rf.pcm: sb0:18al
[2026-05-15 12:58:33] [INFO]       OK   m2004-08-01-22:51:19.rf.pcm: sb0:6al
[2026-05-15 12:58:33] [INFO]       OK   m2004-07-17-19:19:12.rf.pcm: sb0:71al
[2026-05-15 12:58:33] [INFO]       OK   m2004-08-01-23:27:30.rf.pcm: sb0:16al
[2026-05-15 12:58:33] [INFO]       OK   m2004-08-01-19:23:22.rf.pcm: sb0:71al
[2026-05-15 12:58:33] [INFO]       OK   m2004-08-01-20:31:31.rf.pcm: sb0:34al
[2026-05-15 12:58:33] [INFO]       SKIP m2004-08-02-22:55:51.rf.pcm: too small (11x128)
[2026-05-15 12:58:33] [INFO]       OK   m2004-08-01-18:17:37.rf.pcm: sb0:82al
[2026-05-15 12:58:33] [INFO]       OK   m2004-08-09-16:49:00.rf.pcm: sb0:4al
[2026-05-15 12:58:33] [INFO]       OK   m2004-08-01-21:35:23.rf.pcm: sb0:20al
[2026-05-15 12:58:33] [INFO]       OK   m2004-08-09-21:45:50.rf.pcm: sb0:18al
[2026-05-15 12:58:33] [INFO]       OK   m2004-08-02-20:42:50.rf.pcm: sb0:7al
[2026-05-15 12:58:33] [INFO]       OK   m2004-08-02-19:38:59.rf.pcm: sb0:41al
[2026-05-15 12:58:33] [INFO]       OK   m2004-08-12-19:18:37.rf.pcm: sb0:7al
[2026-05-15 12:58:33] [INFO]       OK   m2004-08-10-21:19:31.rf.pcm: sb0:12al
[2026-05-15 12:58:33] [INFO]       OK   m2004-08-12-21:20:24.rf.pcm: sb0:34al
[2026-05-15 12:58:33] [INFO]       OK   m2004-08-02-21:47:29.rf.pcm: sb0:19al
[2026-05-15 12:58:33] [INFO]       OK   m2004-08-12-20:47:16.rf.pcm: sb0:19al
[2026-05-15 12:58:33] [INFO]       OK   m2004-08-13-16:47:57.rf.pcm: sb0:7al
[2026-05-15 12:58:33] [INFO]       OK   m2004-08-13-18:09:34.rf.pcm: sb0:24al
[2026-05-15 12:58:33] [INFO]       OK   m2004-08-12-19:51:35.rf.pcm: sb0:8al
[2026-05-15 12:58:33] [INFO]       OK   m2004-08-13-18:42:38.rf.pcm: sb0:7al
[2026-05-15 12:58:33] [INFO]       OK   m2004-08-13-19:48:28.rf.pcm: sb0:34al
[2026-05-15 12:58:33] [INFO]       OK   m2004-08-12-21:53:12.rf.pcm: sb0:25al
[2026-05-15 12:58:33] [INFO]       OK   m2004-08-14-00:32:07.rf.pcm: sb0:8al
[2026-05-15 12:58:33] [INFO]       OK   m2004-08-13-17:31:35.rf.pcm: sb0:26al
[2026-05-15 12:58:33] [INFO]       OK   m2004-08-13-20:21:05.rf.pcm: sb0:24al
[2026-05-15 12:58:33] [INFO]       OK   m2004-08-13-19:15:55.rf.pcm: sb0:32al
[2026-05-15 12:58:33] [INFO]       OK   m2004-08-13-20:53:37.rf.pcm: sb0:24al
[2026-05-15 12:58:33] [INFO]       OK   m2004-08-14-17:28:04.rf.pcm: sb0:16al
[2026-05-15 12:58:33] [INFO]       OK   m2004-08-14-16:12:58.rf.pcm: sb0:11al
[2026-05-15 12:58:33] [INFO]       OK   m2004-08-14-16:50:35.rf.pcm: sb0:12al
[2026-05-15 12:58:33] [INFO]       SKIP m2004-08-15-19:08:19.rf.pcm: too small (12x128)
[2026-05-15 12:58:33] [INFO]       OK   m2004-08-14-18:48:24.rf.pcm: sb0:21al
[2026-05-15 12:58:33] [INFO]       OK   m2004-08-14-18:10:54.rf.pcm: sb0:37al
[2026-05-15 12:58:33] [INFO]       OK   m2004-08-14-19:54:15.rf.pcm: sb0:35al
[2026-05-15 12:58:33] [INFO]       OK   m2004-08-14-19:21:36.rf.pcm: sb0:42al
[2026-05-15 12:58:33] [INFO]       OK   m2004-08-15-18:14:34.rf.pcm: sb0:1al
[2026-05-15 12:58:33] [INFO]       OK   m2004-08-14-20:26:46.rf.pcm: sb0:25al
[2026-05-15 12:58:33] [INFO]       OK   m2004-08-15-20:07:47.rf.pcm: sb0:14al
[2026-05-15 12:58:33] [INFO]       OK   m2004-08-15-19:30:06.rf.pcm: sb0:5al
[2026-05-15 12:58:33] [INFO]       OK   m2004-08-15-20:48:45.rf.pcm: sb0:3al
[2026-05-15 12:58:33] [INFO]       OK   m2004-08-16-18:28:44.rf.pcm: sb0:27al
[2026-05-15 12:58:33] [INFO]       OK   m2004-08-15-21:26:18.rf.pcm: sb0:46al
[2026-05-15 12:58:33] [INFO]       OK   m2004-08-15-22:04:48.rf.pcm: sb0:39al
[2026-05-15 12:58:33] [INFO]       OK   m2004-08-16-19:06:17.rf.pcm: sb0:14al
[2026-05-15 12:58:33] [INFO]       OK   m2004-08-16-19:43:57.rf.pcm: sb0:16al
[2026-05-15 12:58:33] [INFO]       SKIP m2004-09-01-18:59:58.rf.pcm: too small (11x128)
[2026-05-15 12:58:33] [INFO]       OK   m2004-08-16-20:55:16.rf.pcm: sb0:4al
[2026-05-15 12:58:33] [INFO]       OK   m2004-08-16-21:27:54.rf.pcm: sb0:5al
[2026-05-15 12:58:33] [INFO]       OK   m2004-08-31-18:57:17.rf.pcm: sb0:4al
[2026-05-15 12:58:33] [INFO]       OK   m2004-08-27-21:17:16.rf.pcm: sb0:13al
[2026-05-15 12:58:33] [INFO]       OK   m2004-09-01-17:39:25.rf.pcm: sb0:23al
[2026-05-15 12:58:33] [INFO]       OK   m2004-08-30-18:42:22.rf.pcm: sb0:9al
[2026-05-15 12:58:33] [INFO]       OK   m2004-08-16-20:21:36.rf.pcm: sb0:5al
[2026-05-15 12:58:33] [INFO]       OK   m2004-09-10-16:20:34.rf.pcm: sb0:17al
[2026-05-15 12:58:33] [INFO]       OK   m2004-09-10-17:53:05.rf.pcm: sb0:25al
[2026-05-15 12:58:33] [INFO]       OK   m2004-09-10-18:30:39.rf.pcm: sb0:35al
[2026-05-15 12:58:33] [INFO]       OK   m2004-09-10-16:58:05.rf.pcm: sb0:13al
[2026-05-15 12:58:33] [INFO]       OK   m2004-09-10-19:08:17.rf.pcm: sb0:32al
[2026-05-15 12:58:33] [INFO]       OK   m2004-09-10-19:45:58.rf.pcm: sb0:35al
[2026-05-15 12:58:33] [INFO]       OK   m2004-09-11-16:57:53.rf.pcm: sb0:5al
[2026-05-15 12:58:33] [INFO]       OK   m2004-09-11-15:42:47.rf.pcm: sb0:3al
[2026-05-15 12:58:33] [INFO]       OK   m2004-09-11-16:20:24.rf.pcm: sb0:3al
[2026-05-15 12:58:33] [INFO]       OK   m2004-09-11-18:39:06.rf.pcm: sb0:5al
[2026-05-15 12:58:33] [INFO]       OK   m2004-09-11-19:11:36.rf.pcm: sb0:42al
[2026-05-15 12:58:33] [INFO]       OK   m2004-09-11-19:45:10.rf.pcm: sb0:33al
[2026-05-15 12:58:33] [INFO]       OK   m2004-09-11-20:17:46.rf.pcm: sb0:34al
[2026-05-15 12:58:33] [INFO]       OK   m2004-09-11-20:50:44.rf.pcm: sb0:38al
[2026-05-15 12:58:33] [INFO]       OK   m2004-09-12-15:18:57.rf.pcm: sb0:8al
[2026-05-15 12:58:33] [INFO]       OK   m2004-09-12-15:56:34.rf.pcm: sb0:8al
[2026-05-15 12:58:33] [INFO]       OK   m2004-09-12-14:41:25.rf.pcm: sb0:8al
[2026-05-15 12:58:33] [INFO]       OK   m2004-09-12-17:11:06.rf.pcm: sb0:34al
[2026-05-15 12:58:33] [INFO]       OK   m2004-09-12-17:48:46.rf.pcm: sb0:38al
[2026-05-15 12:58:33] [INFO]       OK   m2004-09-12-18:26:26.rf.pcm: sb0:31al
[2026-05-15 12:58:33] [INFO]       OK   m2004-09-12-20:05:48.rf.pcm: sb0:5al
[2026-05-15 12:58:33] [INFO]       OK   m2004-09-12-18:59:59.rf.pcm: sb0:29al
[2026-05-15 12:58:33] [INFO]       OK   m2004-09-12-19:32:36.rf.pcm: sb0:37al
[2026-05-15 12:58:33] [INFO]       OK   m2004-09-12-20:38:26.rf.pcm: sb0:39al
[2026-05-15 12:58:33] [INFO]       OK   m2004-09-13-16:33:37.rf.pcm: sb0:32al
[2026-05-15 12:58:33] [INFO]       OK   m2004-09-13-17:11:17.rf.pcm: sb0:35al
[2026-05-15 12:58:33] [INFO]       OK   m2004-09-13-18:27:00.rf.pcm: sb0:3al
[2026-05-15 12:58:33] [INFO]       OK   m2004-09-13-17:48:57.rf.pcm: sb0:3al
[2026-05-15 12:58:33] [INFO]       SKIP m2004-09-14-18:21:26.rf.pcm: too small (10x128)
[2026-05-15 12:58:33] [INFO]       OK   m2004-09-13-19:04:36.rf.pcm: sb0:41al
[2026-05-15 12:58:33] [INFO]       OK   m2004-09-13-19:44:07.rf.pcm: sb0:33al
[2026-05-15 12:58:33] [INFO]       OK   m2004-09-13-20:21:46.rf.pcm: sb0:33al
[2026-05-15 12:58:33] [INFO]       OK   m2004-09-14-16:54:34.rf.pcm: sb0:9al
[2026-05-15 12:58:33] [INFO]       OK   m2004-09-14-17:47:27.rf.pcm: sb0:19al
[2026-05-15 12:58:33] [INFO]       OK   m2004-09-14-16:17:03.rf.pcm: sb0:8al
[2026-05-15 12:58:33] [INFO]       OK   m2004-09-14-18:59:17.rf.pcm: sb0:38al
[2026-05-15 12:58:33] [INFO]       SKIP m2004-09-27-17:45:24.rf.pcm: too small (15x128)
[2026-05-15 12:58:33] [INFO]       OK   m2004-09-14-19:36:59.rf.pcm: sb0:33al
[2026-05-15 12:58:33] [INFO]       OK   m2004-09-25-16:20:57.rf.pcm: sb0:5al
[2026-05-15 12:58:33] [INFO]       OK   m2004-09-27-15:11:26.rf.pcm: sb0:16al
[2026-05-15 12:58:33] [INFO]       OK   m2004-09-14-20:10:20.rf.pcm: sb0:24al
[2026-05-15 12:58:33] [INFO]       OK   m2004-09-27-15:49:06.rf.pcm: sb0:8al
[2026-05-15 12:58:33] [INFO]       OK   m2004-09-27-17:07:47.rf.pcm: sb0:35al
[2026-05-15 12:58:33] [INFO]       OK   m2004-09-27-16:26:46.rf.pcm: sb0:3al
[2026-05-15 12:58:33] [INFO]       OK   m2004-09-27-18:28:06.rf.pcm: sb0:3al
[2026-05-15 12:58:33] [INFO]       OK   m2004-09-27-19:48:57.rf.pcm: sb0:10al
[2026-05-15 12:58:33] [INFO]       OK   m2004-09-27-19:05:47.rf.pcm: sb0:24al
[2026-05-15 12:58:33] [INFO]       OK   m2004-09-27-20:26:37.rf.pcm: sb0:37al
[2026-05-15 12:58:33] [INFO]       OK   m2004-09-28-17:50:57.rf.pcm: sb0:33al
[2026-05-15 12:58:33] [INFO]       OK   m2004-09-28-19:06:15.rf.pcm: sb0:35al
[2026-05-15 12:58:33] [INFO]       OK   m2004-09-28-18:28:37.rf.pcm: sb0:28al
[2026-05-15 12:58:33] [INFO]       OK   m2004-09-28-21:10:47.rf.pcm: sb0:30al
[2026-05-15 12:58:33] [INFO]       OK   m2004-09-28-19:44:17.rf.pcm: sb0:29al
[2026-05-15 12:58:33] [INFO]       OK   m2004-09-28-20:21:56.rf.pcm: sb0:31al
[2026-05-15 12:58:33] [INFO]       OK   m2004-10-22-14:20:34.rf.pcm: sb0:11al
[2026-05-15 12:58:33] [INFO]       OK   m2004-09-28-21:48:26.rf.pcm: sb0:28al
[2026-05-15 12:58:33] [INFO]       OK   m2004-10-26-15:24:34.rf.pcm: sb0:7al
[2026-05-15 12:58:33] [INFO]       OK   m2004-10-27-16:22:06.rf.pcm: sb0:6al
[2026-05-15 12:58:33] [INFO]       OK   m2004-10-28-11:09:24.rf.pcm: sb0:1al
[2026-05-15 12:58:33] [INFO]       OK   m2004-10-29-13:41:54.rf.pcm: sb0:2al
[2026-05-15 12:58:33] [INFO]       OK   m2004-10-27-13:16:56.rf.pcm: sb0:8al
[2026-05-15 12:58:33] [INFO]       OK   m2004-10-28-14:05:48.rf.pcm: sb0:11al
[2026-05-15 12:58:33] [INFO]       OK   m2004-11-07-20:14:35.rf.pcm: sb0:11al
[2026-05-15 12:58:33] [INFO]       OK   m2004-11-07-12:59:22.rf.pcm: sb0:30al
[2026-05-15 12:58:33] [INFO]       OK   m2004-11-27-10:50:05.rf.pcm: sb0:14al
[2026-05-15 12:58:33] [INFO]       OK   m2004-11-28-11:13:16.rf.pcm: sb0:16al
[2026-05-15 12:58:33] [INFO]       OK   m2004-12-01-12:42:38.rf.pcm: sb0:16al
[2026-05-15 12:58:33] [INFO]       OK   m2004-12-03-11:07:33.rf.pcm: sb0:10al
[2026-05-15 12:58:33] [INFO]       OK   m2004-12-20-17:29:36.rf.pcm: sb0:31al
[2026-05-15 12:58:33] [INFO]       OK   m2005-01-05-11:04:20.rf.pcm: sb0:4al
[2026-05-15 12:58:33] [INFO]       OK   m2005-01-05-10:20:58.rf.pcm: sb0:38al
[2026-05-15 12:58:33] [INFO]       OK   m2004-11-05-13:32:14.rf.pcm: sb0:3al
[2026-05-15 12:58:33] [INFO]       OK   m2004-12-21-17:25:47.rf.pcm: sb0:4al
[2026-05-15 12:58:33] [INFO]       OK   m2004-11-06-13:40:36.rf.pcm: sb0:44al
[2026-05-15 12:58:33] [INFO]       OK   m2005-01-04-09:13:29.rf.pcm: sb0:3al
[2026-05-15 12:58:33] [INFO]       OK   m2005-01-05-09:31:28.rf.pcm: sb0:11al
[2026-05-15 12:58:33] [INFO]       OK   m2005-01-05-11:43:00.rf.pcm: sb0:29al
[2026-05-15 12:58:33] [INFO]       OK   m2005-01-06-10:18:52.rf.pcm: sb0:19al
[2026-05-15 12:58:33] [INFO]       SKIP m2005-01-22-06:14:50.rf.pcm: too small (15x128)
[2026-05-15 12:58:33] [INFO]       OK   m2005-01-06-09:46:06.rf.pcm: sb0:40al
[2026-05-15 12:58:33] [INFO]       OK   m2005-01-05-12:22:48.rf.pcm: sb0:4al
[2026-05-15 12:58:33] [INFO]       OK   m2005-01-07-08:57:57.rf.pcm: sb0:18al
[2026-05-15 12:58:33] [INFO]       OK   m2005-01-07-09:24:09.rf.pcm: sb0:11al
[2026-05-15 12:58:33] [INFO]       OK   m2005-01-07-09:53:38.rf.pcm: sb0:27al
[2026-05-15 12:58:33] [INFO]       OK   m2005-01-06-10:51:31.rf.pcm: sb0:35al
[2026-05-15 12:58:33] [INFO]       OK   m2005-02-02-14:49:04.rf.pcm: sb0:2al
[2026-05-15 12:58:33] [INFO]       OK   m2005-03-02-06:01:20.rf.pcm: sb0:7al
[2026-05-15 12:58:33] [INFO]       OK   m2005-03-21-03:07:19.rf.pcm: sb0:4al
[2026-05-15 12:58:33] [INFO]       OK   m2005-01-07-10:28:48.rf.pcm: sb0:62al
[2026-05-15 12:58:33] [INFO]       OK   m2005-03-02-06:39:16.rf.pcm: sb0:6al
[2026-05-15 12:58:33] [INFO]       OK   m2005-02-17-06:52:16.rf.pcm: sb0:3al
[2026-05-15 12:58:33] [INFO]       OK   m2005-01-22-06:54:21.rf.pcm: sb0:54al
[2026-05-15 12:58:33] [INFO]       OK   m2005-03-21-03:50:37.rf.pcm: sb0:17al
[2026-05-15 12:58:33] [INFO]       OK   m2005-01-22-07:59:01.rf.pcm: sb0:66al
[2026-05-15 12:58:33] [INFO]       OK   m2005-04-09-05:50:20.rf.pcm: sb0:14al
[2026-05-15 12:58:33] [INFO]       OK   m2005-04-08-06:30:49.rf.pcm: sb0:13al
[2026-05-15 12:58:33] [INFO]       SKIP m2005-05-10-07:05:51.rf.pcm: too small (12x128)
[2026-05-15 12:58:33] [INFO]       OK   m2005-04-16-01:09:50.rf.pcm: sb0:12al
[2026-05-15 12:58:33] [INFO]       OK   m2005-04-22-02:38:44.rf.pcm: sb0:7al
[2026-05-15 12:58:33] [INFO]       OK   m2005-04-24-00:59:28.rf.pcm: sb0:12al
[2026-05-15 12:58:33] [INFO]       OK   m2005-03-29-00:59:34.rf.pcm: sb0:71al
[2026-05-15 12:58:33] [INFO]       OK   m2005-04-25-02:08:59.rf.pcm: sb0:7al
[2026-05-15 12:58:33] [INFO]       OK   m2005-04-09-03:14:21.rf.pcm: sb0:9al
[2026-05-15 12:58:33] [INFO]       OK   m2005-05-10-06:18:15.rf.pcm: sb0:15al
[2026-05-15 12:58:33] [INFO]       OK   m2005-05-11-01:26:17.rf.pcm: sb0:6al
[2026-05-15 12:58:34] [INFO]       OK   m2005-05-27-05:38:45.rf.pcm: sb0:27al
[2026-05-15 12:58:34] [INFO]       SKIP m2005-06-11-22:24:18.rf.pcm: too small (10x128)
[2026-05-15 12:58:34] [INFO]       SKIP m2005-06-11-23:03:32.rf.pcm: too small (15x128)
[2026-05-15 12:58:34] [INFO]       OK   m2005-05-26-23:07:39.rf.pcm: sb0:41al
[2026-05-15 12:58:34] [INFO]       OK   m2005-05-29-00:06:34.rf.pcm: sb0:0al
[2026-05-15 12:58:34] [INFO]       OK   m2005-05-27-01:30:19.rf.pcm: sb0:20al
[2026-05-15 12:58:34] [INFO]       OK   m2005-05-28-00:14:36.rf.pcm: sb0:7al
[2026-05-15 12:58:34] [INFO]       OK   m2005-06-27-05:08:49.rf.pcm: sb0:0al
[2026-05-15 12:58:34] [INFO]       OK   m2005-06-12-03:23:42.rf.pcm: sb0:13al
[2026-05-15 12:58:34] [INFO]       SKIP m2005-06-29-03:43:22.rf.pcm: too small (11x128)
[2026-05-15 12:58:34] [INFO]       SKIP m2005-06-29-04:20:57.rf.pcm: too small (14x128)
[2026-05-15 12:58:34] [INFO]       OK   m2005-06-11-23:49:33.rf.pcm: sb0:35al
[2026-05-15 12:58:34] [INFO]       SKIP m2005-06-29-04:47:55.rf.pcm: too small (11x128)
[2026-05-15 12:58:34] [INFO]       OK   m2005-05-28-01:29:55.rf.pcm: sb0:78al
[2026-05-15 12:58:34] [INFO]       SKIP m2005-06-29-05:21:57.rf.pcm: too small (10x128)
[2026-05-15 12:58:34] [INFO]       OK   m2005-06-12-02:40:41.rf.pcm: sb0:15al
[2026-05-15 12:58:34] [INFO]       OK   m2005-05-30-23:44:56.rf.pcm: sb0:70al
[2026-05-15 12:58:34] [INFO]       SKIP m2005-07-15-01:17:21.rf.pcm: too small (15x128)
[2026-05-15 12:58:34] [INFO]       SKIP m2005-07-15-01:45:11.rf.pcm: too small (11x128)
[2026-05-15 12:58:34] [INFO]       SKIP m2005-07-16-20:07:43.rf.pcm: too small (14x128)
[2026-05-15 12:58:34] [INFO]       SKIP m2005-07-16-19:48:55.rf.pcm: too small (11x128)
[2026-05-15 12:58:34] [INFO]       SKIP m2005-07-16-20:26:40.rf.pcm: too small (11x128)
[2026-05-15 12:58:34] [INFO]       SKIP m2005-07-16-20:45:26.rf.pcm: too small (14x128)
[2026-05-15 12:58:34] [INFO]       SKIP m2005-07-16-21:04:28.rf.pcm: too small (14x128)
[2026-05-15 12:58:34] [INFO]       OK   m2005-06-29-00:51:59.rf.pcm: sb0:12al
[2026-05-15 12:58:34] [INFO]       OK   m2005-06-02-21:38:10.rf.pcm: sb0:52al
[2026-05-15 12:58:34] [INFO]       OK   m2005-06-28-05:03:39.rf.pcm: sb0:29al
[2026-05-15 12:58:34] [INFO]       OK   m2005-06-29-20:13:29.rf.pcm: sb0:7al
[2026-05-15 12:58:34] [INFO]       SKIP m2005-07-20-21:17:19.rf.pcm: too small (10x128)
[2026-05-15 12:58:34] [INFO]       OK   m2005-07-14-20:55:07.rf.pcm: sb0:15al
[2026-05-15 12:58:34] [INFO]       OK   m2005-07-19-20:19:48.rf.pcm: sb0:0al
[2026-05-15 12:58:34] [INFO]       OK   m2005-07-17-19:35:48.rf.pcm: sb0:13al
[2026-05-15 12:58:34] [INFO]       OK   m2005-07-21-18:36:19.rf.pcm: sb0:7al
[2026-05-15 12:58:34] [INFO]       OK   m2005-07-21-19:51:35.rf.pcm: sb0:12al
[2026-05-15 12:58:34] [INFO]       OK   m2005-07-16-21:37:50.rf.pcm: sb0:6al
[2026-05-15 12:58:34] [INFO]       OK   m2005-07-17-19:02:58.rf.pcm: sb0:15al
[2026-05-15 12:58:34] [INFO]       OK   m2005-07-18-20:13:57.rf.pcm: sb0:25al
[2026-05-15 12:58:34] [INFO]       OK   m2005-07-21-19:14:00.rf.pcm: sb0:20al
[2026-05-15 12:58:34] [INFO]       OK   m2005-07-21-20:29:06.rf.pcm: sb0:12al
[2026-05-15 12:58:34] [INFO]       OK   m2005-07-22-18:30:08.rf.pcm: sb0:19al
[2026-05-15 12:58:34] [INFO]       OK   m2005-07-22-20:23:29.rf.pcm: sb0:5al
[2026-05-15 12:58:34] [INFO]       OK   m2005-07-23-17:46:49.rf.pcm: sb0:41al
[2026-05-15 12:58:34] [INFO]       OK   m2005-07-22-19:07:47.rf.pcm: sb0:9al
[2026-05-15 12:58:34] [INFO]       OK   m2005-07-22-19:45:30.rf.pcm: sb0:13al
[2026-05-15 12:58:34] [INFO]       OK   m2005-07-20-19:09:35.rf.pcm: sb0:6al
[2026-05-15 12:58:34] [INFO]       OK   m2005-07-23-19:02:19.rf.pcm: sb0:4al
[2026-05-15 12:58:34] [INFO]       OK   m2005-07-23-18:24:27.rf.pcm: sb0:35al
[2026-05-15 12:58:34] [INFO]       SKIP m2005-07-24-00:20:09.rf.pcm: too small (15x128)
[2026-05-15 12:58:34] [INFO]       OK   m2005-07-23-21:33:08.rf.pcm: sb0:4al
[2026-05-15 12:58:34] [INFO]       OK   m2005-07-23-20:55:17.rf.pcm: sb0:36al
[2026-05-15 12:58:34] [INFO]       OK   m2005-07-24-00:54:08.rf.pcm: sb0:3al
[2026-05-15 12:58:34] [INFO]       OK   m2005-07-23-20:17:38.rf.pcm: sb0:32al
[2026-05-15 12:58:34] [INFO]       SKIP m2005-07-24-03:24:50.rf.pcm: too small (13x128)
[2026-05-15 12:58:34] [INFO]       OK   m2005-07-23-22:48:42.rf.pcm: sb0:37al
[2026-05-15 12:58:34] [INFO]       OK   m2005-07-23-19:40:00.rf.pcm: sb0:38al
[2026-05-15 12:58:34] [INFO]       OK   m2005-07-24-01:31:49.rf.pcm: sb0:3al
[2026-05-15 12:58:34] [INFO]       OK   m2005-07-23-23:42:28.rf.pcm: sb0:44al
[2026-05-15 12:58:34] [INFO]       OK   m2005-07-23-22:10:58.rf.pcm: sb0:43al
[2026-05-15 12:58:34] [INFO]       OK   m2005-07-24-02:47:09.rf.pcm: sb0:39al
[2026-05-15 12:58:34] [INFO]       OK   m2005-07-24-02:09:32.rf.pcm: sb0:36al
[2026-05-15 12:58:34] [INFO]       OK   m2005-07-24-19:06:29.rf.pcm: sb0:10al
[2026-05-15 12:58:34] [INFO]       OK   m2005-07-24-18:28:50.rf.pcm: sb0:12al
[2026-05-15 12:58:34] [INFO]       OK   m2005-07-24-17:51:09.rf.pcm: sb0:10al
[2026-05-15 12:58:34] [INFO]       OK   m2005-07-24-20:24:06.rf.pcm: sb0:5al
[2026-05-15 12:58:34] [INFO]       OK   m2005-07-24-22:17:50.rf.pcm: sb0:15al
[2026-05-15 12:58:34] [INFO]       OK   m2005-07-24-21:40:09.rf.pcm: sb0:8al
[2026-05-15 12:58:34] [INFO]       OK   m2005-07-24-21:02:30.rf.pcm: sb0:10al
[2026-05-15 12:58:34] [INFO]       OK   m2005-07-24-22:55:39.rf.pcm: sb0:8al
[2026-05-15 12:58:34] [INFO]       OK   m2005-07-24-19:44:07.rf.pcm: sb0:1al
[2026-05-15 12:58:34] [INFO]       OK   m2005-07-25-00:11:22.rf.pcm: sb0:4al
[2026-05-15 12:58:34] [INFO]       OK   m2005-07-24-23:33:30.rf.pcm: sb0:4al
[2026-05-15 12:58:34] [INFO]       SKIP m2005-08-01-00:50:14.rf.pcm: too small (11x128)
[2026-05-15 12:58:34] [INFO]       OK   m2005-07-25-00:48:58.rf.pcm: sb0:13al
[2026-05-15 12:58:34] [INFO]       OK   m2005-08-01-01:40:18.rf.pcm: sb0:12al
[2026-05-15 12:58:34] [INFO]       OK   m2005-07-25-02:04:20.rf.pcm: sb0:6al
[2026-05-15 12:58:34] [INFO]       SKIP m2005-08-27-17:48:54.rf.pcm: too small (12x128)
[2026-05-15 12:58:34] [INFO]       OK   m2005-07-25-01:26:39.rf.pcm: sb0:3al
[2026-05-15 12:58:34] [INFO]       OK   m2005-07-25-02:41:58.rf.pcm: sb0:3al
[2026-05-15 12:58:34] [INFO]       OK   m2005-08-03-17:12:14.rf.pcm: sb0:32al
[2026-05-15 12:58:34] [INFO]       OK   m2005-08-01-01:07:37.rf.pcm: sb0:29al
[2026-05-15 12:58:34] [INFO]       OK   m2005-07-31-17:45:18.rf.pcm: sb0:9al
[2026-05-15 12:58:34] [INFO]       OK   m2005-08-03-17:50:27.rf.pcm: sb0:29al
[2026-05-15 12:58:34] [INFO]       OK   m2005-07-31-17:06:58.rf.pcm: sb0:10al
[2026-05-15 12:58:34] [INFO]       OK   m2005-09-01-15:21:14.rf.pcm: sb0:28al
[2026-05-15 12:58:34] [INFO]       OK   m2005-09-01-14:45:14.rf.pcm: sb0:35al
[2026-05-15 12:58:34] [INFO]       OK   m2005-09-01-16:34:30.rf.pcm: sb0:32al
[2026-05-15 12:58:34] [INFO]       OK   m2005-09-01-15:57:22.rf.pcm: sb0:45al
[2026-05-15 12:58:34] [INFO]       OK   m2005-09-01-17:10:31.rf.pcm: sb0:38al
[2026-05-15 12:58:34] [INFO]       OK   m2005-09-01-18:23:27.rf.pcm: sb0:15al
[2026-05-15 12:58:34] [INFO]       SKIP m2005-09-03-17:09:35.rf.pcm: too small (14x128)
[2026-05-15 12:58:34] [INFO]       OK   m2005-09-01-17:46:49.rf.pcm: sb0:26al
[2026-05-15 12:58:34] [INFO]       OK   m2005-09-01-20:12:39.rf.pcm: sb0:3al
[2026-05-15 12:58:34] [INFO]       OK   m2005-09-01-19:00:04.rf.pcm: sb0:26al
[2026-05-15 12:58:34] [INFO]       OK   m2005-09-01-19:36:12.rf.pcm: sb0:40al
[2026-05-15 12:58:34] [INFO]       OK   m2005-09-01-20:48:57.rf.pcm: sb0:36al
[2026-05-15 12:58:34] [INFO]       OK   m2005-09-07-16:29:40.rf.pcm: sb0:2al
[2026-05-15 12:58:34] [INFO]       OK   m2005-09-02-17:54:41.rf.pcm: sb0:4al
[2026-05-15 12:58:34] [INFO]       OK   m2005-09-03-19:18:22.rf.pcm: sb0:36al
[2026-05-15 12:58:34] [INFO]       OK   m2005-09-02-19:48:22.rf.pcm: sb0:3al
[2026-05-15 12:58:34] [INFO]       SKIP m2005-09-07-20:05:54.rf.pcm: too small (13x128)
[2026-05-15 12:58:34] [INFO]       SKIP m2005-09-07-21:08:42.rf.pcm: too small (11x128)
[2026-05-15 12:58:34] [INFO]       OK   m2005-09-07-15:53:22.rf.pcm: sb0:2al
[2026-05-15 12:58:34] [INFO]       OK   m2005-09-07-17:05:30.rf.pcm: sb0:0al
[2026-05-15 12:58:34] [INFO]       OK   m2005-09-07-17:41:52.rf.pcm: sb0:1al
[2026-05-15 12:58:34] [INFO]       OK   m2005-09-07-19:30:13.rf.pcm: sb0:3al
[2026-05-15 12:58:34] [INFO]       OK   m2005-09-03-20:37:02.rf.pcm: sb0:74al
[2026-05-15 12:58:34] [INFO]       OK   m2005-09-07-18:18:52.rf.pcm: sb0:3al
[2026-05-15 12:58:34] [INFO]       OK   m2005-09-07-18:54:32.rf.pcm: sb0:8al
[2026-05-15 12:58:34] [INFO]       OK   m2005-09-07-21:30:49.rf.pcm: sb0:7al
[2026-05-15 12:58:34] [INFO]       SKIP m2005-10-03-21:34:12.rf.pcm: too small (14x128)
[2026-05-15 12:58:34] [INFO]       OK   m2005-09-07-22:06:32.rf.pcm: sb0:6al
[2026-05-15 12:58:34] [INFO]       OK   m2005-09-07-22:42:52.rf.pcm: sb0:10al
[2026-05-15 12:58:34] [INFO]       OK   m2005-09-07-23:35:56.rf.pcm: sb0:11al
[2026-05-15 12:58:34] [INFO]       OK   m2005-10-03-21:49:59.rf.pcm: sb0:4al
[2026-05-15 12:58:34] [INFO]       OK   m2005-09-08-00:11:50.rf.pcm: sb0:11al
[2026-05-15 12:58:34] [INFO]       OK   m2005-10-03-22:45:00.rf.pcm: sb0:29al
[2026-05-15 12:58:34] [INFO]       OK   m2005-10-02-20:51:12.rf.pcm: sb0:10al
[2026-05-15 12:58:34] [INFO]       OK   m2005-10-02-20:14:42.rf.pcm: sb0:9al
[2026-05-15 12:58:34] [INFO]       OK   m2005-10-03-22:09:30.rf.pcm: sb0:11al
[2026-05-15 12:58:34] [INFO]       OK   m2005-10-03-15:22:02.rf.pcm: sb0:10al
[2026-05-15 12:58:34] [INFO]       OK   m2005-10-04-13:52:02.rf.pcm: sb0:13al
[2026-05-15 12:58:34] [INFO]       OK   m2005-10-04-17:14:01.rf.pcm: sb0:160al
[2026-05-15 12:58:34] [INFO]       OK   m2005-10-04-14:59:20.rf.pcm: sb0:31al
[2026-05-15 12:58:34] [INFO]       OK   m2005-10-04-16:06:40.rf.pcm: sb0:6al
[2026-05-15 12:58:34] [INFO]       OK   m2005-10-04-19:28:44.rf.pcm: sb0:18al
[2026-05-15 12:58:34] [INFO]       OK   m2005-10-04-12:44:39.rf.pcm: sb0:234al
[2026-05-15 12:58:34] [INFO]       OK   m2005-10-04-18:21:22.rf.pcm: sb0:12al
[2026-05-15 12:58:34] [INFO]       OK   m2005-10-04-22:33:30.rf.pcm: sb0:15al
[2026-05-15 12:58:34] [INFO]       OK   m2005-10-16-17:56:33.rf.pcm: sb0:14al
[2026-05-15 12:58:34] [INFO]       OK   m2005-10-04-20:36:02.rf.pcm: sb0:3al
[2026-05-15 12:58:34] [INFO]       OK   m2005-10-17-14:54:39.rf.pcm: sb0:10al
[2026-05-15 12:58:34] [INFO]       OK   m2005-11-11-18:14:01.rf.pcm: sb0:14al
[2026-05-15 12:58:34] [INFO]       OK   m2005-10-04-21:43:22.rf.pcm: sb0:164al
[2026-05-15 12:58:34] [INFO]       OK   m2005-11-11-14:51:01.rf.pcm: sb0:3al
[2026-05-15 12:58:34] [INFO]       OK   m2005-11-11-13:17:11.rf.pcm: sb0:7al
[2026-05-15 12:58:34] [INFO]       OK   m2005-11-11-12:06:43.rf.pcm: sb0:90al
[2026-05-15 12:58:34] [INFO]       OK   m2005-11-11-15:58:41.rf.pcm: sb0:92al
[2026-05-15 12:58:34] [INFO]       OK   m2005-11-11-20:08:29.rf.pcm: sb0:13al
[2026-05-15 12:58:34] [INFO]       OK   m2005-11-11-17:06:13.rf.pcm: sb0:91al
[2026-05-15 12:58:34] [INFO]       OK   m2005-11-11-19:01:13.rf.pcm: sb0:3al
[2026-05-15 12:58:34] [INFO]       OK   m2005-11-12-13:44:21.rf.pcm: sb0:109al
[2026-05-15 12:58:34] [INFO]       OK   m2005-11-13-11:30:41.rf.pcm: sb0:43al
[2026-05-15 12:58:34] [INFO]       OK   m2005-11-13-12:50:29.rf.pcm: sb0:91al
[2026-05-15 12:58:34] [INFO]       SKIP m2005-12-20-12:30:25.rf.pcm: too small (10x128)
[2026-05-15 12:58:34] [INFO]       OK   m2005-11-14-12:17:49.rf.pcm: sb0:3al
[2026-05-15 12:58:34] [INFO]       OK   m2005-11-13-16:25:49.rf.pcm: sb0:105al
[2026-05-15 12:58:34] [INFO]       OK   m2005-11-14-14:13:21.rf.pcm: sb0:5al
[2026-05-15 12:58:34] [INFO]       OK   m2005-11-29-14:39:21.rf.pcm: sb0:62al
[2026-05-15 12:58:34] [INFO]       OK   m2005-12-20-13:04:21.rf.pcm: sb0:39al
[2026-05-15 12:58:34] [INFO]       OK   m2005-12-01-12:41:51.rf.pcm: sb0:40al
[2026-05-15 12:58:34] [INFO]       OK   m2005-11-14-16:42:20.rf.pcm: sb0:8al
[2026-05-15 12:58:34] [INFO]       OK   m2005-12-01-11:33:09.rf.pcm: sb0:31al
[2026-05-15 12:58:34] [INFO]       OK   m2005-12-20-14:10:41.rf.pcm: sb0:14al
[2026-05-15 12:58:34] [INFO]       OK   m2005-12-22-11:24:31.rf.pcm: sb0:42al
[2026-05-15 12:58:34] [INFO]       OK   m2005-12-22-17:33:41.rf.pcm: sb0:59al
[2026-05-15 12:58:34] [INFO]       OK   m2005-12-22-12:32:40.rf.pcm: sb0:30al
[2026-05-15 12:58:34] [INFO]       OK   m2005-12-22-13:40:51.rf.pcm: sb0:5al
[2026-05-15 12:58:34] [INFO]       OK   m2005-12-23-09:30:22.rf.pcm: sb0:4al
[2026-05-15 12:58:34] [INFO]       OK   m2005-12-21-10:35:29.rf.pcm: sb0:17al
[2026-05-15 12:58:34] [INFO]       OK   m2005-12-23-08:23:01.rf.pcm: sb0:90al
[2026-05-15 12:58:34] [INFO]       OK   m2005-12-23-10:38:09.rf.pcm: sb0:83al
[2026-05-15 12:58:34] [INFO]       OK   m2006-01-03-10:28:19.rf.pcm: sb0:8al
[2026-05-15 12:58:34] [INFO]       OK   m2006-01-04-07:42:01.rf.pcm: sb0:7al
[2026-05-15 12:58:34] [INFO]       OK   m2005-12-23-14:03:22.rf.pcm: sb0:53al
[2026-05-15 12:58:34] [INFO]       OK   m2006-01-02-12:33:01.rf.pcm: sb0:44al
[2026-05-15 12:58:34] [INFO]       OK   m2006-01-04-11:15:01.rf.pcm: sb0:50al
[2026-05-15 12:58:34] [INFO]       OK   m2006-01-04-08:55:51.rf.pcm: sb0:63al
[2026-05-15 12:58:34] [INFO]       OK   m2006-02-01-05:55:02.rf.pcm: sb0:3al
[2026-05-15 12:58:34] [INFO]       OK   m2006-02-02-07:11:11.rf.pcm: sb0:24al
[2026-05-15 12:58:34] [INFO]       OK   m2006-02-08-13:31:30.rf.pcm: sb0:21al
[2026-05-15 12:58:34] [INFO]       OK   m2006-01-31-09:17:01.rf.pcm: sb0:24al
[2026-05-15 12:58:34] [INFO]       OK   m2006-02-11-09:03:41.rf.pcm: sb0:56al
[2026-05-15 12:58:34] [INFO]       OK   m2006-02-11-07:54:00.rf.pcm: sb0:44al
[2026-05-15 12:58:34] [INFO]       SKIP m2006-03-20-06:02:33.rf.pcm: too small (12x128)
[2026-05-15 12:58:34] [INFO]       OK   m2006-02-12-07:24:39.rf.pcm: sb0:50al
[2026-05-15 12:58:34] [INFO]       OK   m2006-02-12-13:30:39.rf.pcm: sb0:28al
[2026-05-15 12:58:34] [INFO]       OK   m2006-03-02-06:07:29.rf.pcm: sb0:53al
[2026-05-15 12:58:34] [INFO]       OK   m2006-03-04-03:41:03.rf.pcm: sb0:9al
[2026-05-15 12:58:34] [INFO]       OK   m2006-03-02-09:45:31.rf.pcm: sb0:53al
[2026-05-15 12:58:34] [INFO]       SKIP m2006-03-23-06:00:20.rf.pcm: too small (14x128)
[2026-05-15 12:58:34] [INFO]       OK   m2006-03-04-08:57:41.rf.pcm: sb0:98al
[2026-05-15 12:58:34] [INFO]       OK   m2006-03-22-03:05:31.rf.pcm: sb0:35al
[2026-05-15 12:58:34] [INFO]       OK   m2006-03-22-01:37:50.rf.pcm: sb0:32al
[2026-05-15 12:58:34] [INFO]       OK   m2006-03-06-05:03:51.rf.pcm: sb0:46al
[2026-05-15 12:58:34] [INFO]       OK   m2006-03-22-04:01:58.rf.pcm: sb0:41al
[2026-05-15 12:58:34] [INFO]       OK   m2006-03-24-04:06:00.rf.pcm: sb0:8al
[2026-05-15 12:58:34] [INFO]       OK   m2006-03-23-04:42:30.rf.pcm: sb0:52al
[2026-05-15 12:58:34] [INFO]       OK   m2006-03-23-06:19:30.rf.pcm: sb0:51al
[2026-05-15 12:58:34] [INFO]       OK   m2006-03-22-05:46:41.rf.pcm: sb0:35al
[2026-05-15 12:58:34] [INFO]       SKIP m2006-04-10-05:11:41.rf.pcm: too small (13x128)
[2026-05-15 12:58:34] [INFO]       OK   m2006-04-07-03:04:32.rf.pcm: sb0:68al
[2026-05-15 12:58:34] [INFO]       OK   m2006-03-25-04:11:56.rf.pcm: sb0:77al
[2026-05-15 12:58:34] [INFO]       OK   m2006-03-24-05:13:30.rf.pcm: sb0:6al
[2026-05-15 12:58:34] [INFO]       OK   m2006-04-10-05:32:33.rf.pcm: sb0:17al
[2026-05-15 12:58:34] [INFO]       OK   m2006-04-11-04:30:40.rf.pcm: sb0:7al
[2026-05-15 12:58:34] [INFO]       OK   m2006-04-09-01:31:53.rf.pcm: sb0:89al
[2026-05-15 12:58:34] [INFO]       OK   m2006-04-09-02:39:19.rf.pcm: sb0:97al
[2026-05-15 12:58:34] [INFO]       OK   m2006-04-08-03:18:31.rf.pcm: sb0:17al
[2026-05-15 12:58:34] [INFO]       OK   m2006-04-09-04:08:51.rf.pcm: sb0:52al
[2026-05-15 12:58:34] [INFO]       SKIP m2006-04-24-03:48:09.rf.pcm: too small (11x128)
[2026-05-15 12:58:34] [INFO]       OK   m2006-04-11-05:10:39.rf.pcm: sb0:22al
[2026-05-15 12:58:34] [INFO]       OK   m2006-04-21-03:34:39.rf.pcm: sb0:36al
[2026-05-15 12:58:34] [INFO]       OK   m2006-04-23-02:57:39.rf.pcm: sb0:69al
[2026-05-15 12:58:34] [INFO]       OK   m2006-05-08-23:43:21.rf.pcm: sb0:8al
[2026-05-15 12:58:34] [INFO]       OK   m2006-05-09-00:26:29.rf.pcm: sb0:17al
[2026-05-15 12:58:34] [INFO]       OK   m2006-05-09-01:09:49.rf.pcm: sb0:1al
[2026-05-15 12:58:34] [INFO]       OK   m2006-04-21-06:56:41.rf.pcm: sb0:35al
[2026-05-15 12:58:34] [INFO]       OK   m2006-04-22-02:25:29.rf.pcm: sb0:95al
[2026-05-15 12:58:34] [INFO]       OK   m2006-04-22-05:21:03.rf.pcm: sb0:92al
[2026-05-15 12:58:34] [INFO]       OK   m2006-05-09-04:39:52.rf.pcm: sb0:0al
[2026-05-15 12:58:34] [INFO]       OK   m2006-04-23-04:15:19.rf.pcm: sb0:86al
[2026-05-15 12:58:34] [INFO]       OK   m2006-05-09-04:03:42.rf.pcm: sb0:15al
[2026-05-15 12:58:34] [INFO]       OK   m2006-05-09-03:23:43.rf.pcm: sb0:16al
[2026-05-15 12:58:34] [INFO]       OK   m2006-05-09-01:48:22.rf.pcm: sb0:27al
[2026-05-15 12:58:34] [INFO]       OK   m2006-05-10-01:52:40.rf.pcm: sb0:18al
[2026-05-15 12:58:34] [INFO]       OK   m2006-05-09-02:25:11.rf.pcm: sb0:13al
[2026-05-15 12:58:35] [INFO]       OK   m2006-05-25-06:43:55.rf.pcm: sb0:4al
[2026-05-15 12:58:35] [INFO]       OK   m2006-05-27-23:15:41.rf.pcm: sb0:4al
[2026-05-15 12:58:35] [INFO]       OK   m2006-05-26-03:20:21.rf.pcm: sb0:6al
[2026-05-15 12:58:35] [INFO]       OK   m2006-05-26-22:13:51.rf.pcm: sb0:30al
[2026-05-15 12:58:35] [INFO]       OK   m2006-05-29-21:47:41.rf.pcm: sb0:0al
[2026-05-15 12:58:35] [INFO]       OK   m2006-05-27-00:42:55.rf.pcm: sb0:36al
[2026-05-15 12:58:35] [INFO]       OK   m2006-05-26-23:39:30.rf.pcm: sb0:25al
[2026-05-15 12:58:35] [INFO]       SKIP m2006-06-15-00:40:07.rf.pcm: too small (12x128)
[2026-05-15 12:58:35] [INFO]       OK   m2006-05-28-03:33:19.rf.pcm: sb0:4al
[2026-05-15 12:58:35] [INFO]       OK   m2006-05-28-02:26:13.rf.pcm: sb0:28al
[2026-05-15 12:58:35] [INFO]       OK   m2006-06-14-21:37:31.rf.pcm: sb0:4al
[2026-05-15 12:58:35] [INFO]       OK   m2006-05-28-04:11:21.rf.pcm: sb0:43al
[2026-05-15 12:58:35] [INFO]       OK   m2006-05-27-23:46:19.rf.pcm: sb0:38al
[2026-05-15 12:58:35] [INFO]       OK   m2006-06-13-23:47:12.rf.pcm: sb0:42al
[2026-05-15 12:58:35] [INFO]       OK   m2006-06-14-23:35:33.rf.pcm: sb0:5al
[2026-05-15 12:58:35] [INFO]       OK   m2006-06-15-22:03:09.rf.pcm: sb0:86al
[2026-05-15 12:58:35] [INFO]       OK   m2006-06-15-23:08:01.rf.pcm: sb0:11al
[2026-05-15 12:58:35] [INFO]       OK   m2006-06-16-01:20:23.rf.pcm: sb0:7al
[2026-05-15 12:58:35] [INFO]       OK   m2006-06-15-20:55:51.rf.pcm: sb0:83al
[2026-05-15 12:58:35] [INFO]       OK   m2006-06-16-02:37:11.rf.pcm: sb0:17al
[2026-05-15 12:58:35] [INFO]       OK   m2006-06-16-22:38:09.rf.pcm: sb0:9al
[2026-05-15 12:58:35] [INFO]       OK   m2006-06-16-00:13:02.rf.pcm: sb0:94al
[2026-05-15 12:58:35] [INFO]       OK   m2006-06-16-20:46:41.rf.pcm: sb0:14al
[2026-05-15 12:58:35] [INFO]       OK   m2006-06-17-22:02:39.rf.pcm: sb0:23al
[2026-05-15 12:58:35] [INFO]       OK   m2006-06-17-22:53:51.rf.pcm: sb0:4al
[2026-05-15 12:58:35] [INFO]       OK   m2006-06-20-22:26:59.rf.pcm: sb0:8al
[2026-05-15 12:58:35] [INFO]       OK   m2006-06-17-20:56:21.rf.pcm: sb0:30al
[2026-05-15 12:58:35] [INFO]       OK   m2006-06-18-22:03:49.rf.pcm: sb0:50al
[2026-05-15 12:58:35] [INFO]       OK   m2006-06-19-21:15:51.rf.pcm: sb0:27al
[2026-05-15 12:58:35] [INFO]       OK   m2006-06-19-22:18:43.rf.pcm: sb0:41al
[2026-05-15 12:58:35] [INFO]       OK   m2006-07-01-20:28:50.rf.pcm: sb0:10al
[2026-05-15 12:58:35] [INFO]       OK   m2006-06-30-18:56:50.rf.pcm: sb0:52al
[2026-05-15 12:58:35] [INFO]       OK   m2006-07-03-22:11:52.rf.pcm: sb0:2al
[2026-05-15 12:58:35] [INFO]       OK   m2006-07-03-22:44:18.rf.pcm: sb0:7al
[2026-05-15 12:58:35] [INFO]       OK   m2006-07-02-03:52:17.rf.pcm: sb0:3al
[2026-05-15 12:58:35] [INFO]       OK   m2006-07-03-01:37:38.rf.pcm: sb0:7al
[2026-05-15 12:58:35] [INFO]       OK   m2006-07-01-19:23:21.rf.pcm: sb0:41al
[2026-05-15 12:58:35] [INFO]       OK   m2006-07-04-00:46:02.rf.pcm: sb0:8al
[2026-05-15 12:58:35] [INFO]       OK   m2006-07-24-18:46:39.rf.pcm: sb0:44al
[2026-05-15 12:58:35] [INFO]       OK   m2006-07-15-23:05:22.rf.pcm: sb0:32al
[2026-05-15 12:58:35] [INFO]       SKIP m2006-07-24-19:52:01.rf.pcm: too small (15x128)
[2026-05-15 12:58:35] [INFO]       SKIP m2006-07-24-20:10:22.rf.pcm: too small (15x128)
[2026-05-15 12:58:35] [INFO]       OK   m2006-07-24-17:24:06.rf.pcm: sb0:142al
[2026-05-15 12:58:35] [INFO]       OK   m2006-07-15-21:55:22.rf.pcm: sb0:35al
[2026-05-15 12:58:35] [INFO]       OK   m2006-07-24-19:17:36.rf.pcm: sb0:44al
[2026-05-15 12:58:35] [INFO]       OK   m2006-07-03-23:40:12.rf.pcm: sb0:50al
[2026-05-15 12:58:35] [INFO]       OK   m2006-07-26-19:59:59.rf.pcm: sb0:29al
[2026-05-15 12:58:35] [INFO]       SKIP m2006-07-27-20:44:24.rf.pcm: too small (10x128)
[2026-05-15 12:58:35] [INFO]       OK   m2006-07-16-23:19:52.rf.pcm: sb0:30al
[2026-05-15 12:58:35] [INFO]       OK   m2006-07-25-19:38:14.rf.pcm: sb0:3al
[2026-05-15 12:58:35] [INFO]       OK   m2006-07-16-00:13:32.rf.pcm: sb0:40al
[2026-05-15 12:58:35] [INFO]       OK   m2006-07-26-23:50:30.rf.pcm: sb0:65al
[2026-05-15 12:58:35] [INFO]       OK   m2006-07-26-17:53:03.rf.pcm: sb0:9al
[2026-05-15 12:58:35] [INFO]       OK   m2006-07-26-18:57:55.rf.pcm: sb0:3al
[2026-05-15 12:58:35] [INFO]       OK   m2006-07-25-18:32:37.rf.pcm: sb0:125al
[2026-05-15 12:58:35] [INFO]       OK   m2006-08-09-20:37:11.rf.pcm: sb0:24al
[2026-05-15 12:58:35] [INFO]       OK   m2006-08-07-18:23:01.rf.pcm: sb0:23al
[2026-05-15 12:58:35] [INFO]       OK   m2006-08-07-17:18:01.rf.pcm: sb0:42al
[2026-05-15 12:58:35] [INFO]       OK   m2006-08-10-19:48:31.rf.pcm: sb0:15al
[2026-05-15 12:58:35] [INFO]       OK   m2006-08-08-17:06:41.rf.pcm: sb0:24al
[2026-05-15 12:58:35] [INFO]       OK   m2006-08-08-19:09:49.rf.pcm: sb0:26al
[2026-05-15 12:58:35] [INFO]       OK   m2006-08-10-16:24:01.rf.pcm: sb0:81al
[2026-05-15 12:58:35] [INFO]       OK   m2006-08-09-19:36:49.rf.pcm: sb0:80al
[2026-05-15 12:58:35] [INFO]       OK   m2006-09-15-19:58:41.rf.pcm: sb0:49al
[2026-05-15 12:58:35] [INFO]       OK   m2006-08-19-20:40:31.rf.pcm: sb0:15al
[2026-05-15 12:58:35] [INFO]       OK   m2006-09-15-16:49:59.rf.pcm: sb0:4al
[2026-05-15 12:58:35] [INFO]       OK   m2006-09-15-18:51:01.rf.pcm: sb0:61al
[2026-05-15 12:58:35] [INFO]       OK   m2006-09-15-17:50:31.rf.pcm: sb0:88al
[2026-05-15 12:58:35] [INFO]       OK   m2006-08-19-17:44:39.rf.pcm: sb0:8al
[2026-05-15 12:58:35] [INFO]       OK   m2006-10-05-16:01:01.rf.pcm: sb0:3al
[2026-05-15 12:58:35] [INFO]       OK   m2006-10-05-18:48:31.rf.pcm: sb0:1al
[2026-05-15 12:58:35] [INFO]       OK   m2006-10-05-20:56:21.rf.pcm: sb0:7al
[2026-05-15 12:58:35] [INFO]       OK   m2006-09-16-17:09:59.rf.pcm: sb0:79al
[2026-05-15 12:58:35] [INFO]       OK   m2006-10-04-18:58:39.rf.pcm: sb0:50al
[2026-05-15 12:58:35] [INFO]       OK   m2006-09-16-16:11:49.rf.pcm: sb0:67al
[2026-05-15 12:58:35] [INFO]       OK   m2006-10-04-17:45:51.rf.pcm: sb0:4al
[2026-05-15 12:58:35] [INFO]       OK   m2006-10-03-15:04:39.rf.pcm: sb0:49al
[2026-05-15 12:58:35] [INFO]       OK   m2006-10-18-16:54:31.rf.pcm: sb0:38al
[2026-05-15 12:58:35] [INFO]       OK   m2006-10-19-12:36:11.rf.pcm: sb0:42al
[2026-05-15 12:58:35] [INFO]       OK   m2006-10-18-18:36:53.rf.pcm: sb0:89al
[2026-05-15 12:58:35] [INFO]       OK   m2006-10-19-17:07:54.rf.pcm: sb0:93al
[2026-05-15 12:58:35] [INFO]       OK   m2006-10-19-21:14:19.rf.pcm: sb0:42al
[2026-05-15 12:58:35] [INFO]       OK   m2006-10-19-18:28:52.rf.pcm: sb0:42al
[2026-05-15 12:58:35] [INFO]       OK   m2006-12-16-10:06:39.rf.pcm: sb0:1al
[2026-05-15 12:58:35] [INFO]       OK   m2006-11-01-14:39:11.rf.pcm: sb0:23al
[2026-05-15 12:58:35] [INFO]       SKIP m2006-12-17-13:22:11.rf.pcm: too small (12x128)
[2026-05-15 12:58:35] [INFO]       SKIP m2006-12-17-14:31:21.rf.pcm: too small (15x128)
[2026-05-15 12:58:35] [INFO]       SKIP m2006-12-17-16:19:39.rf.pcm: too small (15x128)
[2026-05-15 12:58:35] [INFO]       OK   m2006-11-02-19:21:41.rf.pcm: sb0:31al
[2026-05-15 12:58:35] [INFO]       OK   m2006-12-17-11:38:49.rf.pcm: sb0:1al
[2026-05-15 12:58:35] [INFO]       OK   m2006-12-16-08:24:01.rf.pcm: sb0:16al
[2026-05-15 12:58:35] [INFO]       OK   m2006-11-03-19:48:40.rf.pcm: sb0:28al
[2026-05-15 12:58:35] [INFO]       OK   m2006-12-17-17:55:31.rf.pcm: sb0:2al
[2026-05-15 12:58:35] [INFO]       OK   m2006-11-04-17:14:12.rf.pcm: sb0:83al
[2026-05-15 12:58:35] [INFO]       OK   m2006-12-16-10:32:09.rf.pcm: sb0:38al
[2026-05-15 12:58:35] [INFO]       OK   m2006-12-17-08:43:41.rf.pcm: sb0:52al
[2026-05-15 12:58:35] [INFO]       OK   m2006-12-25-10:14:19.rf.pcm: sb0:3al
[2026-05-15 12:58:35] [INFO]       OK   m2006-12-18-12:23:51.rf.pcm: sb0:86al
[2026-05-15 12:58:35] [INFO]       OK   m2006-12-25-11:21:40.rf.pcm: sb0:75al
[2026-05-15 12:58:35] [INFO]       OK   m2006-12-25-12:39:21.rf.pcm: sb0:25al
[2026-05-15 12:58:35] [INFO]       OK   m2006-12-26-13:55:41.rf.pcm: sb0:15al
[2026-05-15 12:58:35] [INFO]       OK   m2006-12-25-13:46:09.rf.pcm: sb0:47al
[2026-05-15 12:58:35] [INFO]       SKIP m2006-12-28-08:48:01.rf.pcm: too small (15x128)
[2026-05-15 12:58:35] [INFO]       OK   m2006-12-26-12:48:22.rf.pcm: sb0:5al
[2026-05-15 12:58:35] [INFO]       OK   m2006-12-26-09:04:30.rf.pcm: sb0:47al
[2026-05-15 12:58:35] [INFO]       OK   m2006-12-26-11:33:11.rf.pcm: sb0:46al
[2026-05-15 12:58:35] [INFO]       OK   m2006-12-27-09:18:54.rf.pcm: sb0:83al
[2026-05-15 12:58:35] [INFO]       OK   m2006-12-27-10:21:49.rf.pcm: sb0:38al
[2026-05-15 12:58:35] [INFO]       OK   m2006-12-27-12:15:51.rf.pcm: sb0:48al
[2026-05-15 12:58:35] [INFO]       OK   m2006-12-28-13:55:22.rf.pcm: sb0:52al
[2026-05-15 12:58:35] [INFO]       OK   m2006-12-28-10:23:09.rf.pcm: sb0:99al
[2026-05-15 12:58:35] [INFO]       OK   m2006-12-27-13:23:09.rf.pcm: sb0:88al
[2026-05-15 12:58:35] [INFO]       OK   m2006-12-28-09:11:21.rf.pcm: sb0:53al
[2026-05-15 12:58:35] [INFO]       OK   m2006-12-29-10:06:29.rf.pcm: sb0:3al
[2026-05-15 12:58:35] [INFO]       OK   m2006-12-28-12:44:01.rf.pcm: sb0:50al
[2026-05-15 12:58:35] [INFO]       OK   m2006-12-29-12:53:02.rf.pcm: sb0:15al
[2026-05-15 12:58:35] [INFO]       OK   m2006-12-29-08:51:22.rf.pcm: sb0:4al
[2026-05-15 12:58:35] [INFO]       OK   m2006-12-30-08:54:28.rf.pcm: sb0:37al
[2026-05-15 12:58:35] [INFO]       OK   m2006-12-29-11:45:30.rf.pcm: sb0:62al
[2026-05-15 12:58:35] [INFO]       OK   m2006-12-30-09:46:52.rf.pcm: sb0:33al
[2026-05-15 12:58:35] [INFO]       OK   m2006-12-31-08:28:22.rf.pcm: sb0:3al
[2026-05-15 12:58:35] [INFO]       OK   m2006-12-30-12:22:11.rf.pcm: sb0:5al
[2026-05-15 12:58:35] [INFO]       OK   m2006-12-30-11:29:41.rf.pcm: sb0:32al
[2026-05-15 12:58:35] [INFO]       OK   m2006-12-31-15:46:21.rf.pcm: sb0:5al
[2026-05-15 12:58:35] [INFO]       OK   m2006-12-31-07:17:31.rf.pcm: sb0:53al
[2026-05-15 12:58:35] [INFO]       OK   m2006-12-31-09:20:41.rf.pcm: sb0:56al
[2026-05-15 12:58:35] [INFO]       OK   m2007-01-01-12:33:31.rf.pcm: sb0:19al
[2026-05-15 12:58:35] [INFO]       OK   m2006-12-31-12:48:31.rf.pcm: sb0:60al
[2026-05-15 12:58:35] [INFO]       OK   m2006-12-31-11:39:12.rf.pcm: sb0:37al
[2026-05-15 12:58:35] [INFO]       SKIP m2007-01-19-11:09:21.rf.pcm: too small (13x128)
[2026-05-15 12:58:35] [INFO]       OK   m2007-01-19-07:44:21.rf.pcm: sb0:2al
[2026-05-15 12:58:35] [INFO]       OK   m2006-12-31-13:40:41.rf.pcm: sb0:71al
[2026-05-15 12:58:35] [INFO]       OK   m2007-01-01-09:40:40.rf.pcm: sb0:43al
[2026-05-15 12:58:35] [INFO]       OK   m2007-01-18-07:09:50.rf.pcm: sb0:17al
[2026-05-15 12:58:35] [INFO]       OK   m2007-01-21-11:53:52.rf.pcm: sb0:9al
[2026-05-15 12:58:35] [INFO]       OK   m2007-01-01-13:25:51.rf.pcm: sb0:90al
[2026-05-15 12:58:35] [INFO]       SKIP m2007-02-06-14:13:01.rf.pcm: too small (13x128)
[2026-05-15 12:58:35] [INFO]       OK   m2007-01-19-09:26:31.rf.pcm: sb0:45al
[2026-05-15 12:58:35] [INFO]       OK   m2007-01-21-10:09:11.rf.pcm: sb0:10al
[2026-05-15 12:58:35] [INFO]       OK   m2007-01-21-07:44:19.rf.pcm: sb0:4al
[2026-05-15 12:58:35] [INFO]       OK   m2007-01-20-08:00:32.rf.pcm: sb0:84al
[2026-05-15 12:58:35] [INFO]       OK   m2007-02-05-05:11:30.rf.pcm: sb0:28al
[2026-05-15 12:58:35] [INFO]       OK   m2007-02-07-08:08:58.rf.pcm: sb0:43al
[2026-05-15 12:58:35] [INFO]       OK   m2007-02-07-09:14:51.rf.pcm: sb0:39al
[2026-05-15 12:58:35] [INFO]       OK   m2007-02-05-06:46:42.rf.pcm: sb0:34al
[2026-05-15 12:58:35] [INFO]       OK   m2007-02-06-06:51:51.rf.pcm: sb0:100al
[2026-05-15 12:58:35] [INFO]       OK   m2007-02-07-12:43:42.rf.pcm: sb0:93al
[2026-05-15 12:58:35] [INFO]       OK   m2007-02-07-10:58:21.rf.pcm: sb0:38al
[2026-05-15 12:58:35] [INFO]       OK   m2007-02-07-13:59:31.rf.pcm: sb0:28al
[2026-05-15 12:58:35] [INFO]       OK   m2007-02-08-05:21:31.rf.pcm: sb0:50al
[2026-05-15 12:58:35] [INFO]       OK   m2007-02-18-09:42:41.rf.pcm: sb0:4al
[2026-05-15 12:58:35] [INFO]       OK   m2007-02-26-08:36:50.rf.pcm: sb0:10al
[2026-05-15 12:58:35] [INFO]       OK   m2007-02-17-07:59:51.rf.pcm: sb0:43al
[2026-05-15 12:58:35] [INFO]       OK   m2007-02-26-05:11:51.rf.pcm: sb0:80al
[2026-05-15 12:58:35] [INFO]       OK   m2007-02-26-06:20:10.rf.pcm: sb0:96al
[2026-05-15 12:58:35] [INFO]       OK   m2007-02-26-09:45:09.rf.pcm: sb0:3al
[2026-05-15 12:58:35] [INFO]       OK   m2007-02-26-07:28:30.rf.pcm: sb0:98al
[2026-05-15 12:58:35] [INFO]       OK   m2007-02-28-07:24:31.rf.pcm: sb0:28al
[2026-05-15 12:58:35] [INFO]       OK   m2007-02-27-05:32:48.rf.pcm: sb0:81al
[2026-05-15 12:58:35] [INFO]       OK   m2007-03-01-04:38:50.rf.pcm: sb0:4al
[2026-05-15 12:58:35] [INFO]       OK   m2007-02-27-06:41:08.rf.pcm: sb0:90al
[2026-05-15 12:58:35] [INFO]       OK   m2007-02-27-08:55:30.rf.pcm: sb0:98al
[2026-05-15 12:58:35] [INFO]       OK   m2007-02-28-08:39:20.rf.pcm: sb0:104al
[2026-05-15 12:58:35] [INFO]       OK   m2007-02-28-06:16:08.rf.pcm: sb0:111al
[2026-05-15 12:58:35] [INFO]       OK   m2007-03-01-03:30:31.rf.pcm: sb0:88al
[2026-05-15 12:58:35] [INFO]       OK   m2007-03-01-09:22:20.rf.pcm: sb0:67al
[2026-05-15 12:58:35] [INFO]       OK   m2007-03-01-05:57:20.rf.pcm: sb0:75al
[2026-05-15 12:58:35] [INFO]       OK   m2007-03-01-07:05:40.rf.pcm: sb0:88al
[2026-05-15 12:58:35] [INFO]       OK   m2007-03-01-08:14:00.rf.pcm: sb0:92al
[2026-05-15 12:58:35] [INFO]       OK   m2007-03-03-03:17:49.rf.pcm: sb0:11al
[2026-05-15 12:58:35] [INFO]       OK   m2007-03-02-04:13:20.rf.pcm: sb0:104al
[2026-05-15 12:58:35] [INFO]       OK   m2007-03-02-07:38:18.rf.pcm: sb0:4al
[2026-05-15 12:58:35] [INFO]       OK   m2007-03-02-05:21:40.rf.pcm: sb0:91al
[2026-05-15 12:58:35] [INFO]       OK   m2007-03-02-08:46:40.rf.pcm: sb0:7al
[2026-05-15 12:58:35] [INFO]       OK   m2007-03-02-06:29:58.rf.pcm: sb0:84al
[2026-05-15 12:58:35] [INFO]       OK   m2007-03-03-04:34:10.rf.pcm: sb0:14al
[2026-05-15 12:58:35] [INFO]       OK   m2007-03-03-06:50:48.rf.pcm: sb0:6al
[2026-05-15 12:58:35] [INFO]       OK   m2007-03-03-07:59:10.rf.pcm: sb0:3al
[2026-05-15 12:58:35] [INFO]       OK   m2007-03-03-05:42:28.rf.pcm: sb0:6al
[2026-05-15 12:58:35] [INFO]       OK   m2007-03-03-09:07:28.rf.pcm: sb0:62al
[2026-05-15 12:58:35] [INFO]       OK   m2007-03-03-09:57:52.rf.pcm: sb0:28al
[2026-05-15 12:58:36] [INFO]       OK   m2007-03-04-09:41:32.rf.pcm: sb0:25al
[2026-05-15 12:58:36] [INFO]       OK   m2007-03-04-06:49:30.rf.pcm: sb0:8al
[2026-05-15 12:58:36] [INFO]       OK   m2007-03-04-03:24:30.rf.pcm: sb0:3al
[2026-05-15 12:58:36] [INFO]       OK   m2007-03-04-04:32:50.rf.pcm: sb0:89al
[2026-05-15 12:58:36] [INFO]       OK   m2007-03-04-08:33:10.rf.pcm: sb0:104al
[2026-05-15 12:58:36] [INFO]       OK   m2007-03-04-05:41:08.rf.pcm: sb0:100al
[2026-05-15 12:58:36] [INFO]       OK   m2007-03-05-06:09:09.rf.pcm: sb0:95al
[2026-05-15 12:58:36] [INFO]       OK   m2007-03-05-07:20:19.rf.pcm: sb0:13al
[2026-05-15 12:58:36] [INFO]       OK   m2007-03-05-05:01:49.rf.pcm: sb0:85al
[2026-05-15 12:58:36] [INFO]       OK   m2007-03-08-07:25:02.rf.pcm: sb0:91al
[2026-05-15 12:58:36] [INFO]       OK   m2007-03-07-05:40:59.rf.pcm: sb0:21al
[2026-05-15 12:58:36] [INFO]       OK   m2007-03-09-02:48:10.rf.pcm: sb0:10al
[2026-05-15 12:58:36] [INFO]       OK   m2007-03-09-05:06:52.rf.pcm: sb0:59al
[2026-05-15 12:58:36] [INFO]       OK   m2007-03-09-03:55:32.rf.pcm: sb0:86al
[2026-05-15 12:58:36] [INFO]       OK   m2007-03-10-02:21:09.rf.pcm: sb0:104al
[2026-05-15 12:58:36] [INFO]       OK   m2007-03-10-04:36:59.rf.pcm: sb0:88al
[2026-05-15 12:58:36] [INFO]       OK   m2007-03-10-03:28:31.rf.pcm: sb0:94al
[2026-05-15 12:58:36] [INFO]       OK   m2007-03-12-02:52:31.rf.pcm: sb0:25al
[2026-05-15 12:58:36] [INFO]       OK   m2007-03-10-07:12:11.rf.pcm: sb0:56al
[2026-05-15 12:58:36] [INFO]       OK   m2007-03-11-04:28:51.rf.pcm: sb0:4al
[2026-05-15 12:58:36] [INFO]       OK   m2007-03-11-03:08:51.rf.pcm: sb0:82al
[2026-05-15 12:58:36] [INFO]       OK   m2007-03-11-05:42:59.rf.pcm: sb0:102al
[2026-05-15 12:58:36] [INFO]       OK   m2007-03-11-06:50:21.rf.pcm: sb0:90al
[2026-05-15 12:58:36] [INFO]       OK   m2007-03-12-03:59:52.rf.pcm: sb0:76al
[2026-05-15 12:58:36] [INFO]       OK   m2007-03-13-07:47:51.rf.pcm: sb0:31al
[2026-05-15 12:58:36] [INFO]       OK   m2007-03-12-05:10:49.rf.pcm: sb0:92al
[2026-05-15 12:58:36] [INFO]       OK   m2007-03-13-05:17:19.rf.pcm: sb0:95al
[2026-05-15 12:58:36] [INFO]       OK   m2007-03-13-06:24:41.rf.pcm: sb0:94al
[2026-05-15 12:58:36] [INFO]       OK   m2007-03-12-06:18:09.rf.pcm: sb0:96al
[2026-05-15 12:58:36] [INFO]       OK   m2007-03-12-07:37:31.rf.pcm: sb0:34al
[2026-05-15 12:58:36] [INFO]       SKIP m2007-03-15-05:40:46.rf.pcm: too small (12x128)
[2026-05-15 12:58:36] [INFO]       SKIP m2007-03-15-05:54:15.rf.pcm: too small (15x128)
[2026-05-15 12:58:36] [INFO]       SKIP m2007-03-15-06:57:46.rf.pcm: too small (11x128)
[2026-05-15 12:58:36] [INFO]       OK   m2007-03-15-03:06:40.rf.pcm: sb0:19al
[2026-05-15 12:58:36] [INFO]       OK   m2007-03-15-03:57:31.rf.pcm: sb0:16al
[2026-05-15 12:58:36] [INFO]       OK   m2007-03-15-05:03:19.rf.pcm: sb0:17al
[2026-05-15 12:58:36] [INFO]       OK   m2007-03-14-05:41:39.rf.pcm: sb0:4al
[2026-05-15 12:58:36] [INFO]       OK   m2007-03-14-03:25:21.rf.pcm: sb0:83al
[2026-05-15 12:58:36] [INFO]       OK   m2007-03-14-04:34:21.rf.pcm: sb0:84al
[2026-05-15 12:58:36] [INFO]       OK   m2007-03-14-06:49:18.rf.pcm: sb0:78al
[2026-05-15 12:58:36] [INFO]       OK   m2007-03-16-09:01:33.rf.pcm: sb0:15al
[2026-05-15 12:58:36] [INFO]       OK   m2007-03-15-08:20:11.rf.pcm: sb0:42al
[2026-05-15 12:58:36] [INFO]       OK   m2007-03-15-07:12:49.rf.pcm: sb0:91al
[2026-05-15 12:58:36] [INFO]       OK   m2007-03-17-03:47:41.rf.pcm: sb0:93al
[2026-05-15 12:58:36] [INFO]       OK   m2007-03-16-06:45:31.rf.pcm: sb0:91al
[2026-05-15 12:58:36] [INFO]       OK   m2007-03-16-07:52:51.rf.pcm: sb0:102al
[2026-05-15 12:58:36] [INFO]       OK   m2007-03-17-07:11:02.rf.pcm: sb0:3al
[2026-05-15 12:58:36] [INFO]       OK   m2007-03-17-06:03:42.rf.pcm: sb0:91al
[2026-05-15 12:58:36] [INFO]       OK   m2007-03-17-04:55:01.rf.pcm: sb0:101al
[2026-05-15 12:58:36] [INFO]       OK   m2007-03-17-09:26:42.rf.pcm: sb0:85al
[2026-05-15 12:58:36] [INFO]       OK   m2007-03-17-08:19:21.rf.pcm: sb0:6al
[2026-05-15 12:58:36] [INFO]       SKIP m2007-03-18-11:13:02.rf.pcm: too small (11x128)
[2026-05-15 12:58:36] [INFO]       OK   m2007-03-17-11:42:41.rf.pcm: sb0:32al
[2026-05-15 12:58:36] [INFO]       OK   m2007-03-18-10:45:42.rf.pcm: sb0:22al
[2026-05-15 12:58:36] [INFO]       OK   m2007-03-18-09:03:42.rf.pcm: sb0:15al
[2026-05-15 12:58:36] [INFO]       OK   m2007-03-18-07:55:45.rf.pcm: sb0:58al
[2026-05-15 12:58:36] [INFO]       OK   m2007-03-17-10:35:22.rf.pcm: sb0:91al
[2026-05-15 12:58:36] [INFO]       OK   m2007-03-18-09:24:28.rf.pcm: sb0:86al
[2026-05-15 12:58:36] [INFO]       OK   m2007-03-26-05:06:10.rf.pcm: sb0:55al
[2026-05-15 12:58:36] [INFO]       SKIP m2007-04-17-03:36:44.rf.pcm: too small (11x128)
[2026-05-15 12:58:36] [INFO]       SKIP m2007-04-17-06:09:41.rf.pcm: too small (12x128)
[2026-05-15 12:58:36] [INFO]       OK   m2007-04-11-07:05:04.rf.pcm: sb0:78al
[2026-05-15 12:58:36] [INFO]       OK   m2007-04-10-03:51:31.rf.pcm: sb0:70al
[2026-05-15 12:58:36] [INFO]       SKIP m2007-04-17-09:10:20.rf.pcm: too small (10x128)
[2026-05-15 12:58:36] [INFO]       OK   m2007-04-12-08:54:01.rf.pcm: sb0:11al
[2026-05-15 12:58:36] [INFO]       OK   m2007-04-12-05:15:51.rf.pcm: sb0:78al
[2026-05-15 12:58:36] [INFO]       OK   m2007-04-12-04:04:09.rf.pcm: sb0:77al
[2026-05-15 12:58:36] [INFO]       SKIP m2007-05-02-02:33:20.rf.pcm: too small (14x128)
[2026-05-15 12:58:36] [INFO]       OK   m2007-04-17-07:02:50.rf.pcm: sb0:11al
[2026-05-15 12:58:36] [INFO]       SKIP m2007-05-02-03:31:10.rf.pcm: too small (14x128)
[2026-05-15 12:58:36] [INFO]       SKIP m2007-05-02-03:57:02.rf.pcm: too small (14x128)
[2026-05-15 12:58:36] [INFO]       SKIP m2007-05-02-05:41:41.rf.pcm: too small (14x128)
[2026-05-15 12:58:36] [INFO]       SKIP m2007-05-02-08:05:39.rf.pcm: too small (14x128)
[2026-05-15 12:58:36] [INFO]       OK   m2007-04-13-02:34:18.rf.pcm: sb0:31al
[2026-05-15 12:58:36] [INFO]       SKIP m2007-05-02-09:03:11.rf.pcm: too small (14x128)
[2026-05-15 12:58:36] [INFO]       SKIP m2007-05-03-04:14:43.rf.pcm: too small (10x128)
[2026-05-15 12:58:36] [INFO]       SKIP m2007-05-04-02:30:49.rf.pcm: too small (14x128)
[2026-05-15 12:58:36] [INFO]       SKIP m2007-05-04-02:50:39.rf.pcm: too small (14x128)
[2026-05-15 12:58:36] [INFO]       SKIP m2007-05-04-05:51:23.rf.pcm: too small (14x128)
[2026-05-15 12:58:36] [INFO]       SKIP m2007-05-04-07:48:11.rf.pcm: too small (14x128)
[2026-05-15 12:58:36] [INFO]       SKIP m2007-05-04-08:07:59.rf.pcm: too small (14x128)
[2026-05-15 12:58:36] [INFO]       OK   m2007-04-17-09:51:15.rf.pcm: sb0:9al
[2026-05-15 12:58:36] [INFO]       SKIP m2007-05-04-08:27:41.rf.pcm: too small (14x128)
[2026-05-15 12:58:36] [INFO]       SKIP m2007-05-04-23:42:51.rf.pcm: too small (14x128)
[2026-05-15 12:58:36] [INFO]       OK   m2007-04-17-02:12:00.rf.pcm: sb0:25al
[2026-05-15 12:58:36] [INFO]       OK   m2007-04-17-08:17:33.rf.pcm: sb0:14al
[2026-05-15 12:58:36] [INFO]       SKIP m2007-05-05-04:07:03.rf.pcm: too small (14x128)
[2026-05-15 12:58:36] [INFO]       SKIP m2007-05-05-07:17:01.rf.pcm: too small (14x128)
[2026-05-15 12:58:36] [INFO]       OK   m2007-05-02-08:34:29.rf.pcm: sb0:17al
[2026-05-15 12:58:36] [INFO]       OK   m2007-05-01-05:37:41.rf.pcm: sb0:45al
[2026-05-15 12:58:36] [INFO]       OK   m2007-05-02-04:49:09.rf.pcm: sb0:46al
[2026-05-15 12:58:36] [INFO]       OK   m2007-05-01-23:25:21.rf.pcm: sb0:54al
[2026-05-15 12:58:36] [INFO]       OK   m2007-05-05-00:04:41.rf.pcm: sb0:6al
[2026-05-15 12:58:36] [INFO]       OK   m2007-05-05-01:20:01.rf.pcm: sb0:91al
[2026-05-15 12:58:36] [INFO]       OK   m2007-05-05-02:36:01.rf.pcm: sb0:37al
[2026-05-15 12:58:36] [INFO]       OK   m2007-05-21-01:09:00.rf.pcm: sb0:56al
[2026-05-15 12:58:36] [INFO]       OK   m2007-05-20-02:56:07.rf.pcm: sb0:9al
[2026-05-15 12:58:36] [INFO]       SKIP m2007-05-22-00:47:01.rf.pcm: too small (15x128)
[2026-05-15 12:58:36] [INFO]       OK   m2007-05-21-06:21:41.rf.pcm: sb0:51al
[2026-05-15 12:58:36] [INFO]       OK   m2007-05-21-02:29:42.rf.pcm: sb0:89al
[2026-05-15 12:58:36] [INFO]       OK   m2007-05-21-04:03:29.rf.pcm: sb0:86al
[2026-05-15 12:58:36] [INFO]       OK   m2007-05-21-05:13:40.rf.pcm: sb0:90al
[2026-05-15 12:58:36] [INFO]       OK   m2007-05-22-04:07:39.rf.pcm: sb0:3al
[2026-05-15 12:58:36] [INFO]       OK   m2007-05-22-07:30:41.rf.pcm: sb0:12al
[2026-05-15 12:58:36] [INFO]       OK   m2007-05-21-22:31:41.rf.pcm: sb0:91al
[2026-05-15 12:58:36] [INFO]       OK   m2007-05-22-05:15:21.rf.pcm: sb0:86al
[2026-05-15 12:58:36] [INFO]       OK   m2007-05-21-23:39:21.rf.pcm: sb0:89al
[2026-05-15 12:58:36] [INFO]       OK   m2007-05-22-22:16:51.rf.pcm: sb0:4al
[2026-05-15 12:58:36] [INFO]       OK   m2007-05-22-06:22:41.rf.pcm: sb0:90al
[2026-05-15 12:58:36] [INFO]       OK   m2007-05-22-23:24:11.rf.pcm: sb0:9al
[2026-05-15 12:58:36] [INFO]       OK   m2007-05-23-00:31:29.rf.pcm: sb0:4al
[2026-05-15 12:58:36] [INFO]       OK   m2007-05-23-06:08:12.rf.pcm: sb0:25al
[2026-05-15 12:58:36] [INFO]       OK   m2007-05-23-01:38:51.rf.pcm: sb0:5al
[2026-05-15 12:58:36] [INFO]       OK   m2007-05-23-22:17:31.rf.pcm: sb0:16al
[2026-05-15 12:58:36] [INFO]       OK   m2007-05-24-06:24:41.rf.pcm: sb0:18al
[2026-05-15 12:58:36] [INFO]       OK   m2007-05-24-22:40:40.rf.pcm: sb0:17al
[2026-05-15 12:58:36] [INFO]       OK   m2007-05-23-02:46:13.rf.pcm: sb0:89al
[2026-05-15 12:58:36] [INFO]       OK   m2007-05-23-05:00:50.rf.pcm: sb0:79al
[2026-05-15 12:58:36] [INFO]       OK   m2007-05-23-03:53:30.rf.pcm: sb0:103al
[2026-05-15 12:58:36] [INFO]       OK   m2007-05-24-23:17:11.rf.pcm: sb0:16al
[2026-05-15 12:58:36] [INFO]       OK   m2007-05-24-04:09:59.rf.pcm: sb0:79al
[2026-05-15 12:58:36] [INFO]       OK   m2007-05-24-05:17:22.rf.pcm: sb0:85al
[2026-05-15 12:58:36] [INFO]       OK   m2007-05-25-22:05:41.rf.pcm: sb0:30al
[2026-05-15 12:58:36] [INFO]       OK   m2007-05-24-21:33:21.rf.pcm: sb0:85al
[2026-05-15 12:58:36] [INFO]       OK   m2007-05-25-00:49:10.rf.pcm: sb0:51al
[2026-05-15 12:58:36] [INFO]       OK   m2007-05-26-07:11:21.rf.pcm: sb0:24al
[2026-05-15 12:58:36] [INFO]       OK   m2007-05-24-23:41:53.rf.pcm: sb0:97al
[2026-05-15 12:58:36] [INFO]       OK   m2007-05-25-23:14:21.rf.pcm: sb0:92al
[2026-05-15 12:58:36] [INFO]       OK   m2007-05-26-00:21:38.rf.pcm: sb0:4al
[2026-05-15 12:58:36] [INFO]       OK   m2007-05-26-23:42:59.rf.pcm: sb0:8al
[2026-05-15 12:58:36] [INFO]       OK   m2007-05-26-22:29:40.rf.pcm: sb0:82al
[2026-05-15 12:58:36] [INFO]       OK   m2007-05-27-01:57:40.rf.pcm: sb0:5al
[2026-05-15 12:58:36] [INFO]       OK   m2007-05-26-21:22:21.rf.pcm: sb0:95al
[2026-05-15 12:58:36] [INFO]       OK   m2007-05-27-00:50:20.rf.pcm: sb0:98al
[2026-05-15 12:58:36] [INFO]       OK   m2007-05-27-03:05:00.rf.pcm: sb0:106al
[2026-05-15 12:58:36] [INFO]       OK   m2007-05-27-04:12:20.rf.pcm: sb0:87al
[2026-05-15 12:58:36] [INFO]       OK   m2007-05-27-05:19:40.rf.pcm: sb0:84al
[2026-05-15 12:58:36] [INFO]       OK   m2007-05-27-06:26:58.rf.pcm: sb0:70al
[2026-05-15 12:58:36] [INFO]       OK   m2007-05-28-22:30:32.rf.pcm: sb0:34al
[2026-05-15 12:58:36] [INFO]       OK   m2007-05-29-21:12:21.rf.pcm: sb0:5al
[2026-05-15 12:58:36] [INFO]       OK   m2007-05-27-22:56:31.rf.pcm: sb0:88al
[2026-05-15 12:58:36] [INFO]       SKIP m2007-05-30-22:16:00.rf.pcm: too small (14x128)
[2026-05-15 12:58:36] [INFO]       OK   m2007-05-30-00:34:31.rf.pcm: sb0:30al
[2026-05-15 12:58:36] [INFO]       OK   m2007-05-28-00:03:59.rf.pcm: sb0:83al
[2026-05-15 12:58:36] [INFO]       OK   m2007-05-29-22:19:41.rf.pcm: sb0:7al
[2026-05-15 12:58:36] [INFO]       OK   m2007-05-27-21:49:11.rf.pcm: sb0:80al
[2026-05-15 12:58:36] [INFO]       OK   m2007-05-29-23:27:09.rf.pcm: sb0:96al
[2026-05-15 12:58:36] [INFO]       OK   m2007-05-30-21:08:41.rf.pcm: sb0:81al
[2026-05-15 12:58:36] [INFO]       OK   m2007-05-31-02:15:23.rf.pcm: sb0:8al
[2026-05-15 12:58:36] [INFO]       SKIP m2007-06-02-00:52:21.rf.pcm: too small (12x128)
[2026-05-15 12:58:36] [INFO]       OK   m2007-05-31-23:05:19.rf.pcm: sb0:3al
[2026-05-15 12:58:36] [INFO]       OK   m2007-05-31-00:17:01.rf.pcm: sb0:82al
[2026-05-15 12:58:36] [INFO]       OK   m2007-05-31-21:49:28.rf.pcm: sb0:3al
[2026-05-15 12:58:36] [INFO]       OK   m2007-05-30-23:09:39.rf.pcm: sb0:86al
[2026-05-15 12:58:36] [INFO]       OK   m2007-06-01-00:13:10.rf.pcm: sb0:63al
[2026-05-15 12:58:36] [INFO]       OK   m2007-06-01-23:42:19.rf.pcm: sb0:6al
[2026-05-15 12:58:36] [INFO]       OK   m2007-06-01-22:35:01.rf.pcm: sb0:93al
[2026-05-15 12:58:36] [INFO]       OK   m2007-06-03-00:32:01.rf.pcm: sb0:28al
[2026-05-15 12:58:36] [INFO]       OK   m2007-06-02-22:17:00.rf.pcm: sb0:5al
[2026-05-15 12:58:36] [INFO]       OK   m2007-06-02-21:09:40.rf.pcm: sb0:74al
[2026-05-15 12:58:36] [INFO]       OK   m2007-06-02-23:24:28.rf.pcm: sb0:93al
[2026-05-15 12:58:36] [INFO]       OK   m2007-06-03-21:03:39.rf.pcm: sb0:88al
[2026-05-15 12:58:36] [INFO]       OK   m2007-06-03-22:12:09.rf.pcm: sb0:86al
[2026-05-15 12:58:36] [INFO]       OK   m2007-06-08-00:53:21.rf.pcm: sb0:24al
[2026-05-15 12:58:36] [INFO]       OK   m2007-06-03-23:21:36.rf.pcm: sb0:9al
[2026-05-15 12:58:36] [INFO]       OK   m2007-06-04-00:30:14.rf.pcm: sb0:93al
[2026-05-15 12:58:36] [INFO]       OK   m2007-06-07-22:37:21.rf.pcm: sb0:7al
[2026-05-15 12:58:36] [INFO]       OK   m2007-06-07-21:30:00.rf.pcm: sb0:81al
[2026-05-15 12:58:36] [INFO]       SKIP m2007-06-10-00:21:31.rf.pcm: too small (10x128)
[2026-05-15 12:58:36] [INFO]       OK   m2007-06-07-23:45:48.rf.pcm: sb0:88al
[2026-05-15 12:58:36] [INFO]       OK   m2007-06-08-22:07:42.rf.pcm: sb0:6al
[2026-05-15 12:58:36] [INFO]       OK   m2007-06-08-21:00:20.rf.pcm: sb0:80al
[2026-05-15 12:58:36] [INFO]       OK   m2007-06-09-22:05:41.rf.pcm: sb0:5al
[2026-05-15 12:58:36] [INFO]       OK   m2007-06-08-23:16:09.rf.pcm: sb0:91al
[2026-05-15 12:58:36] [INFO]       OK   m2007-06-09-20:58:19.rf.pcm: sb0:74al
[2026-05-15 12:58:36] [INFO]       OK   m2007-06-11-00:10:51.rf.pcm: sb0:19al
[2026-05-15 12:58:36] [INFO]       OK   m2007-06-09-23:14:09.rf.pcm: sb0:92al
[2026-05-15 12:58:36] [INFO]       OK   m2007-06-10-20:47:39.rf.pcm: sb0:99al
[2026-05-15 12:58:36] [INFO]       OK   m2007-06-11-21:59:11.rf.pcm: sb0:21al
[2026-05-15 12:58:36] [INFO]       OK   m2007-06-10-21:55:01.rf.pcm: sb0:76al
[2026-05-15 12:58:36] [INFO]       OK   m2007-06-10-23:03:29.rf.pcm: sb0:78al
[2026-05-15 12:58:36] [INFO]       SKIP m2007-06-17-20:38:11.rf.pcm: too small (10x128)
[2026-05-15 12:58:36] [INFO]       OK   m2007-06-13-22:08:41.rf.pcm: sb0:3al
[2026-05-15 12:58:36] [INFO]       SKIP m2007-06-25-02:23:32.rf.pcm: too small (14x128)
[2026-05-15 12:58:36] [INFO]       OK   m2007-06-11-20:51:50.rf.pcm: sb0:99al
[2026-05-15 12:58:36] [INFO]       OK   m2007-06-17-19:45:51.rf.pcm: sb0:7al
[2026-05-15 12:58:36] [INFO]       OK   m2007-06-25-01:54:09.rf.pcm: sb0:4al
[2026-05-15 12:58:36] [INFO]       OK   m2007-06-13-21:00:11.rf.pcm: sb0:70al
[2026-05-15 12:58:36] [INFO]       OK   m2007-06-16-21:41:11.rf.pcm: sb0:12al
[2026-05-15 12:58:36] [INFO]       OK   m2007-06-15-23:29:56.rf.pcm: sb0:29al
[2026-05-15 12:58:36] [INFO]       OK   m2007-06-16-00:39:24.rf.pcm: sb0:31al
[2026-05-15 12:58:36] [INFO]       OK   m2007-07-14-00:50:31.rf.pcm: sb0:43al
[2026-05-15 12:58:36] [INFO]       OK   m2007-07-14-20:32:17.rf.pcm: sb0:3al
[2026-05-15 12:58:37] [INFO]       OK   m2007-07-15-18:41:51.rf.pcm: sb0:6al
[2026-05-15 12:58:37] [INFO]       OK   m2007-07-15-22:29:42.rf.pcm: sb0:34al
[2026-05-15 12:58:37] [INFO]       OK   m2007-07-14-02:33:38.rf.pcm: sb0:86al
[2026-05-15 12:58:37] [INFO]       OK   m2007-07-14-19:24:11.rf.pcm: sb0:92al
[2026-05-15 12:58:37] [INFO]       OK   m2007-07-16-19:30:22.rf.pcm: sb0:31al
[2026-05-15 12:58:37] [INFO]       OK   m2007-07-15-19:56:22.rf.pcm: sb0:76al
[2026-05-15 12:58:37] [INFO]       OK   m2007-07-15-21:17:29.rf.pcm: sb0:95al
[2026-05-15 12:58:37] [INFO]       OK   m2007-07-16-19:58:56.rf.pcm: sb0:78al
[2026-05-15 12:58:37] [INFO]       OK   m2007-07-29-21:39:02.rf.pcm: sb0:22al
[2026-05-15 12:58:37] [INFO]       OK   m2007-08-11-20:39:51.rf.pcm: sb0:24al
[2026-05-15 12:58:37] [INFO]       OK   m2007-08-11-16:54:19.rf.pcm: sb0:46al
[2026-05-15 12:58:37] [INFO]       OK   m2007-08-12-19:07:59.rf.pcm: sb0:46al
[2026-05-15 12:58:37] [INFO]       OK   m2007-08-13-18:24:52.rf.pcm: sb0:99al
[2026-05-15 12:58:37] [INFO]       OK   m2007-08-13-22:37:39.rf.pcm: sb0:102al
[2026-05-15 12:58:37] [INFO]       OK   m2007-08-14-16:33:39.rf.pcm: sb0:33al
[2026-05-15 12:58:37] [INFO]       OK   m2007-08-14-19:59:41.rf.pcm: sb0:3al
[2026-05-15 12:58:37] [INFO]       OK   m2007-08-14-18:52:21.rf.pcm: sb0:28al
[2026-05-15 12:58:37] [INFO]       OK   m2007-08-14-17:44:40.rf.pcm: sb0:25al
[2026-05-15 12:58:37] [INFO]       SKIP m2007-09-10-14:13:01.rf.pcm: too small (13x128)
[2026-05-15 12:58:37] [INFO]       SKIP m2007-09-10-19:57:01.rf.pcm: too small (10x128)
[2026-05-15 12:58:37] [INFO]       OK   m2007-08-20-16:07:51.rf.pcm: sb0:41al
[2026-05-15 12:58:37] [INFO]       OK   m2007-08-14-21:07:03.rf.pcm: sb0:28al
[2026-05-15 12:58:37] [INFO]       OK   m2007-08-22-16:58:41.rf.pcm: sb0:33al
[2026-05-15 12:58:37] [INFO]       OK   m2007-08-14-23:21:43.rf.pcm: sb0:28al
[2026-05-15 12:58:37] [INFO]       OK   m2007-08-14-22:14:21.rf.pcm: sb0:32al
[2026-05-15 12:58:37] [INFO]       OK   m2007-08-21-17:03:51.rf.pcm: sb0:47al
[2026-05-15 12:58:37] [INFO]       OK   m2007-08-27-22:27:30.rf.pcm: sb0:32al
[2026-05-15 12:58:37] [INFO]       OK   m2007-09-10-20:22:50.rf.pcm: sb0:24al
[2026-05-15 12:58:37] [INFO]       OK   m2007-09-12-17:42:12.rf.pcm: sb0:29al
[2026-05-15 12:58:37] [INFO]       OK   m2007-09-12-18:52:10.rf.pcm: sb0:36al
[2026-05-15 12:58:37] [INFO]       OK   m2007-09-14-18:16:52.rf.pcm: sb0:38al
[2026-05-15 12:58:37] [INFO]       OK   m2007-09-13-21:02:02.rf.pcm: sb0:91al
[2026-05-15 12:58:37] [INFO]       OK   m2007-09-15-16:18:09.rf.pcm: sb0:40al
[2026-05-15 12:58:37] [INFO]       OK   m2007-09-13-22:09:22.rf.pcm: sb0:87al
[2026-05-15 12:58:37] [INFO]       OK   m2007-09-14-15:56:22.rf.pcm: sb0:99al
[2026-05-15 12:58:37] [INFO]       OK   m2007-09-14-17:06:30.rf.pcm: sb0:77al
[2026-05-15 12:58:37] [INFO]       OK   m2007-09-15-15:10:31.rf.pcm: sb0:113al
[2026-05-15 12:58:37] [INFO]       SKIP m2007-10-03-14:19:09.rf.pcm: too small (15x128)
[2026-05-15 12:58:37] [INFO]       SKIP m2007-10-04-18:57:00.rf.pcm: too small (10x128)
[2026-05-15 12:58:37] [INFO]       SKIP m2007-10-05-18:52:39.rf.pcm: too small (10x128)
[2026-05-15 12:58:37] [INFO]       SKIP m2007-10-07-23:45:01.rf.pcm: too small (14x128)
[2026-05-15 12:58:37] [INFO]       OK   m2007-09-15-18:58:51.rf.pcm: sb0:78al
[2026-05-15 12:58:37] [INFO]       SKIP m2007-10-09-13:24:11.rf.pcm: too small (11x128)
[2026-05-15 12:58:37] [INFO]       OK   m2007-09-15-17:51:29.rf.pcm: sb0:114al
[2026-05-15 12:58:37] [INFO]       SKIP m2007-10-09-13:39:29.rf.pcm: too small (12x128)
[2026-05-15 12:58:37] [INFO]       OK   m2007-09-15-22:21:43.rf.pcm: sb0:83al
[2026-05-15 12:58:37] [INFO]       OK   m2007-09-15-20:06:29.rf.pcm: sb0:85al
[2026-05-15 12:58:37] [INFO]       OK   m2007-09-15-21:13:53.rf.pcm: sb0:71al
[2026-05-15 12:58:37] [INFO]       OK   m2007-10-10-01:41:08.rf.pcm: sb0:17al
[2026-05-15 12:58:37] [INFO]       OK   m2007-10-08-13:42:09.rf.pcm: sb0:38al
[2026-05-15 12:58:37] [INFO]       OK   m2007-09-30-20:05:50.rf.pcm: sb0:44al
[2026-05-15 12:58:37] [INFO]       OK   m2007-10-01-17:28:39.rf.pcm: sb0:43al
[2026-05-15 12:58:37] [INFO]       OK   m2007-10-12-17:51:21.rf.pcm: sb0:42al
[2026-05-15 12:58:37] [INFO]       SKIP m2007-11-08-20:35:53.rf.pcm: too small (15x128)
[2026-05-15 12:58:37] [INFO]       OK   m2007-10-13-17:51:22.rf.pcm: sb0:40al
[2026-05-15 12:58:37] [INFO]       OK   m2007-11-06-19:43:05.rf.pcm: sb0:92al
[2026-05-15 12:58:37] [INFO]       OK   m2007-11-08-10:29:39.rf.pcm: sb0:59al
[2026-05-15 12:58:37] [INFO]       OK   m2007-11-08-19:27:31.rf.pcm: sb0:48al
[2026-05-15 12:58:37] [INFO]       OK   m2007-11-08-14:23:21.rf.pcm: sb0:46al
[2026-05-15 12:58:37] [INFO]       OK   m2007-12-02-13:42:49.rf.pcm: sb0:57al
[2026-05-15 12:58:37] [INFO]       OK   m2007-12-17-09:34:00.rf.pcm: sb0:3al
[2026-05-15 12:58:37] [INFO]       OK   m2007-12-19-07:54:21.rf.pcm: sb0:90al
[2026-05-15 12:58:37] [INFO]       OK   m2007-12-17-13:19:20.rf.pcm: sb0:30al
[2026-05-15 12:58:37] [INFO]       OK   m2007-12-19-09:01:41.rf.pcm: sb0:96al
[2026-05-15 12:58:37] [INFO]       OK   m2007-12-19-13:48:19.rf.pcm: sb0:14al
[2026-05-15 12:58:37] [INFO]       OK   m2007-12-19-10:09:31.rf.pcm: sb0:92al
[2026-05-15 12:58:37] [INFO]       OK   m2007-12-19-11:27:59.rf.pcm: sb0:100al
[2026-05-15 12:58:37] [INFO]       OK   m2007-12-19-12:40:29.rf.pcm: sb0:111al
[2026-05-15 12:58:37] [INFO]       OK   m2007-12-19-16:41:31.rf.pcm: sb0:3al
[2026-05-15 12:58:37] [INFO]       OK   m2007-12-20-08:32:01.rf.pcm: sb0:54al
[2026-05-15 12:58:37] [INFO]       OK   m2007-12-19-15:31:23.rf.pcm: sb0:86al
[2026-05-15 12:58:37] [INFO]       OK   m2007-12-20-09:45:10.rf.pcm: sb0:85al
[2026-05-15 12:58:37] [INFO]       OK   m2007-12-20-10:50:28.rf.pcm: sb0:84al
[2026-05-15 12:58:37] [INFO]       OK   m2007-12-20-17:35:42.rf.pcm: sb0:31al
[2026-05-15 12:58:37] [INFO]       OK   m2007-12-20-11:54:11.rf.pcm: sb0:102al
[2026-05-15 12:58:37] [INFO]       OK   m2007-12-20-12:57:51.rf.pcm: sb0:8al
[2026-05-15 12:58:37] [INFO]       OK   m2007-12-20-15:16:00.rf.pcm: sb0:91al
[2026-05-15 12:58:37] [INFO]       OK   m2007-12-21-09:32:59.rf.pcm: sb0:87al
[2026-05-15 12:58:37] [INFO]       OK   m2007-12-21-08:28:40.rf.pcm: sb0:82al
[2026-05-15 12:58:37] [INFO]       OK   m2007-12-21-11:41:49.rf.pcm: sb0:65al
[2026-05-15 12:58:37] [INFO]       OK   m2007-12-21-13:05:19.rf.pcm: sb0:5al
[2026-05-15 12:58:37] [INFO]       OK   m2007-12-21-14:09:40.rf.pcm: sb0:7al
[2026-05-15 12:58:37] [INFO]       OK   m2007-12-21-10:37:27.rf.pcm: sb0:86al
[2026-05-15 12:58:37] [INFO]       OK   m2007-12-22-08:27:50.rf.pcm: sb0:3al
[2026-05-15 12:58:37] [INFO]       OK   m2007-12-22-09:31:30.rf.pcm: sb0:7al
[2026-05-15 12:58:37] [INFO]       OK   m2007-12-22-11:38:38.rf.pcm: sb0:4al
[2026-05-15 12:58:37] [INFO]       OK   m2007-12-22-10:35:09.rf.pcm: sb0:83al
[2026-05-15 12:58:37] [INFO]       OK   m2007-12-22-12:42:20.rf.pcm: sb0:7al
[2026-05-15 12:58:37] [INFO]       OK   m2007-12-22-13:45:58.rf.pcm: sb0:92al
[2026-05-15 12:58:37] [INFO]       OK   m2007-12-22-16:00:20.rf.pcm: sb0:5al
[2026-05-15 12:58:37] [INFO]       OK   m2007-12-22-17:03:52.rf.pcm: sb0:70al
[2026-05-15 12:58:37] [INFO]       OK   m2007-12-23-08:20:19.rf.pcm: sb0:85al
[2026-05-15 12:58:37] [INFO]       OK   m2007-12-23-10:27:38.rf.pcm: sb0:86al
[2026-05-15 12:58:37] [INFO]       OK   m2007-12-23-09:24:00.rf.pcm: sb0:99al
[2026-05-15 12:58:37] [INFO]       OK   m2007-12-23-15:52:50.rf.pcm: sb0:5al
[2026-05-15 12:58:37] [INFO]       OK   m2007-12-23-11:30:58.rf.pcm: sb0:96al
[2026-05-15 12:58:37] [INFO]       OK   m2007-12-23-16:56:12.rf.pcm: sb0:5al
[2026-05-15 12:58:37] [INFO]       OK   m2007-12-23-13:38:17.rf.pcm: sb0:78al
[2026-05-15 12:58:37] [INFO]       OK   m2007-12-23-12:34:49.rf.pcm: sb0:90al
[2026-05-15 12:58:37] [INFO]       OK   m2007-12-24-08:23:19.rf.pcm: sb0:81al
[2026-05-15 12:58:37] [INFO]       OK   m2007-12-24-09:26:39.rf.pcm: sb0:92al
[2026-05-15 12:58:37] [INFO]       OK   m2007-12-24-10:30:18.rf.pcm: sb0:82al
[2026-05-15 12:58:37] [INFO]       OK   m2007-12-24-11:33:40.rf.pcm: sb0:82al
[2026-05-15 12:58:37] [INFO]       OK   m2007-12-24-12:38:30.rf.pcm: sb0:88al
[2026-05-15 12:58:37] [INFO]       OK   m2007-12-24-13:42:07.rf.pcm: sb0:81al
[2026-05-15 12:58:37] [INFO]       OK   m2007-12-24-15:56:32.rf.pcm: sb0:89al
[2026-05-15 12:58:37] [INFO]       OK   m2007-12-25-09:09:20.rf.pcm: sb0:6al
[2026-05-15 12:58:37] [INFO]       OK   m2007-12-24-17:00:11.rf.pcm: sb0:71al
[2026-05-15 12:58:37] [INFO]       OK   m2007-12-25-10:12:58.rf.pcm: sb0:51al
[2026-05-15 12:58:37] [INFO]       OK   m2007-12-25-11:14:00.rf.pcm: sb0:66al
[2026-05-15 12:58:37] [INFO]       OK   m2007-12-30-09:54:39.rf.pcm: sb0:42al
[2026-05-15 12:58:37] [INFO]       OK   m2007-12-31-12:19:50.rf.pcm: sb0:63al
[2026-05-15 12:58:37] [INFO]       OK   m2007-12-31-08:26:29.rf.pcm: sb0:119al
[2026-05-15 12:58:37] [INFO]       OK   m2008-01-01-08:35:49.rf.pcm: sb0:48al
[2026-05-15 12:58:37] [INFO]       OK   m2008-01-01-12:15:00.rf.pcm: sb0:48al
[2026-05-15 12:58:37] [INFO]       OK   m2008-01-22-08:42:34.rf.pcm: sb0:5al
[2026-05-15 12:58:37] [INFO]       OK   m2008-01-21-09:29:49.rf.pcm: sb0:27al
[2026-05-15 12:58:37] [INFO]       OK   m2008-01-04-03:23:00.rf.pcm: sb0:152al
[2026-05-15 12:58:37] [INFO]       OK   m2008-01-23-10:36:11.rf.pcm: sb0:29al
[2026-05-15 12:58:37] [INFO]       OK   m2008-01-24-07:12:16.rf.pcm: sb0:9al
[2026-05-15 12:58:37] [INFO]       OK   m2008-02-10-10:41:00.rf.pcm: sb0:31al
[2026-05-15 12:58:37] [INFO]       OK   m2008-02-22-06:40:09.rf.pcm: sb0:5al
[2026-05-15 12:58:37] [INFO]       OK   m2008-02-22-08:50:17.rf.pcm: sb0:36al
[2026-05-15 12:58:37] [INFO]       OK   m2008-02-22-07:45:19.rf.pcm: sb0:36al
[2026-05-15 12:58:37] [INFO]       OK   m2008-02-22-05:36:12.rf.pcm: sb0:31al
[2026-05-15 12:58:37] [INFO]       OK   m2008-02-12-09:33:17.rf.pcm: sb0:86al
[2026-05-15 12:58:37] [INFO]       OK   m2008-02-22-10:14:32.rf.pcm: sb0:19al
[2026-05-15 12:58:37] [INFO]       OK   m2008-02-22-11:17:52.rf.pcm: sb0:21al
[2026-05-15 12:58:37] [INFO]       OK   m2008-02-22-12:21:10.rf.pcm: sb0:23al
[2026-05-15 12:58:37] [INFO]       OK   m2008-02-23-06:21:01.rf.pcm: sb0:30al
[2026-05-15 12:58:37] [INFO]       OK   m2008-02-23-08:34:40.rf.pcm: sb0:21al
[2026-05-15 12:58:37] [INFO]       OK   m2008-02-23-07:27:49.rf.pcm: sb0:76al
[2026-05-15 12:58:37] [INFO]       OK   m2008-02-23-09:41:30.rf.pcm: sb0:27al
[2026-05-15 12:58:37] [INFO]       OK   m2008-02-24-04:18:51.rf.pcm: sb0:14al
[2026-05-15 12:58:37] [INFO]       OK   m2008-02-23-10:48:12.rf.pcm: sb0:66al
[2026-05-15 12:58:37] [INFO]       OK   m2008-02-24-05:25:40.rf.pcm: sb0:43al
[2026-05-15 12:58:37] [INFO]       OK   m2008-02-24-06:32:21.rf.pcm: sb0:29al
[2026-05-15 12:58:37] [INFO]       OK   m2008-02-24-07:39:00.rf.pcm: sb0:49al
[2026-05-15 12:58:38] [INFO]       OK   m2008-02-24-09:08:24.rf.pcm: sb0:3al
[2026-05-15 12:58:38] [INFO]       OK   m2008-02-24-12:32:50.rf.pcm: sb0:28al
[2026-05-15 12:58:38] [INFO]       OK   m2008-02-24-10:19:29.rf.pcm: sb0:45al
[2026-05-15 12:58:38] [INFO]       OK   m2008-02-24-11:26:10.rf.pcm: sb0:34al
[2026-05-15 12:58:38] [INFO]       OK   m2008-02-25-05:19:12.rf.pcm: sb0:46al
[2026-05-15 12:58:38] [INFO]       OK   m2008-02-25-06:26:22.rf.pcm: sb0:22al
[2026-05-15 12:58:38] [INFO]       OK   m2008-02-25-07:33:20.rf.pcm: sb0:43al
[2026-05-15 12:58:38] [INFO]       OK   m2008-02-25-13:07:12.rf.pcm: sb0:11al
[2026-05-15 12:58:38] [INFO]       OK   m2008-02-25-09:47:00.rf.pcm: sb0:33al
[2026-05-15 12:58:38] [INFO]       OK   m2008-02-25-08:40:10.rf.pcm: sb0:59al
[2026-05-15 12:58:38] [INFO]       OK   m2008-02-25-12:00:30.rf.pcm: sb0:34al
[2026-05-15 12:58:38] [INFO]       OK   m2008-02-26-07:55:14.rf.pcm: sb0:17al
[2026-05-15 12:58:38] [INFO]       SKIP m2008-02-26-11:22:32.rf.pcm: too small (10x128)
[2026-05-15 12:58:38] [INFO]       OK   m2008-02-25-10:53:51.rf.pcm: sb0:30al
[2026-05-15 12:58:38] [INFO]       OK   m2008-02-26-05:12:56.rf.pcm: sb0:6al
[2026-05-15 12:58:38] [INFO]       OK   m2008-02-26-06:41:34.rf.pcm: sb0:103al
[2026-05-15 12:58:38] [INFO]       OK   m2008-02-26-10:14:24.rf.pcm: sb0:5al
[2026-05-15 12:58:38] [INFO]       OK   m2008-02-27-04:01:17.rf.pcm: sb0:73al
[2026-05-15 12:58:38] [INFO]       SKIP m2008-02-27-09:19:19.rf.pcm: too small (11x128)
[2026-05-15 12:58:38] [INFO]       OK   m2008-02-26-09:05:54.rf.pcm: sb0:101al
[2026-05-15 12:58:38] [INFO]       OK   m2008-02-26-11:36:59.rf.pcm: sb0:95al
[2026-05-15 12:58:38] [INFO]       OK   m2008-02-28-07:45:50.rf.pcm: sb0:3al
[2026-05-15 12:58:38] [INFO]       OK   m2008-02-27-05:22:35.rf.pcm: sb0:115al
[2026-05-15 12:58:38] [INFO]       OK   m2008-02-27-06:34:35.rf.pcm: sb0:92al
[2026-05-15 12:58:38] [INFO]       OK   m2008-02-28-04:20:29.rf.pcm: sb0:45al
[2026-05-15 12:58:38] [INFO]       OK   m2008-02-28-05:29:12.rf.pcm: sb0:31al
[2026-05-15 12:58:38] [INFO]       OK   m2008-02-28-06:37:30.rf.pcm: sb0:46al
[2026-05-15 12:58:38] [INFO]       SKIP m2008-02-29-08:58:10.rf.pcm: too small (11x128)
[2026-05-15 12:58:38] [INFO]       OK   m2008-02-29-04:10:10.rf.pcm: sb0:37al
[2026-05-15 12:58:38] [INFO]       OK   m2008-02-29-05:22:10.rf.pcm: sb0:30al
[2026-05-15 12:58:38] [INFO]       SKIP m2008-03-19-05:51:23.rf.pcm: too small (15x128)
[2026-05-15 12:58:38] [INFO]       OK   m2008-02-29-06:34:12.rf.pcm: sb0:36al
[2026-05-15 12:58:38] [INFO]       OK   m2008-02-29-07:46:10.rf.pcm: sb0:37al
[2026-05-15 12:58:38] [INFO]       SKIP m2008-03-20-07:24:37.rf.pcm: too small (10x128)
[2026-05-15 12:58:38] [INFO]       OK   m2008-03-01-07:44:52.rf.pcm: sb0:35al
[2026-05-15 12:58:38] [INFO]       OK   m2008-03-03-06:05:39.rf.pcm: sb0:45al
[2026-05-15 12:58:38] [INFO]       OK   m2008-03-03-09:58:43.rf.pcm: sb0:29al
[2026-05-15 12:58:38] [INFO]       OK   m2008-03-19-06:23:55.rf.pcm: sb0:34al
[2026-05-15 12:58:38] [INFO]       OK   m2007-10-18-05:10:37.rf.pcm: sb0:1613al
[2026-05-15 12:58:38] [INFO]       OK   m2008-03-21-05:36:52.rf.pcm: sb0:40al
[2026-05-15 12:58:38] [INFO]       OK   m2008-03-20-07:42:17.rf.pcm: sb0:100al
[2026-05-15 12:58:38] [INFO]       SKIP m2008-04-14-06:00:57.rf.pcm: too small (14x128)
[2026-05-15 12:58:38] [INFO]       SKIP m2008-05-03-02:52:15.rf.pcm: too small (13x128)
[2026-05-15 12:58:38] [INFO]       OK   m2008-03-22-06:42:17.rf.pcm: sb0:99al
[2026-05-15 12:58:38] [INFO]       OK   m2008-04-12-02:39:30.rf.pcm: sb0:28al
[2026-05-15 12:58:38] [INFO]       OK   m2008-04-13-02:49:42.rf.pcm: sb0:31al
[2026-05-15 12:58:38] [INFO]       OK   m2008-04-14-05:03:16.rf.pcm: sb0:72al
[2026-05-15 12:58:38] [INFO]       OK   m2008-05-05-06:14:50.rf.pcm: sb0:30al
[2026-05-15 12:58:38] [INFO]       OK   m2008-05-03-03:15:37.rf.pcm: sb0:64al
[2026-05-15 12:58:38] [INFO]       OK   m2008-04-14-03:54:05.rf.pcm: sb0:103al
[2026-05-15 12:58:38] [INFO]       OK   m2008-05-02-05:01:32.rf.pcm: sb0:42al
[2026-05-15 12:58:38] [INFO]       OK   m2008-05-12-00:03:18.rf.pcm: sb0:4al
[2026-05-15 12:58:38] [INFO]       OK   m2008-05-12-04:19:56.rf.pcm: sb0:15al
[2026-05-15 12:58:38] [INFO]       OK   m2008-05-12-02:21:56.rf.pcm: sb0:3al
[2026-05-15 12:58:38] [INFO]       OK   m2008-05-12-01:12:37.rf.pcm: sb0:93al
[2026-05-15 12:58:38] [INFO]       OK   m2008-05-12-05:52:16.rf.pcm: sb0:9al
[2026-05-15 12:58:38] [INFO]       OK   m2008-05-12-03:11:00.rf.pcm: sb0:102al
[2026-05-15 12:58:38] [INFO]       SKIP m2008-05-13-06:50:56.rf.pcm: too small (12x128)
[2026-05-15 12:58:38] [INFO]       OK   m2008-05-13-03:22:57.rf.pcm: sb0:10al
[2026-05-15 12:58:38] [INFO]       OK   m2008-05-12-04:42:56.rf.pcm: sb0:108al
[2026-05-15 12:58:38] [INFO]       OK   m2008-05-13-04:32:16.rf.pcm: sb0:97al
[2026-05-15 12:58:38] [INFO]       OK   m2008-05-13-02:13:37.rf.pcm: sb0:87al
[2026-05-15 12:58:38] [INFO]       OK   m2008-05-13-05:41:36.rf.pcm: sb0:90al
[2026-05-15 12:58:38] [INFO]       OK   m2008-05-13-23:30:16.rf.pcm: sb0:6al
[2026-05-15 12:58:38] [INFO]       OK   m2008-05-13-22:07:57.rf.pcm: sb0:76al
[2026-05-15 12:58:38] [INFO]       OK   m2008-05-14-00:39:36.rf.pcm: sb0:99al
[2026-05-15 12:58:38] [INFO]       SKIP m2008-05-15-01:13:37.rf.pcm: too small (10x128)
[2026-05-15 12:58:38] [INFO]       OK   m2008-05-14-01:48:57.rf.pcm: sb0:90al
[2026-05-15 12:58:38] [INFO]       OK   m2008-05-14-04:07:17.rf.pcm: sb0:4al
[2026-05-15 12:58:38] [INFO]       OK   m2008-05-14-06:38:16.rf.pcm: sb0:20al
[2026-05-15 12:58:38] [INFO]       OK   m2008-05-14-02:58:16.rf.pcm: sb0:11al
[2026-05-15 12:58:38] [INFO]       OK   m2008-05-14-05:28:59.rf.pcm: sb0:90al
[2026-05-15 12:58:38] [INFO]       OK   m2008-05-15-06:32:16.rf.pcm: sb0:39al
[2026-05-15 12:58:38] [INFO]       OK   m2008-05-15-04:13:37.rf.pcm: sb0:12al
[2026-05-15 12:58:38] [INFO]       OK   m2008-05-15-05:22:56.rf.pcm: sb0:9al
[2026-05-15 12:58:38] [INFO]       OK   m2008-05-15-21:58:56.rf.pcm: sb0:5al
[2026-05-15 12:58:38] [INFO]       OK   m2008-05-15-23:08:16.rf.pcm: sb0:79al
[2026-05-15 12:58:38] [INFO]       OK   m2008-05-15-03:04:17.rf.pcm: sb0:91al
[2026-05-15 12:58:38] [INFO]       OK   m2008-05-16-04:54:16.rf.pcm: sb0:26al
[2026-05-15 12:58:38] [INFO]       OK   m2008-05-16-00:17:37.rf.pcm: sb0:88al
[2026-05-15 12:58:38] [INFO]       OK   m2008-05-16-01:26:56.rf.pcm: sb0:103al
[2026-05-15 12:58:38] [INFO]       OK   m2008-05-16-05:29:36.rf.pcm: sb0:19al
[2026-05-15 12:58:38] [INFO]       OK   m2008-05-16-03:45:16.rf.pcm: sb0:3al
[2026-05-15 12:58:38] [INFO]       OK   m2008-05-16-02:36:17.rf.pcm: sb0:98al
[2026-05-15 12:58:38] [INFO]       OK   m2008-05-16-05:54:56.rf.pcm: sb0:3al
[2026-05-15 12:58:38] [INFO]       OK   m2008-05-16-22:28:56.rf.pcm: sb0:11al
[2026-05-15 12:58:38] [INFO]       OK   m2008-05-17-01:56:16.rf.pcm: sb0:10al
[2026-05-15 12:58:38] [INFO]       OK   m2008-05-17-03:05:17.rf.pcm: sb0:9al
[2026-05-15 12:58:38] [INFO]       OK   m2008-05-16-23:37:58.rf.pcm: sb0:92al
[2026-05-15 12:58:38] [INFO]       OK   m2008-05-17-00:46:57.rf.pcm: sb0:102al
[2026-05-15 12:58:38] [INFO]       OK   m2008-05-17-04:14:17.rf.pcm: sb0:3al
[2026-05-15 12:58:38] [INFO]       OK   m2008-05-17-05:23:36.rf.pcm: sb0:9al
[2026-05-15 12:58:38] [INFO]       OK   m2008-05-18-01:19:57.rf.pcm: sb0:22al
[2026-05-15 12:58:38] [INFO]       OK   m2008-05-18-00:10:36.rf.pcm: sb0:3al
[2026-05-15 12:58:38] [INFO]       OK   m2008-05-17-21:51:57.rf.pcm: sb0:13al
[2026-05-15 12:58:38] [INFO]       OK   m2008-05-17-06:33:17.rf.pcm: sb0:31al
[2026-05-15 12:58:38] [INFO]       OK   m2008-05-17-23:01:16.rf.pcm: sb0:3al
[2026-05-15 12:58:38] [INFO]       OK   m2008-05-18-02:52:16.rf.pcm: sb0:8al
[2026-05-15 12:58:38] [INFO]       OK   m2008-05-18-06:22:16.rf.pcm: sb0:7al
[2026-05-15 12:58:38] [INFO]       OK   m2008-05-18-04:01:36.rf.pcm: sb0:94al
[2026-05-15 12:58:38] [INFO]       OK   m2008-05-19-00:07:56.rf.pcm: sb0:91al
[2026-05-15 12:58:38] [INFO]       OK   m2008-05-18-05:10:57.rf.pcm: sb0:96al
[2026-05-15 12:58:38] [INFO]       OK   m2008-05-18-22:58:37.rf.pcm: sb0:86al
[2026-05-15 12:58:38] [INFO]       OK   m2008-05-19-01:17:16.rf.pcm: sb0:95al
[2026-05-15 12:58:38] [INFO]       OK   m2008-05-19-02:46:32.rf.pcm: sb0:39al
[2026-05-15 12:58:38] [INFO]       OK   m2008-05-19-03:55:12.rf.pcm: sb0:52al
[2026-05-15 12:58:38] [INFO]       OK   m2008-05-19-05:03:51.rf.pcm: sb0:30al
[2026-05-15 12:58:38] [INFO]       OK   m2008-05-24-03:53:12.rf.pcm: sb0:58al
[2026-05-15 12:58:38] [INFO]       OK   m2008-05-19-06:12:21.rf.pcm: sb0:28al
[2026-05-15 12:58:38] [INFO]       OK   m2008-05-24-06:43:57.rf.pcm: sb0:8al
[2026-05-15 12:58:38] [INFO]       OK   m2008-06-14-06:01:52.rf.pcm: sb0:2al
[2026-05-15 12:58:38] [INFO]       OK   m2008-05-25-02:39:17.rf.pcm: sb0:9al
[2026-05-15 12:58:38] [INFO]       OK   m2008-06-16-20:36:42.rf.pcm: sb0:1al
[2026-05-15 12:58:38] [INFO]       OK   m2008-05-25-01:25:58.rf.pcm: sb0:93al
[2026-05-15 12:58:38] [INFO]       SKIP m2008-06-27-23:46:17.rf.pcm: too small (10x128)
[2026-05-15 12:58:38] [INFO]       OK   m2008-05-25-22:45:57.rf.pcm: sb0:4al
[2026-05-15 12:58:38] [INFO]       OK   m2008-06-13-23:08:42.rf.pcm: sb0:49al
[2026-05-15 12:58:38] [INFO]       OK   m2008-07-03-22:51:23.rf.pcm: sb0:11al
[2026-05-15 12:58:38] [INFO]       OK   m2008-06-27-03:51:57.rf.pcm: sb0:6al
[2026-05-15 12:58:38] [INFO]       OK   m2008-06-15-00:09:37.rf.pcm: sb0:106al
[2026-05-15 12:58:38] [INFO]       OK   m2008-06-25-20:13:12.rf.pcm: sb0:44al
[2026-05-15 12:58:38] [INFO]       OK   m2008-06-26-23:50:53.rf.pcm: sb0:42al
[2026-05-15 12:58:38] [INFO]       OK   m2008-06-27-23:57:16.rf.pcm: sb0:89al
[2026-05-15 12:58:38] [INFO]       OK   m2008-07-04-01:09:03.rf.pcm: sb0:55al
[2026-05-15 12:58:38] [INFO]       OK   m2008-07-04-02:33:32.rf.pcm: sb0:33al
[2026-05-15 12:58:38] [INFO]       OK   m2008-07-04-03:42:12.rf.pcm: sb0:42al
[2026-05-15 12:58:38] [INFO]       OK   m2008-07-05-03:16:44.rf.pcm: sb0:43al
[2026-05-15 12:58:38] [INFO]       OK   m2008-07-05-22:43:22.rf.pcm: sb0:35al
[2026-05-15 12:58:38] [INFO]       OK   m2008-07-05-21:34:43.rf.pcm: sb0:36al
[2026-05-15 12:58:38] [INFO]       SKIP m2008-07-06-23:21:52.rf.pcm: too small (14x128)
[2026-05-15 12:58:38] [INFO]       OK   m2008-07-05-23:52:02.rf.pcm: sb0:61al
[2026-05-15 12:58:38] [INFO]       OK   m2008-07-06-01:00:42.rf.pcm: sb0:41al
[2026-05-15 12:58:38] [INFO]       OK   m2008-07-06-04:26:42.rf.pcm: sb0:14al
[2026-05-15 12:58:38] [INFO]       OK   m2008-07-06-02:09:22.rf.pcm: sb0:43al
[2026-05-15 12:58:38] [INFO]       OK   m2008-07-06-03:18:03.rf.pcm: sb0:83al
[2026-05-15 12:58:38] [INFO]       OK   m2008-07-08-01:15:42.rf.pcm: sb0:2al
[2026-05-15 12:58:38] [INFO]       OK   m2008-07-06-22:13:12.rf.pcm: sb0:71al
[2026-05-15 12:58:38] [INFO]       OK   m2008-07-07-03:13:42.rf.pcm: sb0:41al
[2026-05-15 12:58:38] [INFO]       OK   m2008-07-07-21:49:44.rf.pcm: sb0:77al
[2026-05-15 12:58:39] [INFO]       OK   m2008-07-07-22:58:22.rf.pcm: sb0:51al
[2026-05-15 12:58:39] [INFO]       OK   m2008-07-08-00:07:02.rf.pcm: sb0:35al
[2026-05-15 12:58:39] [INFO]       OK   m2008-07-08-03:59:27.rf.pcm: sb0:32al
[2026-05-15 12:58:39] [INFO]       OK   m2008-07-08-01:42:02.rf.pcm: sb0:56al
[2026-05-15 12:58:39] [INFO]       OK   m2008-07-08-22:58:03.rf.pcm: sb0:55al
[2026-05-15 12:58:39] [INFO]       OK   m2008-07-08-02:50:42.rf.pcm: sb0:62al
[2026-05-15 12:58:39] [INFO]       OK   m2008-07-08-21:49:23.rf.pcm: sb0:29al
[2026-05-15 12:58:39] [INFO]       OK   m2008-07-09-00:06:42.rf.pcm: sb0:61al
[2026-05-15 12:58:39] [INFO]       OK   m2008-07-09-01:15:24.rf.pcm: sb0:36al
[2026-05-15 12:58:39] [INFO]       OK   m2008-07-09-03:37:30.rf.pcm: sb0:42al
[2026-05-15 12:58:39] [INFO]       OK   m2008-07-09-02:28:42.rf.pcm: sb0:44al
[2026-05-15 12:58:39] [INFO]       OK   m2008-07-09-22:20:24.rf.pcm: sb0:34al
[2026-05-15 12:58:39] [INFO]       OK   m2008-07-10-00:37:44.rf.pcm: sb0:33al
[2026-05-15 12:58:39] [INFO]       OK   m2008-07-09-23:29:04.rf.pcm: sb0:65al
[2026-05-15 12:58:39] [INFO]       OK   m2008-07-10-02:55:04.rf.pcm: sb0:19al
[2026-05-15 12:58:39] [INFO]       OK   m2008-07-11-01:36:22.rf.pcm: sb0:3al
[2026-05-15 12:58:39] [INFO]       SKIP m2008-07-11-04:31:34.rf.pcm: too small (12x128)
[2026-05-15 12:58:39] [INFO]       OK   m2008-07-10-01:46:23.rf.pcm: sb0:18al
[2026-05-15 12:58:39] [INFO]       OK   m2008-07-11-23:35:53.rf.pcm: sb0:2al
[2026-05-15 12:58:39] [INFO]       OK   m2007-10-24-23:14:08.rf.pcm: sb0:2385al
[2026-05-15 12:58:39] [INFO]       OK   m2008-07-10-22:10:23.rf.pcm: sb0:20al
[2026-05-15 12:58:39] [INFO]       OK   m2008-07-10-23:19:03.rf.pcm: sb0:74al
[2026-05-15 12:58:39] [INFO]       OK   m2008-07-11-02:14:32.rf.pcm: sb0:39al
[2026-05-15 12:58:39] [INFO]       OK   m2008-07-11-00:27:43.rf.pcm: sb0:37al
[2026-05-15 12:58:39] [INFO]       OK   m2008-07-12-02:20:54.rf.pcm: sb0:26al
[2026-05-15 12:58:39] [INFO]       OK   m2008-07-11-03:23:02.rf.pcm: sb0:57al
[2026-05-15 12:58:39] [INFO]       OK   m2008-07-12-00:03:33.rf.pcm: sb0:50al
[2026-05-15 12:58:39] [INFO]       OK   m2008-07-12-04:11:03.rf.pcm: sb0:7al
[2026-05-15 12:58:39] [INFO]       OK   m2008-07-11-21:52:00.rf.pcm: sb0:47al
[2026-05-15 12:58:39] [INFO]       OK   m2008-07-12-01:12:13.rf.pcm: sb0:35al
[2026-05-15 12:58:39] [INFO]       OK   m2008-07-12-03:02:24.rf.pcm: sb0:38al
[2026-05-15 12:58:39] [INFO]       OK   m2008-07-13-00:20:02.rf.pcm: sb0:33al
[2026-05-15 12:58:39] [INFO]       OK   m2008-07-12-23:11:24.rf.pcm: sb0:12al
[2026-05-15 12:58:39] [INFO]       OK   m2008-07-12-22:02:42.rf.pcm: sb0:44al
[2026-05-15 12:58:39] [INFO]       OK   m2008-07-13-02:25:12.rf.pcm: sb0:32al
[2026-05-15 12:58:39] [INFO]       OK   m2008-07-13-01:28:42.rf.pcm: sb0:42al
[2026-05-15 12:58:39] [INFO]       SKIP m2008-07-14-01:14:53.rf.pcm: too small (13x128)
[2026-05-15 12:58:39] [INFO]       SKIP m2008-07-14-00:59:13.rf.pcm: too small (10x128)
[2026-05-15 12:58:39] [INFO]       OK   m2008-07-14-03:05:33.rf.pcm: sb0:3al
[2026-05-15 12:58:39] [INFO]       OK   m2008-07-13-03:26:14.rf.pcm: sb0:38al
[2026-05-15 12:58:39] [INFO]       OK   m2008-07-13-21:51:25.rf.pcm: sb0:45al
[2026-05-15 12:58:39] [INFO]       OK   m2008-08-12-23:57:02.rf.pcm: sb0:7al
[2026-05-15 12:58:39] [INFO]       SKIP m2008-08-17-00:39:12.rf.pcm: too small (13x128)
[2026-05-15 12:58:39] [INFO]       OK   m2008-07-14-03:30:01.rf.pcm: sb0:10al
[2026-05-15 12:58:39] [INFO]       OK   m2008-07-21-22:14:34.rf.pcm: sb0:101al
[2026-05-15 12:58:39] [INFO]       OK   m2008-07-22-23:34:21.rf.pcm: sb0:18al
[2026-05-15 12:58:39] [INFO]       OK   m2008-07-13-23:13:53.rf.pcm: sb0:32al
[2026-05-15 12:58:39] [INFO]       OK   m2008-07-14-01:56:52.rf.pcm: sb0:42al
[2026-05-15 12:58:39] [INFO]       OK   m2008-08-13-21:32:19.rf.pcm: sb0:75al
[2026-05-15 12:58:39] [INFO]       OK   m2008-08-14-22:06:14.rf.pcm: sb0:45al
[2026-05-15 12:58:39] [INFO]       OK   m2008-09-02-17:34:16.rf.pcm: sb0:5al
[2026-05-15 12:58:39] [INFO]       OK   m2008-09-04-17:49:56.rf.pcm: sb0:97al
[2026-05-15 12:58:39] [INFO]       OK   m2008-08-31-15:40:01.rf.pcm: sb0:30al
[2026-05-15 12:58:39] [INFO]       OK   m2008-08-31-20:05:01.rf.pcm: sb0:22al
[2026-05-15 12:58:39] [INFO]       OK   m2008-09-04-15:18:56.rf.pcm: sb0:89al
[2026-05-15 12:58:39] [INFO]       OK   m2008-09-04-19:28:16.rf.pcm: sb0:100al
[2026-05-15 12:58:39] [INFO]       OK   m2008-09-04-16:36:16.rf.pcm: sb0:97al
[2026-05-15 12:58:39] [INFO]       OK   m2008-09-05-15:22:36.rf.pcm: sb0:5al
[2026-05-15 12:58:39] [INFO]       OK   m2008-09-05-16:35:36.rf.pcm: sb0:71al
[2026-05-15 12:58:39] [INFO]       OK   m2008-09-05-18:16:16.rf.pcm: sb0:95al
[2026-05-15 12:58:39] [INFO]       OK   m2008-09-06-16:36:38.rf.pcm: sb0:89al
[2026-05-15 12:58:39] [INFO]       OK   m2008-09-06-20:08:07.rf.pcm: sb0:4al
[2026-05-15 12:58:39] [INFO]       OK   m2008-09-07-18:38:46.rf.pcm: sb0:25al
[2026-05-15 12:58:39] [INFO]       OK   m2008-09-06-22:26:56.rf.pcm: sb0:7al
[2026-05-15 12:58:39] [INFO]       OK   m2008-09-06-18:58:47.rf.pcm: sb0:93al
[2026-05-15 12:58:39] [INFO]       OK   m2008-09-06-21:17:42.rf.pcm: sb0:91al
[2026-05-15 12:58:39] [INFO]       OK   m2008-09-06-17:49:36.rf.pcm: sb0:105al
[2026-05-15 12:58:39] [INFO]       OK   m2008-09-07-15:02:56.rf.pcm: sb0:101al
[2026-05-15 12:58:39] [INFO]       OK   m2008-09-07-21:07:56.rf.pcm: sb0:33al
[2026-05-15 12:58:39] [INFO]       OK   m2008-09-07-16:16:38.rf.pcm: sb0:3al
[2026-05-15 12:58:39] [INFO]       OK   m2008-09-08-14:52:36.rf.pcm: sb0:15al
[2026-05-15 12:58:39] [INFO]       OK   m2008-09-07-21:43:56.rf.pcm: sb0:35al
[2026-05-15 12:58:39] [INFO]       SKIP m2008-09-22-20:24:00.rf.pcm: too small (12x128)
[2026-05-15 12:58:39] [INFO]       OK   m2008-09-08-20:56:16.rf.pcm: sb0:21al
[2026-05-15 12:58:39] [INFO]       OK   m2008-09-07-17:29:36.rf.pcm: sb0:89al
[2026-05-15 12:58:39] [INFO]       OK   m2008-09-08-17:27:56.rf.pcm: sb0:5al
[2026-05-15 12:58:39] [INFO]       OK   m2008-09-08-16:05:58.rf.pcm: sb0:84al
[2026-05-15 12:58:39] [INFO]       OK   m2008-09-08-19:46:56.rf.pcm: sb0:80al
[2026-05-15 12:58:39] [INFO]       OK   m2008-09-08-18:37:38.rf.pcm: sb0:105al
[2026-05-15 12:58:39] [INFO]       OK   m2008-09-21-16:44:22.rf.pcm: sb0:43al
[2026-05-15 12:58:39] [INFO]       OK   m2008-10-12-16:47:16.rf.pcm: sb0:9al
[2026-05-15 12:58:39] [INFO]       OK   m2008-10-11-17:17:36.rf.pcm: sb0:95al
[2026-05-15 12:58:39] [INFO]       OK   m2008-10-10-16:12:21.rf.pcm: sb0:43al
[2026-05-15 12:58:39] [INFO]       OK   m2008-10-13-16:54:11.rf.pcm: sb0:53al
[2026-05-15 12:58:39] [INFO]       OK   m2008-10-10-17:35:16.rf.pcm: sb0:88al
[2026-05-15 12:58:39] [INFO]       OK   m2008-10-14-12:56:37.rf.pcm: sb0:4al
[2026-05-15 12:58:39] [INFO]       SKIP m2008-10-14-21:18:47.rf.pcm: too small (13x128)
[2026-05-15 12:58:39] [INFO]       OK   m2008-10-13-19:27:01.rf.pcm: sb0:30al
[2026-05-15 12:58:39] [INFO]       OK   m2008-10-13-18:08:01.rf.pcm: sb0:39al
[2026-05-15 12:58:39] [INFO]       OK   m2008-10-14-18:59:44.rf.pcm: sb0:11al
[2026-05-15 12:58:39] [INFO]       OK   m2008-10-14-17:50:15.rf.pcm: sb0:6al
[2026-05-15 12:58:39] [INFO]       OK   m2008-10-14-20:09:11.rf.pcm: sb0:94al
[2026-05-15 12:58:39] [INFO]       OK   m2008-10-14-14:09:56.rf.pcm: sb0:105al
[2026-05-15 12:58:39] [INFO]       OK   m2008-10-14-15:22:56.rf.pcm: sb0:109al
[2026-05-15 12:58:39] [INFO]       OK   m2008-10-15-14:02:01.rf.pcm: sb0:72al
[2026-05-15 12:58:39] [INFO]       OK   m2008-10-15-21:37:23.rf.pcm: sb0:10al
[2026-05-15 12:58:39] [INFO]       OK   m2008-10-15-15:14:21.rf.pcm: sb0:55al
[2026-05-15 12:58:39] [INFO]       OK   m2008-10-15-16:27:01.rf.pcm: sb0:31al
[2026-05-15 12:58:39] [INFO]       OK   m2008-10-15-20:25:11.rf.pcm: sb0:3al
[2026-05-15 12:58:39] [INFO]       OK   m2008-10-15-12:49:41.rf.pcm: sb0:29al
[2026-05-15 12:58:39] [INFO]       OK   m2008-10-16-14:31:41.rf.pcm: sb0:38al
[2026-05-15 12:58:39] [INFO]       OK   m2008-10-15-19:12:01.rf.pcm: sb0:34al
[2026-05-15 12:58:39] [INFO]       OK   m2008-10-15-17:39:21.rf.pcm: sb0:21al
[2026-05-15 12:58:39] [INFO]       OK   m2008-10-16-15:44:21.rf.pcm: sb0:51al
[2026-05-15 12:58:39] [INFO]       OK   m2008-10-16-18:09:11.rf.pcm: sb0:39al
[2026-05-15 12:58:39] [INFO]       OK   m2008-10-16-16:56:41.rf.pcm: sb0:31al
[2026-05-15 12:58:39] [INFO]       OK   m2008-10-16-20:33:51.rf.pcm: sb0:52al
[2026-05-15 12:58:39] [INFO]       OK   m2008-10-16-19:21:31.rf.pcm: sb0:46al
[2026-05-15 12:58:39] [INFO]       OK   m2008-10-17-16:42:21.rf.pcm: sb0:30al
[2026-05-15 12:58:39] [INFO]       OK   m2008-10-17-15:29:52.rf.pcm: sb0:44al
[2026-05-15 12:58:39] [INFO]       OK   m2008-10-17-19:07:11.rf.pcm: sb0:46al
[2026-05-15 12:58:39] [INFO]       OK   m2008-10-17-17:54:41.rf.pcm: sb0:31al
[2026-05-15 12:58:39] [INFO]       OK   m2008-10-18-13:01:31.rf.pcm: sb0:1al
[2026-05-15 12:58:39] [INFO]       OK   m2008-10-24-16:27:16.rf.pcm: sb0:71al
[2026-05-15 12:58:39] [INFO]       OK   m2008-10-24-18:16:56.rf.pcm: sb0:61al
[2026-05-15 12:58:39] [INFO]       OK   m2008-10-17-20:20:01.rf.pcm: sb0:38al
[2026-05-15 12:58:39] [INFO]       OK   m2008-10-18-11:49:09.rf.pcm: sb0:36al
[2026-05-15 12:58:39] [INFO]       OK   m2008-10-18-13:28:53.rf.pcm: sb0:36al
[2026-05-15 12:58:39] [INFO]       OK   m2008-10-18-14:37:41.rf.pcm: sb0:38al
[2026-05-15 12:58:39] [INFO]       OK   m2008-11-15-12:54:16.rf.pcm: sb0:3al
[2026-05-15 12:58:39] [INFO]       OK   m2008-11-12-19:44:21.rf.pcm: sb0:10al
[2026-05-15 12:58:39] [INFO]       OK   m2008-10-18-15:46:41.rf.pcm: sb0:28al
[2026-05-15 12:58:39] [INFO]       OK   m2008-10-25-14:42:01.rf.pcm: sb0:29al
[2026-05-15 12:58:39] [INFO]       OK   m2008-10-18-16:55:41.rf.pcm: sb0:56al
[2026-05-15 12:58:39] [INFO]       OK   m2008-11-15-17:12:17.rf.pcm: sb0:22al
[2026-05-15 12:58:40] [INFO]       OK   m2008-10-26-11:37:31.rf.pcm: sb0:54al
[2026-05-15 12:58:40] [INFO]       OK   m2008-12-01-11:58:35.rf.pcm: sb0:3al
[2026-05-15 12:58:40] [INFO]       OK   m2008-10-26-14:27:36.rf.pcm: sb0:80al
[2026-05-15 12:58:40] [INFO]       OK   m2008-12-03-11:48:15.rf.pcm: sb0:3al
[2026-05-15 12:58:40] [INFO]       OK   m2008-12-13-10:24:15.rf.pcm: sb0:4al
[2026-05-15 12:58:40] [INFO]       OK   m2008-12-12-08:21:40.rf.pcm: sb0:51al
[2026-05-15 12:58:40] [INFO]       OK   m2008-12-14-10:54:35.rf.pcm: sb0:99al
[2026-05-15 12:58:40] [INFO]       OK   m2008-12-02-15:32:42.rf.pcm: sb0:51al
[2026-05-15 12:58:40] [INFO]       OK   m2008-12-21-07:47:15.rf.pcm: sb0:88al
[2026-05-15 12:58:40] [INFO]       OK   m2008-12-14-13:32:10.rf.pcm: sb0:41al
[2026-05-15 12:58:40] [INFO]       OK   m2008-12-21-12:42:15.rf.pcm: sb0:8al
[2026-05-15 12:58:40] [INFO]       OK   m2008-12-21-09:01:57.rf.pcm: sb0:103al
[2026-05-15 12:58:40] [INFO]       OK   m2008-12-21-10:16:15.rf.pcm: sb0:94al
[2026-05-15 12:58:40] [INFO]       OK   m2008-12-21-13:55:15.rf.pcm: sb0:3al
[2026-05-15 12:58:40] [INFO]       OK   m2008-12-21-11:29:16.rf.pcm: sb0:90al
[2026-05-15 12:58:40] [INFO]       OK   m2008-12-22-08:22:17.rf.pcm: sb0:7al
[2026-05-15 12:58:40] [INFO]       OK   m2008-12-21-15:08:57.rf.pcm: sb0:13al
[2026-05-15 12:58:40] [INFO]       OK   m2008-12-22-12:08:15.rf.pcm: sb0:6al
[2026-05-15 12:58:40] [INFO]       OK   m2008-12-22-17:13:59.rf.pcm: sb0:36al
[2026-05-15 12:58:40] [INFO]       OK   m2008-12-22-13:30:35.rf.pcm: sb0:80al
[2026-05-15 12:58:40] [INFO]       OK   m2008-12-22-14:47:37.rf.pcm: sb0:79al
[2026-05-15 12:58:40] [INFO]       OK   m2008-12-22-10:35:35.rf.pcm: sb0:93al
[2026-05-15 12:58:40] [INFO]       OK   m2008-12-22-16:00:35.rf.pcm: sb0:100al
[2026-05-15 12:58:40] [INFO]       OK   m2008-12-23-11:27:55.rf.pcm: sb0:5al
[2026-05-15 12:58:40] [INFO]       OK   m2008-12-23-10:14:55.rf.pcm: sb0:8al
[2026-05-15 12:58:40] [INFO]       OK   m2008-12-23-07:48:21.rf.pcm: sb0:93al
[2026-05-15 12:58:40] [INFO]       OK   m2008-12-23-09:01:37.rf.pcm: sb0:97al
[2026-05-15 12:58:40] [INFO]       OK   m2008-12-23-12:41:55.rf.pcm: sb0:103al
[2026-05-15 12:58:40] [INFO]       OK   m2008-12-24-07:17:36.rf.pcm: sb0:28al
[2026-05-15 12:58:40] [INFO]       OK   m2008-12-23-13:54:55.rf.pcm: sb0:106al
[2026-05-15 12:58:40] [INFO]       OK   m2008-12-23-15:08:15.rf.pcm: sb0:97al
[2026-05-15 12:58:40] [INFO]       OK   m2008-12-23-16:21:15.rf.pcm: sb0:86al
[2026-05-15 12:58:40] [INFO]       OK   m2008-12-24-07:52:19.rf.pcm: sb0:8al
[2026-05-15 12:58:40] [INFO]       OK   m2008-12-24-09:06:57.rf.pcm: sb0:89al
[2026-05-15 12:58:40] [INFO]       OK   m2008-12-24-12:58:35.rf.pcm: sb0:6al
[2026-05-15 12:58:40] [INFO]       OK   m2008-12-24-11:45:35.rf.pcm: sb0:104al
[2026-05-15 12:58:40] [INFO]       OK   m2008-12-24-10:32:35.rf.pcm: sb0:11al
[2026-05-15 12:58:40] [INFO]       OK   m2008-12-24-16:38:17.rf.pcm: sb0:29al
[2026-05-15 12:58:40] [INFO]       OK   m2008-12-25-08:53:17.rf.pcm: sb0:6al
[2026-05-15 12:58:40] [INFO]       OK   m2008-12-24-15:24:37.rf.pcm: sb0:85al
[2026-05-15 12:58:40] [INFO]       OK   m2008-12-24-14:11:37.rf.pcm: sb0:99al
[2026-05-15 12:58:40] [INFO]       OK   m2008-12-25-13:49:17.rf.pcm: sb0:3al
[2026-05-15 12:58:40] [INFO]       OK   m2008-12-25-07:40:19.rf.pcm: sb0:10al
[2026-05-15 12:58:40] [INFO]       OK   m2008-12-25-15:02:17.rf.pcm: sb0:104al
[2026-05-15 12:58:40] [INFO]       OK   m2008-12-25-16:15:17.rf.pcm: sb0:87al
[2026-05-15 12:58:40] [INFO]       OK   m2008-12-25-10:47:55.rf.pcm: sb0:92al
[2026-05-15 12:58:40] [INFO]       OK   m2008-12-25-09:34:57.rf.pcm: sb0:125al
[2026-05-15 12:58:40] [INFO]       OK   m2008-12-26-10:08:35.rf.pcm: sb0:8al
[2026-05-15 12:58:40] [INFO]       SKIP m2008-12-26-17:27:01.rf.pcm: too small (12x128)
[2026-05-15 12:58:40] [INFO]       OK   m2008-12-26-07:42:17.rf.pcm: sb0:97al
[2026-05-15 12:58:40] [INFO]       OK   m2008-12-26-08:55:37.rf.pcm: sb0:84al
[2026-05-15 12:58:40] [INFO]       OK   m2008-12-26-11:21:35.rf.pcm: sb0:94al
[2026-05-15 12:58:40] [INFO]       OK   m2008-12-26-12:34:35.rf.pcm: sb0:14al
[2026-05-15 12:58:40] [INFO]       OK   m2008-12-26-13:47:55.rf.pcm: sb0:99al
[2026-05-15 12:58:40] [INFO]       OK   m2008-12-26-15:00:57.rf.pcm: sb0:102al
[2026-05-15 12:58:40] [INFO]       OK   m2008-12-27-08:27:38.rf.pcm: sb0:97al
[2026-05-15 12:58:40] [INFO]       OK   m2008-12-26-16:13:55.rf.pcm: sb0:92al
[2026-05-15 12:58:40] [INFO]       OK   m2008-12-27-09:40:35.rf.pcm: sb0:96al
[2026-05-15 12:58:40] [INFO]       OK   m2008-12-27-16:21:17.rf.pcm: sb0:9al
[2026-05-15 12:58:40] [INFO]       OK   m2008-12-27-13:55:16.rf.pcm: sb0:9al
[2026-05-15 12:58:40] [INFO]       OK   m2008-12-27-12:42:15.rf.pcm: sb0:91al
[2026-05-15 12:58:40] [INFO]       OK   m2008-12-27-15:08:16.rf.pcm: sb0:7al
[2026-05-15 12:58:40] [INFO]       SKIP m2009-01-01-16:50:37.rf.pcm: too small (13x128)
[2026-05-15 12:58:40] [INFO]       OK   m2008-12-28-08:38:23.rf.pcm: sb0:57al
[2026-05-15 12:58:40] [INFO]       OK   m2008-12-30-09:58:30.rf.pcm: sb0:33al
[2026-05-15 12:58:40] [INFO]       OK   m2008-12-31-07:53:17.rf.pcm: sb0:97al
[2026-05-15 12:58:40] [INFO]       SKIP m2009-02-11-07:26:15.rf.pcm: too small (11x128)
[2026-05-15 12:58:40] [INFO]       OK   m2009-01-01-11:23:15.rf.pcm: sb0:98al
[2026-05-15 12:58:40] [INFO]       OK   m2008-12-31-12:05:00.rf.pcm: sb0:51al
[2026-05-15 12:58:40] [INFO]       OK   m2009-01-01-14:13:18.rf.pcm: sb0:89al
[2026-05-15 12:58:40] [INFO]       OK   m2009-01-01-10:09:35.rf.pcm: sb0:76al
[2026-05-15 12:58:40] [INFO]       OK   m2009-01-23-06:06:56.rf.pcm: sb0:83al
[2026-05-15 12:58:40] [INFO]       OK   m2009-01-24-10:14:20.rf.pcm: sb0:66al
[2026-05-15 12:58:40] [INFO]       OK   m2009-02-20-09:07:55.rf.pcm: sb0:129al
[2026-05-15 12:58:40] [INFO]       OK   m2009-02-22-05:27:57.rf.pcm: sb0:8al
[2026-05-15 12:58:40] [INFO]       OK   m2009-01-25-07:31:00.rf.pcm: sb0:31al
[2026-05-15 12:58:40] [INFO]       OK   m2009-02-20-07:24:50.rf.pcm: sb0:29al
[2026-05-15 12:58:40] [INFO]       OK   m2009-02-11-08:04:15.rf.pcm: sb0:89al
[2026-05-15 12:58:40] [INFO]       OK   m2009-02-21-06:44:15.rf.pcm: sb0:87al
[2026-05-15 12:58:40] [INFO]       OK   m2009-02-22-06:53:45.rf.pcm: sb0:45al
[2026-05-15 12:58:40] [INFO]       OK   m2009-03-06-04:08:12.rf.pcm: sb0:65al
[2026-05-15 12:58:40] [INFO]       OK   m2009-03-16-07:05:56.rf.pcm: sb0:3al
[2026-05-15 12:58:40] [INFO]       SKIP m2009-04-10-02:13:33.rf.pcm: too small (10x128)
[2026-05-15 12:58:40] [INFO]       SKIP m2009-04-10-02:25:08.rf.pcm: too small (10x128)
[2026-05-15 12:58:40] [INFO]       OK   m2009-03-06-02:59:41.rf.pcm: sb0:31al
[2026-05-15 12:58:40] [INFO]       OK   m2009-03-15-07:06:20.rf.pcm: sb0:58al
[2026-05-15 12:58:40] [INFO]       OK   m2009-04-10-02:54:10.rf.pcm: sb0:10al
[2026-05-15 12:58:40] [INFO]       OK   m2009-04-11-01:21:17.rf.pcm: sb0:18al
[2026-05-15 12:58:40] [INFO]       OK   m2009-03-06-05:25:31.rf.pcm: sb0:55al
[2026-05-15 12:58:40] [INFO]       OK   m2009-04-07-08:24:56.rf.pcm: sb0:7al
[2026-05-15 12:58:40] [INFO]       OK   m2009-03-17-06:58:20.rf.pcm: sb0:50al
[2026-05-15 12:58:40] [INFO]       OK   m2009-03-17-08:14:00.rf.pcm: sb0:50al
[2026-05-15 12:58:40] [INFO]       OK   m2009-04-15-00:55:22.rf.pcm: sb0:53al
[2026-05-15 12:58:40] [INFO]       OK   m2009-04-15-04:21:59.rf.pcm: sb0:42al
[2026-05-15 12:58:40] [INFO]       OK   m2009-04-15-03:12:54.rf.pcm: sb0:30al
[2026-05-15 12:58:40] [INFO]       OK   m2009-04-09-06:23:00.rf.pcm: sb0:33al
[2026-05-15 12:58:40] [INFO]       OK   m2009-04-15-02:04:12.rf.pcm: sb0:56al
[2026-05-15 12:58:40] [INFO]       OK   m2009-04-15-06:39:02.rf.pcm: sb0:31al
[2026-05-15 12:58:40] [INFO]       OK   m2009-04-15-05:30:30.rf.pcm: sb0:65al
[2026-05-15 12:58:40] [INFO]       OK   m2009-04-16-01:09:32.rf.pcm: sb0:45al
[2026-05-15 12:58:40] [INFO]       OK   m2009-04-16-06:52:21.rf.pcm: sb0:4al
[2026-05-15 12:58:40] [INFO]       OK   m2009-04-16-05:43:42.rf.pcm: sb0:28al
[2026-05-15 12:58:40] [INFO]       OK   m2009-04-16-02:18:08.rf.pcm: sb0:24al
[2026-05-15 12:58:40] [INFO]       OK   m2009-04-16-03:26:41.rf.pcm: sb0:41al
[2026-05-15 12:58:40] [INFO]       OK   m2009-04-17-03:47:31.rf.pcm: sb0:3al
[2026-05-15 12:58:40] [INFO]       OK   m2009-04-16-04:35:10.rf.pcm: sb0:39al
[2026-05-15 12:58:40] [INFO]       OK   m2009-04-16-08:00:52.rf.pcm: sb0:45al
[2026-05-15 12:58:40] [INFO]       OK   m2009-04-17-02:37:11.rf.pcm: sb0:43al
[2026-05-15 12:58:40] [INFO]       OK   m2009-04-17-08:32:25.rf.pcm: sb0:6al
[2026-05-15 12:58:40] [INFO]       OK   m2009-04-17-06:15:02.rf.pcm: sb0:53al
[2026-05-15 12:58:40] [INFO]       OK   m2009-04-17-07:23:36.rf.pcm: sb0:45al
[2026-05-15 12:58:41] [INFO]       OK   m2009-04-17-05:02:24.rf.pcm: sb0:50al
[2026-05-15 12:58:41] [INFO]       OK   m2009-04-18-05:48:22.rf.pcm: sb0:52al
[2026-05-15 12:58:41] [INFO]       OK   m2009-04-18-02:12:18.rf.pcm: sb0:52al
[2026-05-15 12:58:41] [INFO]       OK   m2009-04-18-03:20:42.rf.pcm: sb0:68al
[2026-05-15 12:58:41] [INFO]       OK   m2009-04-18-08:05:41.rf.pcm: sb0:41al
[2026-05-15 12:58:41] [INFO]       OK   m2009-04-18-06:57:02.rf.pcm: sb0:35al
[2026-05-15 12:58:41] [INFO]       OK   m2009-04-18-00:18:52.rf.pcm: sb0:44al
[2026-05-15 12:58:41] [INFO]       OK   m2009-04-18-04:39:48.rf.pcm: sb0:23al
[2026-05-15 12:58:41] [INFO]       OK   m2009-04-19-02:16:31.rf.pcm: sb0:43al
[2026-05-15 12:58:41] [INFO]       OK   m2009-04-19-05:48:50.rf.pcm: sb0:27al
[2026-05-15 12:58:41] [INFO]       OK   m2009-04-19-03:31:50.rf.pcm: sb0:24al
[2026-05-15 12:58:41] [INFO]       OK   m2009-04-19-04:40:20.rf.pcm: sb0:39al
[2026-05-15 12:58:41] [INFO]       OK   m2009-04-19-08:06:02.rf.pcm: sb0:68al
[2026-05-15 12:58:41] [INFO]       OK   m2009-04-20-02:01:30.rf.pcm: sb0:60al
[2026-05-15 12:58:41] [INFO]       SKIP m2009-04-24-00:06:53.rf.pcm: too small (14x128)
[2026-05-15 12:58:41] [INFO]       OK   m2009-04-19-06:57:22.rf.pcm: sb0:39al
[2026-05-15 12:58:41] [INFO]       OK   m2009-04-20-05:31:14.rf.pcm: sb0:37al
[2026-05-15 12:58:41] [INFO]       SKIP m2009-05-20-07:55:04.rf.pcm: too small (14x128)
[2026-05-15 12:58:41] [INFO]       OK   m2009-04-20-04:22:41.rf.pcm: sb0:58al
[2026-05-15 12:58:41] [INFO]       OK   m2009-04-20-06:39:52.rf.pcm: sb0:44al
[2026-05-15 12:58:41] [INFO]       OK   m2009-04-20-07:48:22.rf.pcm: sb0:36al
[2026-05-15 12:58:41] [INFO]       OK   m2009-04-20-03:10:35.rf.pcm: sb0:36al
[2026-05-15 12:58:41] [INFO]       OK   m2009-05-21-21:34:51.rf.pcm: sb0:18al
[2026-05-15 12:58:41] [INFO]       OK   m2009-04-26-07:26:31.rf.pcm: sb0:98al
[2026-05-15 12:58:41] [INFO]       OK   m2009-04-25-03:52:16.rf.pcm: sb0:89al
[2026-05-15 12:58:41] [INFO]       OK   m2009-05-21-04:24:42.rf.pcm: sb0:13al
[2026-05-15 12:58:41] [INFO]       OK   m2009-04-24-00:35:02.rf.pcm: sb0:37al
[2026-05-15 12:58:41] [INFO]       SKIP m2009-06-30-20:48:10.rf.pcm: too small (10x128)
[2026-05-15 12:58:41] [INFO]       OK   m2009-06-04-21:34:02.rf.pcm: sb0:37al
[2026-05-15 12:58:41] [INFO]       OK   m2009-06-04-23:51:01.rf.pcm: sb0:39al
[2026-05-15 12:58:41] [INFO]       OK   m2009-07-24-22:07:01.rf.pcm: sb0:7al
[2026-05-15 12:58:41] [INFO]       OK   m2009-06-04-22:42:30.rf.pcm: sb0:39al
[2026-05-15 12:58:41] [INFO]       OK   m2009-06-09-21:31:02.rf.pcm: sb0:17al
[2026-05-15 12:58:41] [INFO]       OK   m2009-06-05-00:59:30.rf.pcm: sb0:49al
[2026-05-15 12:58:41] [INFO]       OK   m2009-06-06-22:22:30.rf.pcm: sb0:35al
[2026-05-15 12:58:41] [INFO]       OK   m2009-06-08-20:26:28.rf.pcm: sb0:29al
[2026-05-15 12:58:41] [INFO]       OK   m2009-06-30-22:44:52.rf.pcm: sb0:78al
[2026-05-15 12:58:41] [INFO]       OK   m2009-07-24-22:52:21.rf.pcm: sb0:63al
[2026-05-15 12:58:41] [INFO]       OK   m2009-08-21-16:53:02.rf.pcm: sb0:8al
[2026-05-15 12:58:41] [INFO]       OK   m2009-07-27-20:36:16.rf.pcm: sb0:91al
[2026-05-15 12:58:41] [INFO]       OK   m2009-08-11-20:10:21.rf.pcm: sb0:37al
[2026-05-15 12:58:41] [INFO]       OK   m2009-07-25-21:23:50.rf.pcm: sb0:30al
[2026-05-15 12:58:41] [INFO]       OK   m2009-08-13-20:28:20.rf.pcm: sb0:51al
[2026-05-15 12:58:41] [INFO]       OK   m2009-08-21-19:44:20.rf.pcm: sb0:14al
[2026-05-15 12:58:41] [INFO]       OK   m2009-07-25-20:07:20.rf.pcm: sb0:30al
[2026-05-15 12:58:41] [INFO]       OK   m2009-08-21-21:32:50.rf.pcm: sb0:2al
[2026-05-15 12:58:41] [INFO]       OK   m2009-08-21-17:26:50.rf.pcm: sb0:23al
[2026-05-15 12:58:41] [INFO]       OK   m2009-08-22-19:55:00.rf.pcm: sb0:18al
[2026-05-15 12:58:41] [INFO]       SKIP m2009-08-23-00:19:22.rf.pcm: too small (13x128)
[2026-05-15 12:58:41] [INFO]       OK   m2009-08-21-20:24:20.rf.pcm: sb0:62al
[2026-05-15 12:58:41] [INFO]       OK   m2009-08-21-18:35:50.rf.pcm: sb0:26al
[2026-05-15 12:58:41] [INFO]       OK   m2009-08-22-20:51:42.rf.pcm: sb0:52al
[2026-05-15 12:58:41] [INFO]       OK   m2009-08-22-17:38:01.rf.pcm: sb0:38al
[2026-05-15 12:58:41] [INFO]       OK   m2009-08-22-22:02:02.rf.pcm: sb0:30al
[2026-05-15 12:58:41] [INFO]       OK   m2009-08-23-18:41:18.rf.pcm: sb0:42al
[2026-05-15 12:58:41] [INFO]       OK   m2009-08-22-18:46:32.rf.pcm: sb0:43al
[2026-05-15 12:58:41] [INFO]       OK   m2009-08-22-23:10:42.rf.pcm: sb0:35al
[2026-05-15 12:58:41] [INFO]       OK   m2009-08-23-19:49:28.rf.pcm: sb0:36al
[2026-05-15 12:58:41] [INFO]       OK   m2009-08-23-17:33:08.rf.pcm: sb0:35al
[2026-05-15 12:58:41] [INFO]       OK   m2009-08-23-20:57:37.rf.pcm: sb0:41al
[2026-05-15 12:58:41] [INFO]       OK   m2009-08-24-19:52:30.rf.pcm: sb0:29al
[2026-05-15 12:58:41] [INFO]       OK   m2009-08-24-22:09:34.rf.pcm: sb0:33al
[2026-05-15 12:58:41] [INFO]       OK   m2009-08-24-23:18:11.rf.pcm: sb0:33al
[2026-05-15 12:58:41] [INFO]       OK   m2009-08-24-18:44:02.rf.pcm: sb0:25al
[2026-05-15 12:58:41] [INFO]       OK   m2009-08-25-00:26:42.rf.pcm: sb0:50al
[2026-05-15 12:58:41] [INFO]       OK   m2009-08-25-16:18:30.rf.pcm: sb0:47al
[2026-05-15 12:58:41] [INFO]       OK   m2009-08-25-22:07:35.rf.pcm: sb0:15al
[2026-05-15 12:58:41] [INFO]       OK   m2009-08-24-21:01:00.rf.pcm: sb0:35al
[2026-05-15 12:58:41] [INFO]       OK   m2009-08-25-17:27:02.rf.pcm: sb0:41al
[2026-05-15 12:58:41] [INFO]       OK   m2009-08-25-18:35:32.rf.pcm: sb0:34al
[2026-05-15 12:58:41] [INFO]       OK   m2009-08-25-19:49:42.rf.pcm: sb0:48al
[2026-05-15 12:58:41] [INFO]       OK   m2009-08-25-20:59:02.rf.pcm: sb0:43al
[2026-05-15 12:58:41] [INFO]       OK   m2009-08-25-22:48:42.rf.pcm: sb0:40al
[2026-05-15 12:58:41] [INFO]       OK   m2009-08-26-17:44:18.rf.pcm: sb0:39al
[2026-05-15 12:58:41] [INFO]       OK   m2009-08-26-16:35:00.rf.pcm: sb0:51al
[2026-05-15 12:58:41] [INFO]       OK   m2009-08-25-23:57:12.rf.pcm: sb0:37al
[2026-05-15 12:58:41] [INFO]       OK   m2009-08-26-20:01:20.rf.pcm: sb0:32al
[2026-05-15 12:58:41] [INFO]       OK   m2009-08-26-18:52:52.rf.pcm: sb0:40al
[2026-05-15 12:58:41] [INFO]       OK   m2009-08-26-21:09:52.rf.pcm: sb0:58al
[2026-05-15 12:58:41] [INFO]       OK   m2009-08-27-22:12:26.rf.pcm: sb0:7al
[2026-05-15 12:58:41] [INFO]       OK   m2009-08-27-16:32:20.rf.pcm: sb0:29al
[2026-05-15 12:58:41] [INFO]       OK   m2009-08-27-19:57:50.rf.pcm: sb0:10al
[2026-05-15 12:58:41] [INFO]       OK   m2009-08-27-18:49:22.rf.pcm: sb0:25al
[2026-05-15 12:58:41] [INFO]       OK   m2009-08-26-22:18:22.rf.pcm: sb0:32al
[2026-05-15 12:58:41] [INFO]       OK   m2009-09-21-17:03:13.rf.pcm: sb0:30al
[2026-05-15 12:58:41] [INFO]       OK   m2009-08-27-22:45:22.rf.pcm: sb0:6al
[2026-05-15 12:58:41] [INFO]       OK   m2009-08-27-20:56:59.rf.pcm: sb0:26al
[2026-05-15 12:58:41] [INFO]       OK   m2009-10-05-13:57:52.rf.pcm: sb0:31al
[2026-05-15 12:58:41] [INFO]       OK   m2009-08-27-17:40:50.rf.pcm: sb0:32al
[2026-05-15 12:58:41] [INFO]       SKIP m2009-10-06-13:02:21.rf.pcm: too small (13x128)
[2026-05-15 12:58:41] [INFO]       OK   m2009-08-29-18:41:41.rf.pcm: sb0:30al
[2026-05-15 12:58:41] [INFO]       OK   m2009-10-05-15:07:40.rf.pcm: sb0:35al
[2026-05-15 12:58:41] [INFO]       OK   m2009-10-05-16:16:31.rf.pcm: sb0:45al
[2026-05-15 12:58:41] [INFO]       OK   m2009-10-05-18:34:02.rf.pcm: sb0:40al
[2026-05-15 12:58:41] [INFO]       OK   m2009-10-05-17:25:12.rf.pcm: sb0:57al
[2026-05-15 12:58:41] [INFO]       OK   m2009-10-05-19:42:52.rf.pcm: sb0:43al
[2026-05-15 12:58:41] [INFO]       OK   m2009-10-05-20:51:41.rf.pcm: sb0:33al
[2026-05-15 12:58:41] [INFO]       OK   m2009-10-06-13:23:32.rf.pcm: sb0:38al
[2026-05-15 12:58:41] [INFO]       OK   m2009-10-06-14:32:21.rf.pcm: sb0:34al
[2026-05-15 12:58:41] [INFO]       OK   m2009-10-06-15:41:02.rf.pcm: sb0:38al
[2026-05-15 12:58:41] [INFO]       OK   m2009-10-06-16:49:50.rf.pcm: sb0:57al
[2026-05-15 12:58:41] [INFO]       OK   m2009-10-06-20:16:22.rf.pcm: sb0:3al
[2026-05-15 12:58:41] [INFO]       OK   m2009-10-06-17:58:42.rf.pcm: sb0:27al
[2026-05-15 12:58:41] [INFO]       OK   m2009-10-06-19:07:31.rf.pcm: sb0:35al
[2026-05-15 12:58:41] [INFO]       OK   m2009-10-28-20:01:30.rf.pcm: sb0:7al
[2026-05-15 12:58:41] [INFO]       OK   m2009-10-08-15:15:12.rf.pcm: sb0:26al
[2026-05-15 12:58:42] [INFO]       OK   m2009-10-11-15:25:12.rf.pcm: sb0:44al
[2026-05-15 12:58:42] [INFO]       OK   m2009-10-08-12:57:23.rf.pcm: sb0:53al
[2026-05-15 12:58:42] [INFO]       OK   m2009-10-08-14:06:44.rf.pcm: sb0:40al
[2026-05-15 12:58:42] [INFO]       OK   m2009-10-08-16:48:00.rf.pcm: sb0:61al
[2026-05-15 12:58:42] [INFO]       OK   m2009-10-29-19:59:28.rf.pcm: sb0:5al
[2026-05-15 12:58:42] [INFO]       OK   m2009-10-28-20:40:18.rf.pcm: sb0:15al
[2026-05-15 12:58:42] [INFO]       OK   m2010-02-11-04:57:16.rf.pcm: sb0:12al
[2026-05-15 12:58:42] [INFO]       OK   m2009-11-28-14:09:50.rf.pcm: sb0:85al
[2026-05-15 12:58:42] [INFO]       SKIP m2010-02-11-10:07:23.rf.pcm: too small (12x128)
[2026-05-15 12:58:42] [INFO]       OK   m2010-02-11-05:33:42.rf.pcm: sb0:42al
[2026-05-15 12:58:42] [INFO]       OK   m2009-11-28-10:26:49.rf.pcm: sb0:74al
[2026-05-15 12:58:42] [INFO]       OK   m2009-11-27-14:12:20.rf.pcm: sb0:43al
[2026-05-15 12:58:42] [INFO]       OK   m2010-02-11-07:50:29.rf.pcm: sb0:28al
[2026-05-15 12:58:42] [INFO]       OK   m2010-02-11-06:42:02.rf.pcm: sb0:59al
[2026-05-15 12:58:42] [INFO]       OK   m2010-02-12-10:02:31.rf.pcm: sb0:7al
[2026-05-15 12:58:42] [INFO]       OK   m2010-02-12-06:37:01.rf.pcm: sb0:43al
[2026-05-15 12:58:42] [INFO]       OK   m2010-02-11-08:59:00.rf.pcm: sb0:30al
[2026-05-15 12:58:42] [INFO]       OK   m2010-02-12-05:54:43.rf.pcm: sb0:4al
[2026-05-15 12:58:42] [INFO]       OK   m2010-02-12-07:45:30.rf.pcm: sb0:51al
[2026-05-15 12:58:42] [INFO]       OK   m2009-11-12-14:40:48.rf.pcm: sb0:195al
[2026-05-15 12:58:42] [INFO]       OK   m2010-02-12-08:54:01.rf.pcm: sb0:39al
[2026-05-15 12:58:42] [INFO]       OK   m2010-02-13-05:23:52.rf.pcm: sb0:37al
[2026-05-15 12:58:42] [INFO]       OK   m2010-02-13-06:32:12.rf.pcm: sb0:34al
[2026-05-15 12:58:42] [INFO]       OK   m2010-02-13-07:40:32.rf.pcm: sb0:38al
[2026-05-15 12:58:42] [INFO]       OK   m2010-02-14-06:50:51.rf.pcm: sb0:21al
[2026-05-15 12:58:42] [INFO]       SKIP m2010-02-15-06:55:53.rf.pcm: too small (10x128)
[2026-05-15 12:58:42] [INFO]       OK   m2010-02-14-07:59:40.rf.pcm: sb0:16al
[2026-05-15 12:58:42] [INFO]       OK   m2010-02-14-05:42:41.rf.pcm: sb0:52al
[2026-05-15 12:58:42] [INFO]       OK   m2010-02-13-08:49:02.rf.pcm: sb0:56al
[2026-05-15 12:58:42] [INFO]       OK   m2010-02-14-04:34:57.rf.pcm: sb0:62al
[2026-05-15 12:58:42] [INFO]       OK   m2010-02-14-09:07:51.rf.pcm: sb0:39al
[2026-05-15 12:58:42] [INFO]       OK   m2010-02-15-09:22:02.rf.pcm: sb0:3al
[2026-05-15 12:58:42] [INFO]       OK   m2010-02-15-04:34:03.rf.pcm: sb0:44al
[2026-05-15 12:58:42] [INFO]       OK   m2010-02-15-05:42:42.rf.pcm: sb0:5al
[2026-05-15 12:58:42] [INFO]       OK   m2010-02-16-09:00:49.rf.pcm: sb0:17al
[2026-05-15 12:58:42] [INFO]       OK   m2010-02-16-05:35:22.rf.pcm: sb0:60al
[2026-05-15 12:58:42] [INFO]       OK   m2010-02-16-04:27:01.rf.pcm: sb0:46al
[2026-05-15 12:58:42] [INFO]       OK   m2010-02-15-08:13:33.rf.pcm: sb0:48al
[2026-05-15 12:58:42] [INFO]       OK   m2010-02-17-04:18:11.rf.pcm: sb0:29al
[2026-05-15 12:58:42] [INFO]       OK   m2010-02-16-07:52:19.rf.pcm: sb0:37al
[2026-05-15 12:58:42] [INFO]       OK   m2010-02-16-06:43:49.rf.pcm: sb0:25al
[2026-05-15 12:58:42] [INFO]       OK   m2010-02-17-08:53:11.rf.pcm: sb0:7al
[2026-05-15 12:58:42] [INFO]       OK   m2010-02-17-05:27:51.rf.pcm: sb0:32al
[2026-05-15 12:58:42] [INFO]       OK   m2010-02-17-06:36:21.rf.pcm: sb0:37al
[2026-05-15 12:58:42] [INFO]       SKIP m2010-04-25-07:30:21.rf.pcm: too small (13x128)
[2026-05-15 12:58:42] [INFO]       OK   m2010-02-17-07:44:49.rf.pcm: sb0:46al
[2026-05-15 12:58:42] [INFO]       OK   m2010-04-05-03:16:27.rf.pcm: sb0:72al
[2026-05-15 12:58:42] [INFO]       OK   m2010-05-04-04:40:58.rf.pcm: sb0:22al
[2026-05-15 12:58:42] [INFO]       OK   m2010-02-20-09:07:42.rf.pcm: sb0:43al
[2026-05-15 12:58:42] [INFO]       OK   m2010-03-16-05:28:28.rf.pcm: sb0:28al
[2026-05-15 12:58:42] [INFO]       OK   m2010-02-22-03:43:31.rf.pcm: sb0:37al
[2026-05-15 12:58:42] [INFO]       OK   m2010-04-23-06:21:09.rf.pcm: sb0:51al
[2026-05-15 12:58:42] [INFO]       OK   m2010-05-13-00:18:29.rf.pcm: sb0:31al
[2026-05-15 12:58:42] [INFO]       OK   m2010-05-31-00:05:09.rf.pcm: sb0:13al
[2026-05-15 12:58:42] [INFO]       OK   m2010-04-08-00:25:09.rf.pcm: sb0:39al
[2026-05-15 12:58:42] [INFO]       OK   m2010-04-25-07:58:21.rf.pcm: sb0:36al
[2026-05-15 12:58:42] [INFO]       OK   m2010-05-04-05:03:18.rf.pcm: sb0:69al
[2026-05-15 12:58:42] [INFO]       SKIP m2010-06-03-00:26:19.rf.pcm: too small (10x128)
[2026-05-15 12:58:42] [INFO]       OK   m2010-05-28-06:30:29.rf.pcm: sb0:51al
[2026-05-15 12:58:42] [INFO]       OK   m2010-05-11-23:52:49.rf.pcm: sb0:106al
[2026-05-15 12:58:42] [INFO]       OK   m2010-05-10-23:27:07.rf.pcm: sb0:37al
[2026-05-15 12:58:42] [INFO]       OK   m2010-06-01-21:07:59.rf.pcm: sb0:26al
[2026-05-15 12:58:42] [INFO]       OK   m2010-06-02-21:57:47.rf.pcm: sb0:49al
[2026-05-15 12:58:42] [INFO]       OK   m2010-06-02-20:45:39.rf.pcm: sb0:21al
[2026-05-15 12:58:42] [INFO]       OK   m2010-05-28-22:28:09.rf.pcm: sb0:33al
[2026-05-15 12:58:42] [INFO]       OK   m2010-06-18-19:42:07.rf.pcm: sb0:102al
[2026-05-15 12:58:42] [INFO]       OK   n2002-12-10-11:00:00.rf.pcm: sb0:15al
[2026-05-15 12:58:42] [INFO]       OK   n2002-12-10-11:41:58.rf.pcm: sb0:15al
[2026-05-15 12:58:42] [INFO]       OK   m2010-06-19-00:45:47.rf.pcm: sb0:104al
[2026-05-15 12:58:42] [INFO]       OK   m2010-06-16-20:36:09.rf.pcm: sb0:43al
[2026-05-15 12:58:42] [INFO]       OK   n2002-12-11-13:46:29.rf.pcm: sb0:17al
[2026-05-15 12:58:42] [INFO]       OK   n2002-12-13-10:13:42.rf.pcm: sb0:31al
[2026-05-15 12:58:42] [INFO]       OK   n2002-12-13-11:23:51.rf.pcm: sb0:12al
[2026-05-15 12:58:42] [INFO]       OK   n2002-12-13-12:32:02.rf.pcm: sb0:26al
[2026-05-15 12:58:42] [INFO]       OK   n2002-12-13-13:39:05.rf.pcm: sb0:4al
[2026-05-15 12:58:42] [INFO]       OK   n2002-12-13-14:49:51.rf.pcm: sb0:30al
[2026-05-15 12:58:42] [INFO]       OK   n2002-12-12-12:11:13.rf.pcm: sb0:69al
[2026-05-15 12:58:42] [INFO]       OK   n2002-12-13-15:56:00.rf.pcm: sb0:39al
[2026-05-15 12:58:42] [INFO]       OK   n2003-01-06-10:09:56.rf.pcm: sb0:21al
[2026-05-15 12:58:42] [INFO]       OK   n2002-12-13-17:02:26.rf.pcm: sb0:21al
[2026-05-15 12:58:42] [INFO]       OK   n2002-12-14-13:13:59.rf.pcm: sb0:37al
[2026-05-15 12:58:42] [INFO]       OK   n2003-01-09-08:25:35.rf.pcm: sb0:2al
[2026-05-15 12:58:42] [INFO]       OK   n2003-01-05-08:02:11.rf.pcm: sb0:27al
[2026-05-15 12:58:42] [INFO]       OK   n2002-12-15-13:03:22.rf.pcm: sb0:39al
[2026-05-15 12:58:42] [INFO]       OK   n2003-01-09-10:27:35.rf.pcm: sb0:3al
[2026-05-15 12:58:42] [INFO]       OK   n2003-01-09-07:17:46.rf.pcm: sb0:32al
[2026-05-15 12:58:42] [INFO]       OK   n2003-01-09-09:26:48.rf.pcm: sb0:18al
[2026-05-15 12:58:42] [INFO]       OK   n2003-01-04-09:28:46.rf.pcm: sb0:70al
[2026-05-15 12:58:42] [INFO]       OK   n2003-01-11-12:32:18.rf.pcm: sb0:21al
[2026-05-15 12:58:42] [INFO]       OK   n2003-01-11-08:22:28.rf.pcm: sb0:7al
[2026-05-15 12:58:42] [INFO]       OK   n2003-01-10-13:42:14.rf.pcm: sb0:13al
[2026-05-15 12:58:42] [INFO]       OK   n2003-01-10-06:42:21.rf.pcm: sb0:101al
[2026-05-15 12:58:42] [INFO]       OK   n2003-01-11-14:40:01.rf.pcm: sb0:25al
[2026-05-15 12:58:42] [INFO]       OK   n2003-01-10-08:48:24.rf.pcm: sb0:71al
[2026-05-15 12:58:42] [INFO]       OK   n2003-01-11-10:26:00.rf.pcm: sb0:67al
[2026-05-15 12:58:42] [INFO]       OK   n2003-01-09-11:17:43.rf.pcm: sb0:17al
[2026-05-15 12:58:42] [INFO]       OK   n2003-01-15-07:20:49.rf.pcm: sb0:2al
[2026-05-15 12:58:42] [INFO]       SKIP n2003-02-03-06:58:28.rf.pcm: too small (12x128)
[2026-05-15 12:58:42] [INFO]       SKIP n2003-02-03-08:28:30.rf.pcm: too small (12x128)
[2026-05-15 12:58:42] [INFO]       OK   n2003-01-12-13:51:19.rf.pcm: sb0:25al
[2026-05-15 12:58:42] [INFO]       OK   n2003-02-03-06:21:26.rf.pcm: sb0:11al
[2026-05-15 12:58:42] [INFO]       OK   n2003-01-12-14:59:17.rf.pcm: sb0:26al
[2026-05-15 12:58:42] [INFO]       OK   n2003-01-12-09:26:00.rf.pcm: sb0:42al
[2026-05-15 12:58:42] [INFO]       SKIP n2003-02-10-08:34:34.rf.pcm: too small (15x128)
[2026-05-15 12:58:42] [INFO]       OK   n2003-02-03-07:16:30.rf.pcm: sb0:4al
[2026-05-15 12:58:42] [INFO]       OK   n2003-02-04-07:27:16.rf.pcm: sb0:10al
[2026-05-15 12:58:42] [INFO]       SKIP n2003-04-12-01:20:28.rf.pcm: too small (11x128)
[2026-05-15 12:58:42] [INFO]       SKIP n2003-04-12-02:55:03.rf.pcm: too small (13x128)
[2026-05-15 12:58:42] [INFO]       OK   n2003-02-02-07:36:56.rf.pcm: sb0:39al
[2026-05-15 12:58:42] [INFO]       SKIP n2003-04-12-06:10:46.rf.pcm: too small (15x128)
[2026-05-15 12:58:42] [INFO]       SKIP n2003-04-12-09:41:55.rf.pcm: too small (11x128)
[2026-05-15 12:58:42] [INFO]       OK   n2003-02-05-06:26:48.rf.pcm: sb0:14al
[2026-05-15 12:58:42] [INFO]       OK   n2003-02-10-12:16:44.rf.pcm: sb0:8al
[2026-05-15 12:58:42] [INFO]       OK   n2003-01-12-07:09:12.rf.pcm: sb0:115al
[2026-05-15 12:58:42] [INFO]       OK   n2003-02-28-05:27:08.rf.pcm: sb0:19al
[2026-05-15 12:58:42] [INFO]       OK   n2003-04-13-02:29:41.rf.pcm: sb0:4al
[2026-05-15 12:58:42] [INFO]       OK   n2003-04-12-09:11:12.rf.pcm: sb0:6al
[2026-05-15 12:58:42] [INFO]       OK   n2003-04-13-01:59:01.rf.pcm: sb0:5al
[2026-05-15 12:58:42] [INFO]       OK   n2003-04-13-03:02:24.rf.pcm: sb0:2al
[2026-05-15 12:58:42] [INFO]       OK   n2003-04-13-03:33:03.rf.pcm: sb0:1al
[2026-05-15 12:58:42] [INFO]       OK   n2003-04-14-04:43:50.rf.pcm: sb0:21al
[2026-05-15 12:58:42] [INFO]       OK   n2003-02-09-04:52:28.rf.pcm: sb0:7al
[2026-05-15 12:58:42] [INFO]       OK   n2003-04-14-06:10:48.rf.pcm: sb0:37al
[2026-05-15 12:58:42] [INFO]       OK   n2003-04-13-04:36:25.rf.pcm: sb0:3al
[2026-05-15 12:58:43] [INFO]       OK   n2003-04-14-05:14:36.rf.pcm: sb0:17al
[2026-05-15 12:58:43] [INFO]       OK   n2003-04-13-04:05:45.rf.pcm: sb0:3al
[2026-05-15 12:58:43] [INFO]       OK   n2003-04-15-05:17:11.rf.pcm: sb0:4al
[2026-05-15 12:58:43] [INFO]       OK   n2003-04-15-02:03:23.rf.pcm: sb0:32al
[2026-05-15 12:58:43] [INFO]       OK   n2003-04-15-03:11:34.rf.pcm: sb0:49al
[2026-05-15 12:58:43] [INFO]       OK   n2003-04-15-04:14:17.rf.pcm: sb0:39al
[2026-05-15 12:58:43] [INFO]       OK   n2003-04-15-06:11:58.rf.pcm: sb0:18al
[2026-05-15 12:58:43] [INFO]       OK   n2003-04-15-07:14:47.rf.pcm: sb0:12al
[2026-05-15 12:58:43] [INFO]       OK   n2003-04-15-09:20:06.rf.pcm: sb0:9al
[2026-05-15 12:58:43] [INFO]       SKIP n2003-06-01-05:43:23.rf.pcm: too small (11x512)
[2026-05-15 12:58:43] [INFO]       OK   n2003-05-20-00:28:39.rf.pcm: sb0:3al
[2026-05-15 12:58:43] [INFO]       OK   n2003-04-15-08:17:26.rf.pcm: sb0:41al
[2026-05-15 12:58:43] [INFO]       OK   n2003-04-29-02:10:01.rf.pcm: sb0:53al
[2026-05-15 12:58:43] [INFO]       SKIP n2003-06-04-10:28:22.rf.pcm: too small (14x128)
[2026-05-15 12:58:43] [INFO]       OK   n2003-06-04-02:06:08.rf.pcm: sb0:9al
[2026-05-15 12:58:43] [INFO]       OK   n2003-06-01-07:17:10.rf.pcm: sb0:0al
[2026-05-15 12:58:43] [INFO]       OK   n2003-02-09-07:50:04.rf.pcm: sb0:200al
[2026-05-15 12:58:43] [INFO]       OK   n2003-06-01-05:03:52.rf.pcm: sb0:158al
[2026-05-15 12:58:43] [INFO]       OK   n2003-06-05-23:08:16.rf.pcm: sb0:23al
[2026-05-15 12:58:43] [INFO]       OK   n2003-05-07-00:15:10.rf.pcm: sb0:90al
[2026-05-15 12:58:43] [INFO]       OK   n2003-06-04-23:44:47.rf.pcm: sb0:26al
[2026-05-15 12:58:43] [INFO]       OK   n2003-07-19-18:38:43.rf.pcm: sb0:0al
[2026-05-15 12:58:43] [INFO]       OK   n2003-07-19-18:08:01.rf.pcm: sb0:3al
[2026-05-15 12:58:43] [INFO]       OK   n2003-05-15-02:46:38.rf.pcm: sb0:105al
[2026-05-15 12:58:43] [INFO]       OK   n2003-07-19-19:12:23.rf.pcm: sb0:3al
[2026-05-15 12:58:43] [INFO]       OK   n2003-07-19-20:16:43.rf.pcm: sb0:1al
[2026-05-15 12:58:43] [INFO]       OK   n2003-07-19-21:43:00.rf.pcm: sb0:2al
[2026-05-15 12:58:43] [INFO]       SKIP n2003-07-19-22:47:36.rf.pcm: too small (14x128)
[2026-05-15 12:58:43] [INFO]       OK   n2003-06-06-02:33:11.rf.pcm: sb0:3al
[2026-05-15 12:58:43] [INFO]       OK   n2003-07-19-21:12:28.rf.pcm: sb0:4al
[2026-05-15 12:58:43] [INFO]       OK   n2003-06-22-21:30:18.rf.pcm: sb0:86al
[2026-05-15 12:58:43] [INFO]       OK   n2003-07-19-19:43:06.rf.pcm: sb0:7al
[2026-05-15 12:58:43] [INFO]       OK   n2003-07-20-00:47:54.rf.pcm: sb0:2al
[2026-05-15 12:58:43] [INFO]       OK   n2003-07-19-22:16:52.rf.pcm: sb0:1al
[2026-05-15 12:58:43] [INFO]       OK   n2003-07-20-00:12:29.rf.pcm: sb0:2al
[2026-05-15 12:58:43] [INFO]       SKIP n2003-07-20-02:00:31.rf.pcm: too small (12x128)
[2026-05-15 12:58:43] [INFO]       SKIP n2003-07-20-02:18:02.rf.pcm: too small (10x128)
[2026-05-15 12:58:43] [INFO]       SKIP n2003-07-20-03:03:16.rf.pcm: too small (10x128)
[2026-05-15 12:58:43] [INFO]       OK   n2003-07-19-23:38:47.rf.pcm: sb0:10al
[2026-05-15 12:58:43] [INFO]       OK   n2003-06-06-00:26:22.rf.pcm: sb0:86al
[2026-05-15 12:58:43] [INFO]       OK   n2003-07-20-17:35:29.rf.pcm: sb0:2al
[2026-05-15 12:58:43] [INFO]       OK   n2003-07-20-19:25:58.rf.pcm: sb0:14al
[2026-05-15 12:58:43] [INFO]       OK   n2003-07-20-19:56:38.rf.pcm: sb0:2al
[2026-05-15 12:58:43] [INFO]       OK   n2003-07-20-01:18:36.rf.pcm: sb0:3al
[2026-05-15 12:58:43] [INFO]       OK   n2003-07-19-23:08:08.rf.pcm: sb0:8al
[2026-05-15 12:58:43] [INFO]       OK   n2003-07-20-02:32:37.rf.pcm: sb0:4al
[2026-05-15 12:58:43] [INFO]       OK   n2003-07-20-20:56:35.rf.pcm: sb0:6al
[2026-05-15 12:58:43] [INFO]       OK   n2003-07-20-18:06:13.rf.pcm: sb0:2al
[2026-05-15 12:58:43] [INFO]       OK   n2003-07-20-22:34:41.rf.pcm: sb0:5al
[2026-05-15 12:58:43] [INFO]       OK   n2003-07-20-21:30:16.rf.pcm: sb0:10al
[2026-05-15 12:58:43] [INFO]       OK   n2003-07-20-23:39:09.rf.pcm: sb0:1al
[2026-05-15 12:58:43] [INFO]       OK   n2003-07-20-23:05:26.rf.pcm: sb0:9al
[2026-05-15 12:58:43] [INFO]       OK   n2003-07-20-22:00:58.rf.pcm: sb0:8al
[2026-05-15 12:58:43] [INFO]       OK   n2003-07-20-20:25:52.rf.pcm: sb0:3al
[2026-05-15 12:58:43] [INFO]       OK   n2003-07-21-18:47:00.rf.pcm: sb0:7al
[2026-05-15 12:58:43] [INFO]       OK   n2003-07-21-00:45:57.rf.pcm: sb0:8al
[2026-05-15 12:58:43] [INFO]       OK   n2003-07-21-20:17:14.rf.pcm: sb0:4al
[2026-05-15 12:58:43] [INFO]       OK   n2003-07-21-00:15:11.rf.pcm: sb0:4al
[2026-05-15 12:58:43] [INFO]       OK   n2003-07-21-20:57:23.rf.pcm: sb0:6al
[2026-05-15 12:58:43] [INFO]       OK   n2003-07-21-19:46:33.rf.pcm: sb0:3al
[2026-05-15 12:58:43] [INFO]       SKIP n2003-07-22-00:13:29.rf.pcm: too small (13x128)
[2026-05-15 12:58:43] [INFO]       OK   n2003-07-21-19:12:55.rf.pcm: sb0:5al
[2026-05-15 12:58:43] [INFO]       OK   n2003-07-21-22:01:51.rf.pcm: sb0:3al
[2026-05-15 12:58:43] [INFO]       OK   n2003-07-21-22:38:22.rf.pcm: sb0:5al
[2026-05-15 12:58:43] [INFO]       OK   n2003-07-21-23:09:06.rf.pcm: sb0:3al
[2026-05-15 12:58:43] [INFO]       OK   n2003-07-21-21:28:04.rf.pcm: sb0:4al
[2026-05-15 12:58:43] [INFO]       OK   n2003-07-22-00:35:25.rf.pcm: sb0:3al
[2026-05-15 12:58:43] [INFO]       OK   n2003-07-21-23:42:48.rf.pcm: sb0:7al
[2026-05-15 12:58:43] [INFO]       OK   n2003-07-23-21:26:52.rf.pcm: sb0:4al
[2026-05-15 12:58:43] [INFO]       OK   n2003-07-22-21:30:19.rf.pcm: sb0:18al
[2026-05-15 12:58:43] [INFO]       OK   n2003-07-23-19:18:23.rf.pcm: sb0:34al
[2026-05-15 12:58:43] [INFO]       OK   n2003-07-22-20:27:06.rf.pcm: sb0:28al
[2026-05-15 12:58:43] [INFO]       OK   n2003-07-23-21:57:46.rf.pcm: sb0:45al
[2026-05-15 12:58:43] [INFO]       OK   n2003-07-24-19:16:13.rf.pcm: sb0:19al
[2026-05-15 12:58:43] [INFO]       OK   n2003-07-23-20:21:33.rf.pcm: sb0:29al
[2026-05-15 12:58:43] [INFO]       OK   n2003-07-24-20:19:25.rf.pcm: sb0:26al
[2026-05-15 12:58:43] [INFO]       OK   n2003-07-24-21:22:37.rf.pcm: sb0:26al
[2026-05-15 12:58:43] [INFO]       OK   n2003-07-25-22:37:58.rf.pcm: sb0:15al
[2026-05-15 12:58:43] [INFO]       OK   n2003-07-25-18:53:13.rf.pcm: sb0:27al
[2026-05-15 12:58:43] [INFO]       OK   n2003-07-24-22:29:19.rf.pcm: sb0:43al
[2026-05-15 12:58:43] [INFO]       OK   n2003-07-25-20:22:18.rf.pcm: sb0:37al
[2026-05-15 12:58:43] [INFO]       OK   n2003-07-25-21:31:24.rf.pcm: sb0:29al
[2026-05-15 12:58:43] [INFO]       OK   n2003-07-26-18:45:45.rf.pcm: sb0:31al
[2026-05-15 12:58:43] [INFO]       OK   n2003-07-26-19:48:53.rf.pcm: sb0:40al
[2026-05-15 12:58:43] [INFO]       OK   n2003-07-26-20:52:05.rf.pcm: sb0:30al
[2026-05-15 12:58:43] [INFO]       OK   n2003-07-27-20:13:10.rf.pcm: sb0:32al
[2026-05-15 12:58:43] [INFO]       OK   n2003-07-27-21:47:11.rf.pcm: sb0:59al
[2026-05-15 12:58:43] [INFO]       OK   n2003-08-28-20:13:00.rf.pcm: sb0:10al
[2026-05-15 12:58:43] [INFO]       SKIP n2003-08-29-20:57:48.rf.pcm: too small (11x128)
[2026-05-15 12:58:43] [INFO]       OK   n2003-06-01-06:15:40.rf.pcm: sb0:68al
[2026-05-15 12:58:43] [INFO]       OK   n2003-08-28-16:59:59.rf.pcm: sb0:21al
[2026-05-15 12:58:43] [INFO]       OK   n2003-08-29-15:48:58.rf.pcm: sb0:17al
[2026-05-15 12:58:43] [INFO]       OK   n2003-08-29-16:36:12.rf.pcm: sb0:31al
[2026-05-15 12:58:43] [INFO]       OK   n2003-08-29-18:46:56.rf.pcm: sb0:30al
[2026-05-15 12:58:43] [INFO]       SKIP n2003-08-30-21:11:05.rf.pcm: too small (11x128)
[2026-05-15 12:58:43] [INFO]       OK   n2003-08-29-17:31:30.rf.pcm: sb0:25al
[2026-05-15 12:58:43] [INFO]       OK   n2003-08-29-21:16:18.rf.pcm: sb0:29al
[2026-05-15 12:58:43] [INFO]       OK   n2003-08-30-18:44:17.rf.pcm: sb0:4al
[2026-05-15 12:58:43] [INFO]       OK   n2003-08-30-17:28:24.rf.pcm: sb0:26al
[2026-05-15 12:58:43] [INFO]       OK   n2003-08-31-20:14:01.rf.pcm: sb0:1al
[2026-05-15 12:58:43] [INFO]       OK   n2003-08-30-16:27:06.rf.pcm: sb0:39al
[2026-05-15 12:58:43] [INFO]       OK   n2003-07-28-19:49:37.rf.pcm: sb0:19al
[2026-05-15 12:58:43] [INFO]       OK   n2003-08-30-19:22:50.rf.pcm: sb0:29al
[2026-05-15 12:58:43] [INFO]       OK   n2003-08-31-19:14:39.rf.pcm: sb0:21al
[2026-05-15 12:58:43] [INFO]       OK   n2003-09-09-17:55:02.rf.pcm: sb0:14al
[2026-05-15 12:58:43] [INFO]       OK   n2003-09-08-22:01:26.rf.pcm: sb0:14al
[2026-05-15 12:58:43] [INFO]       OK   n2003-09-05-22:46:44.rf.pcm: sb0:23al
[2026-05-15 12:58:43] [INFO]       OK   n2003-09-05-23:47:40.rf.pcm: sb0:24al
[2026-05-15 12:58:43] [INFO]       OK   n2003-09-09-18:57:05.rf.pcm: sb0:33al
[2026-05-15 12:58:43] [INFO]       OK   n2003-08-31-17:10:53.rf.pcm: sb0:3al
[2026-05-15 12:58:43] [INFO]       OK   n2003-09-20-16:36:45.rf.pcm: sb0:22al
[2026-05-15 12:58:43] [INFO]       OK   n2003-09-09-20:02:55.rf.pcm: sb0:29al
[2026-05-15 12:58:43] [INFO]       OK   n2003-09-20-15:32:58.rf.pcm: sb0:20al
[2026-05-15 12:58:43] [INFO]       OK   n2003-09-09-21:21:57.rf.pcm: sb0:23al
[2026-05-15 12:58:43] [INFO]       OK   n2003-09-21-14:55:29.rf.pcm: sb0:30al
[2026-05-15 12:58:43] [INFO]       OK   n2003-09-21-17:49:17.rf.pcm: sb0:27al
[2026-05-15 12:58:43] [INFO]       OK   n2003-09-21-16:58:33.rf.pcm: sb0:16al
[2026-05-15 12:58:43] [INFO]       SKIP n2003-10-06-18:38:08.rf.pcm: too small (15x128)
[2026-05-15 12:58:43] [INFO]       OK   n2003-10-06-15:16:45.rf.pcm: sb0:35al
[2026-05-15 12:58:43] [INFO]       OK   n2003-09-21-13:54:18.rf.pcm: sb0:41al
[2026-05-15 12:58:43] [INFO]       SKIP n2003-10-08-14:19:11.rf.pcm: too small (14x128)
[2026-05-15 12:58:43] [INFO]       OK   n2003-09-20-17:40:59.rf.pcm: sb0:34al
[2026-05-15 12:58:43] [INFO]       OK   n2003-09-21-15:57:30.rf.pcm: sb0:29al
[2026-05-15 12:58:43] [INFO]       OK   n2003-10-06-19:12:00.rf.pcm: sb0:7al
[2026-05-15 12:58:43] [INFO]       OK   n2003-10-19-15:36:36.rf.pcm: sb0:1al
[2026-05-15 12:58:43] [INFO]       OK   n2003-10-19-16:09:55.rf.pcm: sb0:1al
[2026-05-15 12:58:43] [INFO]       OK   n2003-10-19-17:21:24.rf.pcm: sb0:3al
[2026-05-15 12:58:43] [INFO]       OK   n2003-10-06-16:21:43.rf.pcm: sb0:16al
[2026-05-15 12:58:43] [INFO]       OK   n2003-10-19-16:48:47.rf.pcm: sb0:3al
[2026-05-15 12:58:43] [INFO]       OK   n2003-10-19-17:52:15.rf.pcm: sb0:2al
[2026-05-15 12:58:43] [INFO]       OK   n2003-10-06-17:32:27.rf.pcm: sb0:29al
[2026-05-15 12:58:43] [INFO]       OK   n2003-09-22-16:21:36.rf.pcm: sb0:114al
[2026-05-15 12:58:43] [INFO]       OK   n2003-10-31-12:38:11.rf.pcm: sb0:28al
[2026-05-15 12:58:43] [INFO]       OK   n2003-11-01-16:33:43.rf.pcm: sb0:4al
[2026-05-15 12:58:43] [INFO]       OK   n2003-10-07-19:18:28.rf.pcm: sb0:28al
[2026-05-15 12:58:43] [INFO]       SKIP n2003-11-11-13:21:36.rf.pcm: too small (12x128)
[2026-05-15 12:58:43] [INFO]       OK   n2003-10-27-17:12:01.rf.pcm: sb0:4al
[2026-05-15 12:58:43] [INFO]       SKIP n2003-11-13-12:43:46.rf.pcm: too small (10x128)
[2026-05-15 12:58:43] [INFO]       SKIP n2003-11-13-13:12:25.rf.pcm: too small (10x128)
[2026-05-15 12:58:43] [INFO]       OK   n2003-11-02-19:13:53.rf.pcm: sb0:6al
[2026-05-15 12:58:43] [INFO]       OK   n2003-11-01-14:04:26.rf.pcm: sb0:59al
[2026-05-15 12:58:43] [INFO]       OK   n2003-11-01-18:44:17.rf.pcm: sb0:38al
[2026-05-15 12:58:43] [INFO]       OK   n2003-11-13-17:42:59.rf.pcm: sb0:17al
[2026-05-15 12:58:44] [INFO]       OK   n2003-12-02-12:06:31.rf.pcm: sb0:14al
[2026-05-15 12:58:44] [INFO]       OK   n2003-11-02-14:14:57.rf.pcm: sb0:26al
[2026-05-15 12:58:44] [INFO]       OK   n2003-11-12-12:16:08.rf.pcm: sb0:54al
[2026-05-15 12:58:44] [INFO]       OK   n2003-11-02-12:25:19.rf.pcm: sb0:62al
[2026-05-15 12:58:44] [INFO]       OK   n2003-11-13-15:12:08.rf.pcm: sb0:4al
[2026-05-15 12:58:44] [INFO]       OK   n2003-10-08-15:53:07.rf.pcm: sb0:150al
[2026-05-15 12:58:44] [INFO]       OK   n2003-11-13-18:33:04.rf.pcm: sb0:137al
[2026-05-15 12:58:44] [INFO]       OK   n2003-12-04-10:38:48.rf.pcm: sb0:80al
[2026-05-15 12:58:44] [INFO]       OK   n2003-12-04-15:47:27.rf.pcm: sb0:23al
[2026-05-15 12:58:44] [INFO]       OK   n2003-12-18-12:02:22.rf.pcm: sb0:43al
[2026-05-15 12:58:44] [INFO]       OK   n2003-12-04-16:38:28.rf.pcm: sb0:33al
[2026-05-15 12:58:44] [INFO]       OK   n2003-12-05-13:23:23.rf.pcm: sb0:3al
[2026-05-15 12:58:44] [INFO]       OK   n2003-12-18-10:38:41.rf.pcm: sb0:51al
[2026-05-15 12:58:44] [INFO]       SKIP n2004-02-06-11:11:41.rf.pcm: too small (11x128)
[2026-05-15 12:58:44] [INFO]       OK   n2004-02-01-10:31:29.rf.pcm: sb0:16al
[2026-05-15 12:58:44] [INFO]       SKIP n2004-02-07-08:42:29.rf.pcm: too small (11x128)
[2026-05-15 12:58:44] [INFO]       OK   n2003-12-17-13:56:23.rf.pcm: sb0:32al
[2026-05-15 12:58:44] [INFO]       SKIP n2004-02-07-14:29:36.rf.pcm: too small (11x128)
[2026-05-15 12:58:44] [INFO]       OK   n2003-12-17-12:32:51.rf.pcm: sb0:69al
[2026-05-15 12:58:44] [INFO]       OK   n2004-02-07-08:13:30.rf.pcm: sb0:8al
[2026-05-15 12:58:44] [INFO]       OK   n2003-12-18-14:57:04.rf.pcm: sb0:129al
[2026-05-15 12:58:44] [INFO]       OK   n2004-02-07-11:58:06.rf.pcm: sb0:1al
[2026-05-15 12:58:44] [INFO]       OK   n2004-02-07-07:06:21.rf.pcm: sb0:10al
[2026-05-15 12:58:44] [INFO]       OK   n2004-02-10-07:20:41.rf.pcm: sb0:17al
[2026-05-15 12:58:44] [INFO]       OK   n2004-02-10-09:02:13.rf.pcm: sb0:31al
[2026-05-15 12:58:44] [INFO]       OK   n2004-02-12-06:35:38.rf.pcm: sb0:3al
[2026-05-15 12:58:44] [INFO]       OK   n2004-02-09-11:23:28.rf.pcm: sb0:27al
[2026-05-15 12:58:44] [INFO]       OK   n2004-02-12-08:09:02.rf.pcm: sb0:7al
[2026-05-15 12:58:44] [INFO]       OK   n2004-02-08-09:13:03.rf.pcm: sb0:4al
[2026-05-15 12:58:44] [INFO]       SKIP n2004-02-13-08:20:10.rf.pcm: too small (13x128)
[2026-05-15 12:58:44] [INFO]       OK   n2004-02-06-08:48:41.rf.pcm: sb0:76al
[2026-05-15 12:58:44] [INFO]       OK   n2004-02-06-07:08:33.rf.pcm: sb0:48al
[2026-05-15 12:58:44] [INFO]       OK   n2004-02-13-07:03:45.rf.pcm: sb0:8al
[2026-05-15 12:58:44] [INFO]       OK   n2004-02-12-07:20:50.rf.pcm: sb0:10al
[2026-05-15 12:58:44] [INFO]       OK   n2004-02-13-07:41:47.rf.pcm: sb0:11al
[2026-05-15 12:58:44] [INFO]       OK   n2004-02-10-10:23:12.rf.pcm: sb0:6al
[2026-05-15 12:58:44] [INFO]       OK   n2004-02-11-07:28:18.rf.pcm: sb0:20al
[2026-05-15 12:58:44] [INFO]       OK   n2004-03-05-04:20:18.rf.pcm: sb0:23al
[2026-05-15 12:58:44] [INFO]       SKIP n2004-03-22-06:51:59.rf.pcm: too small (14x128)
[2026-05-15 12:58:44] [INFO]       OK   n2004-03-20-04:00:51.rf.pcm: sb0:7al
[2026-05-15 12:58:44] [INFO]       OK   n2004-03-22-06:06:40.rf.pcm: sb0:0al
[2026-05-15 12:58:44] [INFO]       OK   n2004-03-20-04:40:47.rf.pcm: sb0:10al
[2026-05-15 12:58:44] [INFO]       OK   n2004-03-05-05:51:24.rf.pcm: sb0:17al
[2026-05-15 12:58:44] [INFO]       SKIP n2004-03-23-11:45:17.rf.pcm: too small (11x128)
[2026-05-15 12:58:44] [INFO]       OK   n2004-03-23-03:59:30.rf.pcm: sb0:0al
[2026-05-15 12:58:44] [INFO]       OK   n2004-03-07-04:34:49.rf.pcm: sb0:19al
[2026-05-15 12:58:44] [INFO]       OK   n2004-03-23-03:21:08.rf.pcm: sb0:4al
[2026-05-15 12:58:44] [INFO]       OK   n2004-03-06-04:55:31.rf.pcm: sb0:24al
[2026-05-15 12:58:44] [INFO]       OK   n2004-03-23-05:54:50.rf.pcm: sb0:2al
[2026-05-15 12:58:44] [INFO]       SKIP n2004-04-25-00:29:56.rf.pcm: too small (14x128)
[2026-05-15 12:58:44] [INFO]       OK   n2004-03-23-05:16:38.rf.pcm: sb0:3al
[2026-05-15 12:58:44] [INFO]       OK   n2004-04-13-02:28:12.rf.pcm: sb0:12al
[2026-05-15 12:58:44] [INFO]       OK   n2004-04-13-07:15:55.rf.pcm: sb0:14al
[2026-05-15 12:58:44] [INFO]       OK   n2004-04-25-01:13:55.rf.pcm: sb0:6al
[2026-05-15 12:58:44] [INFO]       OK   n2004-04-25-01:55:54.rf.pcm: sb0:4al
[2026-05-15 12:58:44] [INFO]       OK   n2004-04-25-02:27:34.rf.pcm: sb0:5al
[2026-05-15 12:58:44] [INFO]       OK   n2004-03-07-05:26:48.rf.pcm: sb0:82al
[2026-05-15 12:58:44] [INFO]       OK   n2004-04-26-01:04:37.rf.pcm: sb0:9al
[2026-05-15 12:58:44] [INFO]       OK   n2004-04-25-23:39:23.rf.pcm: sb0:7al
[2026-05-15 12:58:44] [INFO]       OK   n2004-04-26-02:35:27.rf.pcm: sb0:1al
[2026-05-15 12:58:44] [INFO]       OK   n2004-04-26-01:35:41.rf.pcm: sb0:26al
[2026-05-15 12:58:44] [INFO]       OK   n2004-04-24-01:24:10.rf.pcm: sb0:36al
[2026-05-15 12:58:44] [INFO]       OK   n2004-04-26-03:05:52.rf.pcm: sb0:22al
[2026-05-15 12:58:44] [INFO]       OK   n2004-04-26-03:42:34.rf.pcm: sb0:12al
[2026-05-15 12:58:44] [INFO]       OK   n2004-04-28-02:33:00.rf.pcm: sb0:7al
[2026-05-15 12:58:44] [INFO]       OK   n2004-04-29-03:01:56.rf.pcm: sb0:22al
[2026-05-15 12:58:44] [INFO]       OK   n2004-04-29-23:57:04.rf.pcm: sb0:10al
[2026-05-15 12:58:44] [INFO]       OK   n2004-04-28-03:10:20.rf.pcm: sb0:13al
[2026-05-15 12:58:44] [INFO]       OK   n2004-04-30-00:29:51.rf.pcm: sb0:8al
[2026-05-15 12:58:44] [INFO]       OK   n2004-04-30-01:44:23.rf.pcm: sb0:9al
[2026-05-15 12:58:44] [INFO]       OK   n2004-05-01-01:04:14.rf.pcm: sb0:12al
[2026-05-15 12:58:44] [INFO]       OK   n2004-04-23-23:18:06.rf.pcm: sb0:100al
[2026-05-15 12:58:44] [INFO]       OK   n2004-05-02-01:03:00.rf.pcm: sb0:20al
[2026-05-15 12:58:44] [INFO]       OK   n2004-04-30-23:55:43.rf.pcm: sb0:36al
[2026-05-15 12:58:44] [INFO]       OK   n2004-05-01-23:15:24.rf.pcm: sb0:27al
[2026-05-15 12:58:44] [INFO]       SKIP n2004-05-04-05:10:42.rf.pcm: too small (13x128)
[2026-05-15 12:58:44] [INFO]       OK   n2004-04-30-01:02:40.rf.pcm: sb0:8al
[2026-05-15 12:58:44] [INFO]       OK   n2004-05-02-00:30:44.rf.pcm: sb0:14al
[2026-05-15 12:58:44] [INFO]       OK   n2004-05-03-00:10:35.rf.pcm: sb0:23al
[2026-05-15 12:58:44] [INFO]       OK   n2004-05-01-03:21:16.rf.pcm: sb0:28al
[2026-05-15 12:58:44] [INFO]       OK   n2004-05-02-02:39:10.rf.pcm: sb0:31al
[2026-05-15 12:58:44] [INFO]       OK   n2004-05-04-07:52:00.rf.pcm: sb0:27al
[2026-05-15 12:58:44] [INFO]       OK   n2004-05-02-01:34:53.rf.pcm: sb0:19al
[2026-05-15 12:58:44] [INFO]       OK   n2004-05-04-23:14:27.rf.pcm: sb0:4al
[2026-05-15 12:58:44] [INFO]       OK   n2004-05-04-06:46:44.rf.pcm: sb0:82al
[2026-05-15 12:58:44] [INFO]       OK   n2004-05-05-00:02:59.rf.pcm: sb0:58al
[2026-05-15 12:58:44] [INFO]       OK   n2004-05-04-05:42:34.rf.pcm: sb0:75al
[2026-05-15 12:58:44] [INFO]       OK   n2004-05-07-00:33:46.rf.pcm: sb0:6al
[2026-05-15 12:58:44] [INFO]       OK   n2004-05-03-01:28:10.rf.pcm: sb0:33al
[2026-05-15 12:58:44] [INFO]       OK   n2004-05-05-01:03:21.rf.pcm: sb0:68al
[2026-05-15 12:58:44] [INFO]       OK   n2004-05-06-04:09:20.rf.pcm: sb0:5al
[2026-05-15 12:58:44] [INFO]       OK   n2004-05-07-23:46:47.rf.pcm: sb0:7al
[2026-05-15 12:58:44] [INFO]       OK   n2004-05-08-23:12:17.rf.pcm: sb0:4al
[2026-05-15 12:58:44] [INFO]       OK   n2004-05-05-02:08:28.rf.pcm: sb0:62al
[2026-05-15 12:58:44] [INFO]       OK   n2004-05-09-00:57:05.rf.pcm: sb0:14al
[2026-05-15 12:58:44] [INFO]       OK   n2004-05-09-23:10:59.rf.pcm: sb0:5al
[2026-05-15 12:58:44] [INFO]       OK   n2004-05-07-01:13:06.rf.pcm: sb0:35al
[2026-05-15 12:58:44] [INFO]       SKIP n2004-05-10-03:05:05.rf.pcm: too small (10x128)
[2026-05-15 12:58:44] [INFO]       SKIP n2004-05-10-03:23:15.rf.pcm: too small (12x128)
[2026-05-15 12:58:44] [INFO]       OK   n2004-05-08-01:38:56.rf.pcm: sb0:53al
[2026-05-15 12:58:44] [INFO]       OK   n2004-05-08-00:34:14.rf.pcm: sb0:59al
[2026-05-15 12:58:44] [INFO]       OK   n2004-05-14-05:21:38.rf.pcm: sb0:9al
[2026-05-15 12:58:44] [INFO]       OK   n2004-05-09-02:06:46.rf.pcm: sb0:71al
[2026-05-15 12:58:44] [INFO]       OK   n2004-05-10-00:01:32.rf.pcm: sb0:30al
[2026-05-15 12:58:44] [INFO]       OK   n2004-05-08-23:52:52.rf.pcm: sb0:61al
[2026-05-15 12:58:44] [INFO]       OK   n2004-05-14-05:52:44.rf.pcm: sb0:2al
[2026-05-15 12:58:44] [INFO]       OK   n2004-05-14-07:13:34.rf.pcm: sb0:4al
[2026-05-15 12:58:44] [INFO]       OK   n2004-05-14-06:21:09.rf.pcm: sb0:3al
[2026-05-15 12:58:44] [INFO]       OK   n2004-05-14-22:43:37.rf.pcm: sb0:12al
[2026-05-15 12:58:44] [INFO]       OK   n2004-05-14-23:20:12.rf.pcm: sb0:5al
[2026-05-15 12:58:44] [INFO]       OK   n2004-05-15-23:44:40.rf.pcm: sb0:1al
[2026-05-15 12:58:44] [INFO]       OK   n2004-05-10-00:55:06.rf.pcm: sb0:76al
[2026-05-15 12:58:44] [INFO]       OK   n2004-05-15-23:10:18.rf.pcm: sb0:3al
[2026-05-15 12:58:44] [INFO]       OK   n2004-05-10-02:00:31.rf.pcm: sb0:58al
[2026-05-15 12:58:44] [INFO]       OK   n2004-05-15-01:56:27.rf.pcm: sb0:35al
[2026-05-15 12:58:44] [INFO]       OK   n2004-05-17-05:01:49.rf.pcm: sb0:6al
[2026-05-15 12:58:44] [INFO]       OK   n2004-05-15-00:51:57.rf.pcm: sb0:73al
[2026-05-15 12:58:44] [INFO]       OK   n2004-05-15-02:57:58.rf.pcm: sb0:47al
[2026-05-15 12:58:44] [INFO]       OK   n2004-05-16-00:28:36.rf.pcm: sb0:54al
[2026-05-15 12:58:44] [INFO]       OK   n2004-05-16-01:32:46.rf.pcm: sb0:70al
[2026-05-15 12:58:44] [INFO]       OK   n2004-05-16-02:58:26.rf.pcm: sb0:52al
[2026-05-15 12:58:44] [INFO]       OK   n2004-05-17-22:47:04.rf.pcm: sb0:25al
[2026-05-15 12:58:44] [INFO]       OK   n2004-05-18-03:50:08.rf.pcm: sb0:16al
[2026-05-15 12:58:44] [INFO]       SKIP n2004-06-03-02:56:00.rf.pcm: too small (10x128)
[2026-05-15 12:58:44] [INFO]       OK   n2004-05-16-03:59:24.rf.pcm: sb0:48al
[2026-05-15 12:58:44] [INFO]       OK   n2004-05-19-02:04:59.rf.pcm: sb0:12al
[2026-05-15 12:58:44] [INFO]       OK   n2004-05-21-04:07:10.rf.pcm: sb0:7al
[2026-05-15 12:58:44] [INFO]       OK   n2004-05-19-00:26:08.rf.pcm: sb0:25al
[2026-05-15 12:58:44] [INFO]       SKIP n2004-06-05-21:57:40.rf.pcm: too small (13x128)
[2026-05-15 12:58:44] [INFO]       SKIP n2004-06-05-22:17:00.rf.pcm: too small (10x128)
[2026-05-15 12:58:44] [INFO]       OK   n2004-05-21-03:15:35.rf.pcm: sb0:28al
[2026-05-15 12:58:44] [INFO]       OK   n2004-05-20-23:28:48.rf.pcm: sb0:19al
[2026-05-15 12:58:44] [INFO]       OK   n2004-06-05-01:34:55.rf.pcm: sb0:15al
[2026-05-15 12:58:44] [INFO]       OK   n2004-06-05-02:13:04.rf.pcm: sb0:16al
[2026-05-15 12:58:44] [INFO]       OK   n2004-06-05-22:36:01.rf.pcm: sb0:4al
[2026-05-15 12:58:44] [INFO]       OK   n2004-06-04-22:55:40.rf.pcm: sb0:12al
[2026-05-15 12:58:44] [INFO]       OK   n2004-06-05-23:14:14.rf.pcm: sb0:5al
[2026-05-15 12:58:44] [INFO]       OK   n2004-06-05-23:52:34.rf.pcm: sb0:14al
[2026-05-15 12:58:44] [INFO]       OK   n2004-06-04-23:33:51.rf.pcm: sb0:28al
[2026-05-15 12:58:44] [INFO]       SKIP n2004-06-06-03:47:12.rf.pcm: too small (14x128)
[2026-05-15 12:58:44] [INFO]       OK   n2004-06-10-21:35:20.rf.pcm: sb0:0al
[2026-05-15 12:58:44] [INFO]       OK   n2004-06-06-00:35:41.rf.pcm: sb0:21al
[2026-05-15 12:58:44] [INFO]       OK   n2004-06-11-22:59:25.rf.pcm: sb0:0al
[2026-05-15 12:58:44] [INFO]       OK   n2004-06-06-01:52:04.rf.pcm: sb0:12al
[2026-05-15 12:58:44] [INFO]       OK   n2004-06-11-00:01:12.rf.pcm: sb0:2al
[2026-05-15 12:58:44] [INFO]       OK   n2004-06-06-01:13:52.rf.pcm: sb0:27al
[2026-05-15 12:58:44] [INFO]       OK   n2004-06-06-03:08:40.rf.pcm: sb0:14al
[2026-05-15 12:58:44] [INFO]       OK   n2004-06-12-22:45:59.rf.pcm: sb0:1al
[2026-05-15 12:58:44] [INFO]       OK   n2004-06-06-02:30:10.rf.pcm: sb0:38al
[2026-05-15 12:58:44] [INFO]       OK   n2004-06-12-00:10:33.rf.pcm: sb0:14al
[2026-05-15 12:58:44] [INFO]       OK   n2004-06-12-20:44:52.rf.pcm: sb0:7al
[2026-05-15 12:58:44] [INFO]       OK   n2004-06-19-22:59:42.rf.pcm: sb0:2al
[2026-05-15 12:58:44] [INFO]       OK   n2004-06-13-22:17:52.rf.pcm: sb0:4al
[2026-05-15 12:58:44] [INFO]       OK   n2004-06-13-23:05:29.rf.pcm: sb0:10al
[2026-05-15 12:58:44] [INFO]       OK   n2004-06-19-20:17:31.rf.pcm: sb0:22al
[2026-05-15 12:58:44] [INFO]       OK   n2004-06-19-20:55:42.rf.pcm: sb0:28al
[2026-05-15 12:58:44] [INFO]       OK   n2004-06-19-23:38:22.rf.pcm: sb0:1al
[2026-05-15 12:58:44] [INFO]       OK   n2004-06-19-22:12:00.rf.pcm: sb0:25al
[2026-05-15 12:58:44] [INFO]       OK   n2004-06-19-21:33:50.rf.pcm: sb0:14al
[2026-05-15 12:58:44] [INFO]       OK   n2004-06-20-00:23:44.rf.pcm: sb0:2al
[2026-05-15 12:58:44] [INFO]       SKIP n2004-06-21-23:18:36.rf.pcm: too small (10x128)
[2026-05-15 12:58:44] [INFO]       OK   n2004-06-20-21:03:24.rf.pcm: sb0:16al
[2026-05-15 12:58:44] [INFO]       OK   n2004-06-21-19:30:59.rf.pcm: sb0:12al
[2026-05-15 12:58:44] [INFO]       OK   n2004-06-20-20:25:12.rf.pcm: sb0:8al
[2026-05-15 12:58:44] [INFO]       OK   n2004-06-21-20:09:58.rf.pcm: sb0:3al
[2026-05-15 12:58:44] [INFO]       OK   n2004-06-20-21:41:32.rf.pcm: sb0:20al
[2026-05-15 12:58:44] [INFO]       OK   n2004-06-23-19:34:30.rf.pcm: sb0:4al
[2026-05-15 12:58:44] [INFO]       OK   n2004-06-25-21:46:10.rf.pcm: sb0:15al
[2026-05-15 12:58:44] [INFO]       OK   n2004-06-21-22:17:28.rf.pcm: sb0:48al
[2026-05-15 12:58:44] [INFO]       OK   n2004-06-25-00:00:41.rf.pcm: sb0:6al
[2026-05-15 12:58:44] [INFO]       OK   n2004-06-21-21:11:03.rf.pcm: sb0:27al
[2026-05-15 12:58:44] [INFO]       SKIP n2004-07-16-21:10:17.rf.pcm: too small (12x128)
[2026-05-15 12:58:44] [INFO]       OK   n2004-06-26-02:20:21.rf.pcm: sb0:6al
[2026-05-15 12:58:44] [INFO]       OK   n2004-06-24-00:18:37.rf.pcm: sb0:23al
[2026-05-15 12:58:44] [INFO]       OK   n2004-06-26-22:19:50.rf.pcm: sb0:14al
[2026-05-15 12:58:44] [INFO]       OK   n2004-06-27-04:13:58.rf.pcm: sb0:27al
[2026-05-15 12:58:44] [INFO]       OK   n2004-07-17-00:36:32.rf.pcm: sb0:8al
[2026-05-15 12:58:44] [INFO]       OK   n2004-07-15-20:46:11.rf.pcm: sb0:38al
[2026-05-15 12:58:44] [INFO]       OK   n2004-07-15-18:33:23.rf.pcm: sb0:59al
[2026-05-15 12:58:44] [INFO]       SKIP n2004-07-17-21:00:23.rf.pcm: too small (15x128)
[2026-05-15 12:58:44] [INFO]       OK   n2004-07-15-19:42:31.rf.pcm: sb0:30al
[2026-05-15 12:58:44] [INFO]       OK   n2004-07-16-22:34:33.rf.pcm: sb0:56al
[2026-05-15 12:58:44] [INFO]       OK   n2004-07-17-18:16:47.rf.pcm: sb0:28al
[2026-05-15 12:58:44] [INFO]       SKIP n2004-07-22-22:24:44.rf.pcm: too small (10x128)
[2026-05-15 12:58:44] [INFO]       OK   n2004-07-19-19:22:54.rf.pcm: sb0:11al
[2026-05-15 12:58:44] [INFO]       OK   n2004-07-19-19:53:04.rf.pcm: sb0:20al
[2026-05-15 12:58:44] [INFO]       OK   n2004-07-22-23:03:52.rf.pcm: sb0:26al
[2026-05-15 12:58:44] [INFO]       OK   n2004-07-16-21:33:31.rf.pcm: sb0:49al
[2026-05-15 12:58:44] [INFO]       OK   n2004-07-16-23:35:34.rf.pcm: sb0:76al
[2026-05-15 12:58:44] [INFO]       OK   n2004-07-17-20:16:53.rf.pcm: sb0:39al
[2026-05-15 12:58:44] [INFO]       OK   n2004-07-17-19:19:12.rf.pcm: sb0:63al
[2026-05-15 12:58:44] [INFO]       OK   n2004-07-23-21:05:29.rf.pcm: sb0:13al
[2026-05-15 12:58:45] [INFO]       OK   n2004-07-23-20:11:17.rf.pcm: sb0:9al
[2026-05-15 12:58:45] [INFO]       OK   n2004-07-19-20:29:03.rf.pcm: sb0:30al
[2026-05-15 12:58:45] [INFO]       SKIP n2004-08-01-22:51:19.rf.pcm: too small (11x128)
[2026-05-15 12:58:45] [INFO]       OK   n2004-07-25-21:17:11.rf.pcm: sb0:9al
[2026-05-15 12:58:45] [INFO]       OK   n2004-07-24-20:28:39.rf.pcm: sb0:10al
[2026-05-15 12:58:45] [INFO]       OK   n2004-07-24-21:28:11.rf.pcm: sb0:16al
[2026-05-15 12:58:45] [INFO]       OK   n2004-08-01-23:27:30.rf.pcm: sb0:16al
[2026-05-15 12:58:45] [INFO]       OK   n2004-08-01-18:17:37.rf.pcm: sb0:55al
[2026-05-15 12:58:45] [INFO]       SKIP n2004-08-02-22:55:51.rf.pcm: too small (11x128)
[2026-05-15 12:58:45] [INFO]       OK   n2004-08-01-21:35:23.rf.pcm: sb0:27al
[2026-05-15 12:58:45] [INFO]       OK   n2004-08-01-20:31:31.rf.pcm: sb0:38al
[2026-05-15 12:58:45] [INFO]       OK   n2004-08-02-19:38:59.rf.pcm: sb0:52al
[2026-05-15 12:58:45] [INFO]       OK   n2004-08-01-19:23:22.rf.pcm: sb0:47al
[2026-05-15 12:58:45] [INFO]       OK   n2004-08-02-20:42:50.rf.pcm: sb0:25al
[2026-05-15 12:58:45] [INFO]       OK   n2004-08-10-20:07:04.rf.pcm: sb0:7al
[2026-05-15 12:58:45] [INFO]       OK   n2004-08-10-19:21:50.rf.pcm: sb0:3al
[2026-05-15 12:58:45] [INFO]       OK   n2004-08-09-16:49:00.rf.pcm: sb0:4al
[2026-05-15 12:58:45] [INFO]       OK   n2004-08-09-21:45:50.rf.pcm: sb0:14al
[2026-05-15 12:58:45] [INFO]       OK   n2004-08-02-21:47:29.rf.pcm: sb0:28al
[2026-05-15 12:58:45] [INFO]       OK   n2004-08-10-21:19:31.rf.pcm: sb0:7al
[2026-05-15 12:58:45] [INFO]       OK   n2004-08-11-01:33:20.rf.pcm: sb0:35al
[2026-05-15 12:58:45] [INFO]       OK   n2004-08-11-18:29:57.rf.pcm: sb0:25al
[2026-05-15 12:58:45] [INFO]       OK   n2004-08-12-19:18:37.rf.pcm: sb0:6al
[2026-05-15 12:58:45] [INFO]       OK   n2004-08-12-21:53:12.rf.pcm: sb0:19al
[2026-05-15 12:58:45] [INFO]       OK   n2004-08-12-20:47:16.rf.pcm: sb0:9al
[2026-05-15 12:58:45] [INFO]       OK   n2004-08-13-16:47:57.rf.pcm: sb0:11al
[2026-05-15 12:58:45] [INFO]       OK   n2004-08-13-18:42:38.rf.pcm: sb0:3al
[2026-05-15 12:58:45] [INFO]       OK   n2004-08-12-21:20:24.rf.pcm: sb0:14al
[2026-05-15 12:58:45] [INFO]       OK   n2004-08-13-17:31:35.rf.pcm: sb0:13al
[2026-05-15 12:58:45] [INFO]       OK   n2004-08-12-19:51:35.rf.pcm: sb0:11al
[2026-05-15 12:58:45] [INFO]       OK   n2004-08-13-18:09:34.rf.pcm: sb0:17al
[2026-05-15 12:58:45] [INFO]       OK   n2004-08-14-16:12:58.rf.pcm: sb0:14al
[2026-05-15 12:58:45] [INFO]       OK   n2004-08-13-19:48:28.rf.pcm: sb0:21al
[2026-05-15 12:58:45] [INFO]       OK   n2004-08-13-20:53:37.rf.pcm: sb0:7al
[2026-05-15 12:58:45] [INFO]       OK   n2004-08-14-00:32:07.rf.pcm: sb0:9al
[2026-05-15 12:58:45] [INFO]       OK   n2004-08-13-20:21:05.rf.pcm: sb0:17al
[2026-05-15 12:58:45] [INFO]       OK   n2004-08-13-19:15:55.rf.pcm: sb0:18al
[2026-05-15 12:58:45] [INFO]       SKIP n2004-08-15-19:08:19.rf.pcm: too small (12x128)
[2026-05-15 12:58:45] [INFO]       OK   n2004-08-14-16:50:35.rf.pcm: sb0:15al
[2026-05-15 12:58:45] [INFO]       OK   n2004-08-14-17:28:04.rf.pcm: sb0:7al
[2026-05-15 12:58:45] [INFO]       OK   n2004-08-14-19:21:36.rf.pcm: sb0:13al
[2026-05-15 12:58:45] [INFO]       OK   n2004-08-14-19:54:15.rf.pcm: sb0:38al
[2026-05-15 12:58:45] [INFO]       OK   n2004-08-14-18:48:24.rf.pcm: sb0:17al
[2026-05-15 12:58:45] [INFO]       OK   n2004-08-15-19:30:06.rf.pcm: sb0:11al
[2026-05-15 12:58:45] [INFO]       OK   n2004-08-15-20:48:45.rf.pcm: sb0:27al
[2026-05-15 12:58:45] [INFO]       OK   n2004-08-14-20:26:46.rf.pcm: sb0:19al
[2026-05-15 12:58:45] [INFO]       OK   n2004-08-15-20:07:47.rf.pcm: sb0:5al
[2026-05-15 12:58:45] [INFO]       OK   n2004-08-14-18:10:54.rf.pcm: sb0:20al
[2026-05-15 12:58:45] [INFO]       OK   n2004-08-16-18:28:44.rf.pcm: sb0:6al
[2026-05-15 12:58:45] [INFO]       OK   n2004-08-16-20:55:16.rf.pcm: sb0:6al
[2026-05-15 12:58:45] [INFO]       OK   n2004-08-16-20:21:36.rf.pcm: sb0:12al
[2026-05-15 12:58:45] [INFO]       OK   n2004-08-15-21:26:18.rf.pcm: sb0:23al
[2026-05-15 12:58:45] [INFO]       OK   n2004-08-16-19:43:57.rf.pcm: sb0:12al
[2026-05-15 12:58:45] [INFO]       OK   n2004-08-16-19:06:17.rf.pcm: sb0:11al
[2026-05-15 12:58:45] [INFO]       OK   n2004-08-16-21:27:54.rf.pcm: sb0:4al
[2026-05-15 12:58:45] [INFO]       OK   n2004-08-27-21:17:16.rf.pcm: sb0:12al
[2026-05-15 12:58:45] [INFO]       OK   n2004-08-30-17:05:35.rf.pcm: sb0:14al
[2026-05-15 12:58:45] [INFO]       OK   n2004-08-28-20:19:59.rf.pcm: sb0:31al
[2026-05-15 12:58:45] [INFO]       SKIP n2004-09-01-18:59:58.rf.pcm: too small (11x128)
[2026-05-15 12:58:45] [INFO]       OK   n2004-08-28-16:33:09.rf.pcm: sb0:14al
[2026-05-15 12:58:45] [INFO]       OK   n2004-08-30-18:42:22.rf.pcm: sb0:9al
[2026-05-15 12:58:45] [INFO]       OK   n2004-08-31-18:57:17.rf.pcm: sb0:9al
[2026-05-15 12:58:45] [INFO]       OK   n2004-08-29-18:00:46.rf.pcm: sb0:13al
[2026-05-15 12:58:45] [INFO]       OK   n2004-08-15-22:04:48.rf.pcm: sb0:44al
[2026-05-15 12:58:45] [INFO]       OK   n2004-09-01-17:39:25.rf.pcm: sb0:18al
[2026-05-15 12:58:45] [INFO]       OK   n2004-09-10-16:20:34.rf.pcm: sb0:23al
[2026-05-15 12:58:45] [INFO]       OK   n2004-09-10-16:58:05.rf.pcm: sb0:10al
[2026-05-15 12:58:45] [INFO]       OK   n2004-09-10-17:53:05.rf.pcm: sb0:7al
[2026-05-15 12:58:45] [INFO]       OK   n2004-09-10-19:45:58.rf.pcm: sb0:11al
[2026-05-15 12:58:45] [INFO]       OK   n2004-09-10-18:30:39.rf.pcm: sb0:12al
[2026-05-15 12:58:45] [INFO]       OK   n2004-09-11-15:42:47.rf.pcm: sb0:9al
[2026-05-15 12:58:45] [INFO]       OK   n2004-09-11-16:20:24.rf.pcm: sb0:7al
[2026-05-15 12:58:45] [INFO]       OK   n2004-09-10-19:08:17.rf.pcm: sb0:16al
[2026-05-15 12:58:45] [INFO]       OK   n2004-09-11-16:57:53.rf.pcm: sb0:9al
[2026-05-15 12:58:45] [INFO]       OK   n2004-09-11-18:39:06.rf.pcm: sb0:31al
[2026-05-15 12:58:45] [INFO]       SKIP n2004-09-12-16:37:44.rf.pcm: too small (14x128)
[2026-05-15 12:58:45] [INFO]       OK   n2004-09-11-19:11:36.rf.pcm: sb0:23al
[2026-05-15 12:58:45] [INFO]       OK   n2004-09-11-19:45:10.rf.pcm: sb0:18al
[2026-05-15 12:58:45] [INFO]       OK   n2004-09-11-20:50:44.rf.pcm: sb0:13al
[2026-05-15 12:58:45] [INFO]       OK   n2004-09-11-20:17:46.rf.pcm: sb0:20al
[2026-05-15 12:58:45] [INFO]       OK   n2004-09-12-14:41:25.rf.pcm: sb0:12al
[2026-05-15 12:58:45] [INFO]       OK   n2004-09-12-15:56:34.rf.pcm: sb0:9al
[2026-05-15 12:58:45] [INFO]       OK   n2004-09-12-15:18:57.rf.pcm: sb0:3al
[2026-05-15 12:58:45] [INFO]       OK   n2004-09-12-17:11:06.rf.pcm: sb0:4al
[2026-05-15 12:58:45] [INFO]       OK   n2004-09-12-18:26:26.rf.pcm: sb0:29al
[2026-05-15 12:58:45] [INFO]       OK   n2004-09-12-17:48:46.rf.pcm: sb0:31al
[2026-05-15 12:58:45] [INFO]       OK   n2004-09-12-20:05:48.rf.pcm: sb0:3al
[2026-05-15 12:58:45] [INFO]       OK   n2004-09-12-19:32:36.rf.pcm: sb0:18al
[2026-05-15 12:58:45] [INFO]       OK   n2004-09-12-20:38:26.rf.pcm: sb0:5al
[2026-05-15 12:58:45] [INFO]       OK   n2004-09-13-16:33:37.rf.pcm: sb0:17al
[2026-05-15 12:58:45] [INFO]       OK   n2004-09-12-18:59:59.rf.pcm: sb0:27al
[2026-05-15 12:58:45] [INFO]       OK   n2004-09-13-17:11:17.rf.pcm: sb0:31al
[2026-05-15 12:58:45] [INFO]       OK   n2004-09-13-19:44:07.rf.pcm: sb0:20al
[2026-05-15 12:58:45] [INFO]       OK   n2004-09-14-16:17:03.rf.pcm: sb0:17al
[2026-05-15 12:58:45] [INFO]       OK   n2004-09-14-17:47:27.rf.pcm: sb0:5al
[2026-05-15 12:58:45] [INFO]       OK   n2004-09-13-20:21:46.rf.pcm: sb0:25al
[2026-05-15 12:58:45] [INFO]       OK   n2004-09-14-16:54:34.rf.pcm: sb0:12al
[2026-05-15 12:58:45] [INFO]       OK   n2004-09-14-18:59:17.rf.pcm: sb0:25al
[2026-05-15 12:58:45] [INFO]       OK   n2004-09-14-18:21:26.rf.pcm: sb0:27al
[2026-05-15 12:58:45] [INFO]       OK   n2004-09-14-19:36:59.rf.pcm: sb0:22al
[2026-05-15 12:58:45] [INFO]       OK   n2004-09-14-20:10:20.rf.pcm: sb0:18al
[2026-05-15 12:58:45] [INFO]       OK   n2004-09-24-18:25:45.rf.pcm: sb0:7al
[2026-05-15 12:58:45] [INFO]       OK   n2004-09-25-16:20:57.rf.pcm: sb0:5al
[2026-05-15 12:58:45] [INFO]       OK   n2004-09-24-16:25:46.rf.pcm: sb0:9al
[2026-05-15 12:58:45] [INFO]       OK   n2004-09-26-16:17:28.rf.pcm: sb0:12al
[2026-05-15 12:58:45] [INFO]       OK   n2004-09-23-15:24:57.rf.pcm: sb0:9al
[2026-05-15 12:58:45] [INFO]       OK   n2004-09-27-16:26:46.rf.pcm: sb0:10al
[2026-05-15 12:58:45] [INFO]       OK   n2004-09-27-17:45:24.rf.pcm: sb0:7al
[2026-05-15 12:58:45] [INFO]       OK   n2004-09-27-15:11:26.rf.pcm: sb0:12al
[2026-05-15 12:58:45] [INFO]       OK   n2004-09-27-17:07:47.rf.pcm: sb0:21al
[2026-05-15 12:58:45] [INFO]       OK   n2004-09-27-15:49:06.rf.pcm: sb0:11al
[2026-05-15 12:58:45] [INFO]       SKIP n2004-09-28-20:21:56.rf.pcm: too small (12x128)
[2026-05-15 12:58:45] [INFO]       OK   n2004-09-27-18:28:06.rf.pcm: sb0:17al
[2026-05-15 12:58:45] [INFO]       OK   n2004-09-27-19:48:57.rf.pcm: sb0:6al
[2026-05-15 12:58:45] [INFO]       OK   n2004-09-28-17:50:57.rf.pcm: sb0:18al
[2026-05-15 12:58:45] [INFO]       OK   n2004-09-27-19:05:47.rf.pcm: sb0:22al
[2026-05-15 12:58:45] [INFO]       OK   n2004-09-28-19:06:15.rf.pcm: sb0:20al
[2026-05-15 12:58:45] [INFO]       OK   n2004-09-28-21:10:47.rf.pcm: sb0:12al
[2026-05-15 12:58:45] [INFO]       OK   n2004-09-28-21:48:26.rf.pcm: sb0:8al
[2026-05-15 12:58:45] [INFO]       OK   n2004-09-28-19:44:17.rf.pcm: sb0:21al
[2026-05-15 12:58:45] [INFO]       OK   n2004-09-28-18:28:37.rf.pcm: sb0:16al
[2026-05-15 12:58:45] [INFO]       OK   n2004-10-22-14:20:34.rf.pcm: sb0:21al
[2026-05-15 12:58:45] [INFO]       OK   n2004-10-23-12:32:10.rf.pcm: sb0:15al
[2026-05-15 12:58:45] [INFO]       OK   n2004-10-25-16:50:45.rf.pcm: sb0:15al
[2026-05-15 12:58:45] [INFO]       OK   n2004-10-26-15:24:34.rf.pcm: sb0:10al
[2026-05-15 12:58:45] [INFO]       OK   n2004-10-24-14:05:54.rf.pcm: sb0:3al
[2026-05-15 12:58:45] [INFO]       OK   n2004-10-27-13:16:56.rf.pcm: sb0:9al
[2026-05-15 12:58:45] [INFO]       OK   n2004-10-25-14:07:14.rf.pcm: sb0:26al
[2026-05-15 12:58:45] [INFO]       OK   n2004-10-28-11:09:24.rf.pcm: sb0:17al
[2026-05-15 12:58:45] [INFO]       OK   n2004-10-28-14:05:48.rf.pcm: sb0:14al
[2026-05-15 12:58:45] [INFO]       OK   n2004-10-27-16:22:06.rf.pcm: sb0:10al
[2026-05-15 12:58:45] [INFO]       OK   n2004-11-07-20:14:35.rf.pcm: sb0:12al
[2026-05-15 12:58:45] [INFO]       OK   n2004-11-29-11:16:16.rf.pcm: sb0:2al
[2026-05-15 12:58:45] [INFO]       OK   n2004-10-29-13:41:54.rf.pcm: sb0:14al
[2026-05-15 12:58:45] [INFO]       OK   n2004-11-28-11:13:16.rf.pcm: sb0:8al
[2026-05-15 12:58:45] [INFO]       OK   n2004-12-01-11:52:39.rf.pcm: sb0:17al
[2026-05-15 12:58:45] [INFO]       OK   n2004-11-30-12:01:18.rf.pcm: sb0:32al
[2026-05-15 12:58:45] [INFO]       OK   n2004-11-07-12:59:22.rf.pcm: sb0:21al
[2026-05-15 12:58:45] [INFO]       OK   n2004-12-01-12:42:38.rf.pcm: sb0:7al
[2026-05-15 12:58:45] [INFO]       OK   n2004-12-02-10:40:25.rf.pcm: sb0:16al
[2026-05-15 12:58:45] [INFO]       OK   n2004-12-04-12:50:37.rf.pcm: sb0:44al
[2026-05-15 12:58:45] [INFO]       OK   n2004-12-03-11:07:33.rf.pcm: sb0:11al
[2026-05-15 12:58:45] [INFO]       OK   n2004-11-06-13:40:36.rf.pcm: sb0:31al
[2026-05-15 12:58:45] [INFO]       OK   n2004-12-05-14:46:28.rf.pcm: sb0:12al
[2026-05-15 12:58:45] [INFO]       OK   n2005-01-01-09:39:56.rf.pcm: sb0:4al
[2026-05-15 12:58:45] [INFO]       OK   n2004-12-20-17:29:36.rf.pcm: sb0:14al
[2026-05-15 12:58:45] [INFO]       OK   n2004-12-21-17:25:47.rf.pcm: sb0:5al
[2026-05-15 12:58:45] [INFO]       OK   n2004-11-05-13:32:14.rf.pcm: sb0:111al
[2026-05-15 12:58:45] [INFO]       OK   n2005-01-05-10:20:58.rf.pcm: sb0:0al
[2026-05-15 12:58:45] [INFO]       OK   n2005-01-04-09:13:29.rf.pcm: sb0:19al
[2026-05-15 12:58:45] [INFO]       OK   n2005-01-05-09:31:28.rf.pcm: sb0:12al
[2026-05-15 12:58:45] [INFO]       OK   n2005-01-05-11:43:00.rf.pcm: sb0:26al
[2026-05-15 12:58:45] [INFO]       OK   n2005-01-06-10:18:52.rf.pcm: sb0:5al
[2026-05-15 12:58:45] [INFO]       OK   n2005-01-05-11:04:20.rf.pcm: sb0:16al
[2026-05-15 12:58:45] [INFO]       OK   n2005-01-07-08:57:57.rf.pcm: sb0:4al
[2026-05-15 12:58:45] [INFO]       OK   n2005-01-05-12:22:48.rf.pcm: sb0:17al
[2026-05-15 12:58:45] [INFO]       OK   n2005-01-06-09:46:06.rf.pcm: sb0:16al
[2026-05-15 12:58:45] [INFO]       OK   n2005-01-07-09:24:09.rf.pcm: sb0:5al
[2026-05-15 12:58:45] [INFO]       OK   n2005-01-06-10:51:31.rf.pcm: sb0:23al
[2026-05-15 12:58:45] [INFO]       OK   n2005-02-02-14:49:04.rf.pcm: sb0:1al
[2026-05-15 12:58:45] [INFO]       OK   n2005-01-22-10:27:15.rf.pcm: sb0:7al
[2026-05-15 12:58:45] [INFO]       OK   n2005-01-22-10:58:48.rf.pcm: sb0:11al
[2026-05-15 12:58:45] [INFO]       OK   n2005-01-24-06:53:36.rf.pcm: sb0:8al
[2026-05-15 12:58:45] [INFO]       OK   n2005-02-17-06:52:16.rf.pcm: sb0:9al
[2026-05-15 12:58:45] [INFO]       OK   n2005-03-02-06:39:16.rf.pcm: sb0:14al
[2026-05-15 12:58:45] [INFO]       OK   n2005-03-02-06:01:20.rf.pcm: sb0:9al
[2026-05-15 12:58:45] [INFO]       OK   n2005-03-21-03:07:19.rf.pcm: sb0:6al
[2026-05-15 12:58:45] [INFO]       OK   n2005-03-21-03:50:37.rf.pcm: sb0:6al
[2026-05-15 12:58:45] [INFO]       OK   n2005-02-18-07:37:20.rf.pcm: sb0:43al
[2026-05-15 12:58:45] [INFO]       OK   n2005-02-18-06:27:55.rf.pcm: sb0:56al
[2026-05-15 12:58:45] [INFO]       OK   n2005-03-18-04:11:07.rf.pcm: sb0:42al
[2026-05-15 12:58:45] [INFO]       OK   n2005-03-23-04:51:25.rf.pcm: sb0:37al
[2026-05-15 12:58:45] [INFO]       OK   n2005-04-08-06:30:49.rf.pcm: sb0:16al
[2026-05-15 12:58:45] [INFO]       OK   n2005-04-09-03:14:21.rf.pcm: sb0:8al
[2026-05-15 12:58:45] [INFO]       OK   n2005-03-22-03:59:30.rf.pcm: sb0:46al
[2026-05-15 12:58:45] [INFO]       OK   n2005-03-29-00:59:34.rf.pcm: sb0:73al
[2026-05-15 12:58:45] [INFO]       SKIP n2005-04-16-01:43:48.rf.pcm: too small (11x128)
[2026-05-15 12:58:45] [INFO]       OK   n2005-03-22-07:06:51.rf.pcm: sb0:16al
[2026-05-15 12:58:45] [INFO]       OK   n2005-03-24-03:01:46.rf.pcm: sb0:35al
[2026-05-15 12:58:45] [INFO]       OK   n2005-04-09-05:50:20.rf.pcm: sb0:12al
[2026-05-15 12:58:45] [INFO]       OK   n2005-04-08-03:41:17.rf.pcm: sb0:54al
[2026-05-15 12:58:45] [INFO]       SKIP n2005-04-20-01:52:10.rf.pcm: too small (11x128)
[2026-05-15 12:58:45] [INFO]       SKIP n2005-04-20-02:07:57.rf.pcm: too small (11x128)
[2026-05-15 12:58:45] [INFO]       OK   n2005-04-18-00:20:27.rf.pcm: sb0:8al
[2026-05-15 12:58:45] [INFO]       SKIP n2005-04-20-02:24:43.rf.pcm: too small (11x128)
[2026-05-15 12:58:45] [INFO]       SKIP n2005-04-20-02:40:35.rf.pcm: too small (14x128)
[2026-05-15 12:58:45] [INFO]       OK   n2005-04-16-01:09:50.rf.pcm: sb0:11al
[2026-05-15 12:58:45] [INFO]       OK   n2005-04-18-01:00:59.rf.pcm: sb0:22al
[2026-05-15 12:58:45] [INFO]       OK   n2005-04-16-02:30:51.rf.pcm: sb0:43al
[2026-05-15 12:58:45] [INFO]       OK   n2005-04-22-02:38:44.rf.pcm: sb0:6al
[2026-05-15 12:58:45] [INFO]       OK   n2005-04-17-00:38:49.rf.pcm: sb0:25al
[2026-05-15 12:58:45] [INFO]       OK   n2005-04-18-01:42:29.rf.pcm: sb0:40al
[2026-05-15 12:58:45] [INFO]       OK   n2005-04-18-02:49:39.rf.pcm: sb0:10al
[2026-05-15 12:58:45] [INFO]       OK   n2005-04-24-00:59:28.rf.pcm: sb0:5al
[2026-05-15 12:58:45] [INFO]       SKIP n2005-05-10-07:05:51.rf.pcm: too small (12x128)
[2026-05-15 12:58:45] [INFO]       OK   n2005-04-22-03:20:09.rf.pcm: sb0:38al
[2026-05-15 12:58:45] [INFO]       OK   n2005-04-23-01:56:10.rf.pcm: sb0:36al
[2026-05-15 12:58:45] [INFO]       OK   n2005-05-10-06:18:15.rf.pcm: sb0:12al
[2026-05-15 12:58:45] [INFO]       OK   n2005-04-25-02:08:59.rf.pcm: sb0:9al
[2026-05-15 12:58:45] [INFO]       OK   n2005-05-26-23:07:39.rf.pcm: sb0:10al
[2026-05-15 12:58:45] [INFO]       OK   n2005-05-11-01:26:17.rf.pcm: sb0:14al
[2026-05-15 12:58:45] [INFO]       OK   n2005-04-24-01:50:41.rf.pcm: sb0:42al
[2026-05-15 12:58:45] [INFO]       OK   n2005-05-27-01:30:19.rf.pcm: sb0:4al
[2026-05-15 12:58:45] [INFO]       SKIP n2005-06-11-21:46:03.rf.pcm: too small (13x128)
[2026-05-15 12:58:45] [INFO]       SKIP n2005-06-11-22:24:18.rf.pcm: too small (10x128)
[2026-05-15 12:58:45] [INFO]       SKIP n2005-06-11-23:03:32.rf.pcm: too small (15x128)
[2026-05-15 12:58:45] [INFO]       OK   n2005-05-27-05:38:45.rf.pcm: sb0:18al
[2026-05-15 12:58:45] [INFO]       OK   n2005-05-29-00:06:34.rf.pcm: sb0:5al
[2026-05-15 12:58:45] [INFO]       OK   n2005-04-25-02:47:07.rf.pcm: sb0:68al
[2026-05-15 12:58:45] [INFO]       OK   n2005-06-11-23:49:33.rf.pcm: sb0:3al
[2026-05-15 12:58:45] [INFO]       OK   n2005-06-12-02:40:41.rf.pcm: sb0:3al
[2026-05-15 12:58:45] [INFO]       OK   n2005-05-28-00:14:36.rf.pcm: sb0:44al
[2026-05-15 12:58:45] [INFO]       SKIP n2005-06-29-03:43:22.rf.pcm: too small (11x128)
[2026-05-15 12:58:45] [INFO]       OK   n2005-05-28-01:29:55.rf.pcm: sb0:60al
[2026-05-15 12:58:45] [INFO]       SKIP n2005-06-29-04:20:57.rf.pcm: too small (14x128)
[2026-05-15 12:58:45] [INFO]       SKIP n2005-06-29-04:47:55.rf.pcm: too small (11x128)
[2026-05-15 12:58:45] [INFO]       SKIP n2005-06-29-05:21:57.rf.pcm: too small (10x128)
[2026-05-15 12:58:45] [INFO]       OK   n2005-06-27-05:08:49.rf.pcm: sb0:5al
[2026-05-15 12:58:45] [INFO]       SKIP n2005-07-15-01:17:21.rf.pcm: too small (15x128)
[2026-05-15 12:58:45] [INFO]       SKIP n2005-07-15-01:45:11.rf.pcm: too small (11x128)
[2026-05-15 12:58:45] [INFO]       SKIP n2005-07-16-19:48:55.rf.pcm: too small (11x128)
[2026-05-15 12:58:45] [INFO]       OK   n2005-05-30-23:44:56.rf.pcm: sb0:57al
[2026-05-15 12:58:45] [INFO]       SKIP n2005-07-16-20:26:40.rf.pcm: too small (11x128)
[2026-05-15 12:58:45] [INFO]       SKIP n2005-07-16-20:07:43.rf.pcm: too small (14x128)
[2026-05-15 12:58:45] [INFO]       SKIP n2005-07-16-20:45:26.rf.pcm: too small (14x128)
[2026-05-15 12:58:45] [INFO]       SKIP n2005-07-16-21:04:28.rf.pcm: too small (11x128)
[2026-05-15 12:58:45] [INFO]       OK   n2005-06-12-03:23:42.rf.pcm: sb0:11al
[2026-05-15 12:58:45] [INFO]       OK   n2005-06-28-05:03:39.rf.pcm: sb0:8al
[2026-05-15 12:58:45] [INFO]       OK   n2005-06-02-21:38:10.rf.pcm: sb0:23al
[2026-05-15 12:58:45] [INFO]       OK   n2005-06-29-00:51:59.rf.pcm: sb0:13al
[2026-05-15 12:58:45] [INFO]       OK   n2005-06-29-20:13:29.rf.pcm: sb0:8al
[2026-05-15 12:58:45] [INFO]       OK   n2005-07-14-20:55:07.rf.pcm: sb0:13al
[2026-05-15 12:58:45] [INFO]       SKIP n2005-07-20-21:17:19.rf.pcm: too small (10x128)
[2026-05-15 12:58:45] [INFO]       OK   n2005-07-19-20:19:48.rf.pcm: sb0:7al
[2026-05-15 12:58:45] [INFO]       OK   n2005-07-17-19:35:48.rf.pcm: sb0:6al
[2026-05-15 12:58:45] [INFO]       OK   n2005-07-17-19:02:58.rf.pcm: sb0:15al
[2026-05-15 12:58:45] [INFO]       OK   n2005-07-21-18:36:19.rf.pcm: sb0:12al
[2026-05-15 12:58:45] [INFO]       OK   n2005-07-21-19:14:00.rf.pcm: sb0:7al
[2026-05-15 12:58:45] [INFO]       OK   n2005-07-21-19:51:35.rf.pcm: sb0:8al
[2026-05-15 12:58:45] [INFO]       OK   n2005-07-18-20:13:57.rf.pcm: sb0:5al
[2026-05-15 12:58:45] [INFO]       OK   n2005-07-22-18:30:08.rf.pcm: sb0:6al
[2026-05-15 12:58:45] [INFO]       OK   n2005-07-21-20:29:06.rf.pcm: sb0:25al
[2026-05-15 12:58:45] [INFO]       OK   n2005-07-16-21:37:50.rf.pcm: sb0:87al
[2026-05-15 12:58:45] [INFO]       OK   n2005-07-22-19:07:47.rf.pcm: sb0:5al
[2026-05-15 12:58:45] [INFO]       OK   n2005-07-22-20:23:29.rf.pcm: sb0:13al
[2026-05-15 12:58:45] [INFO]       OK   n2005-07-22-19:45:30.rf.pcm: sb0:12al
[2026-05-15 12:58:45] [INFO]       OK   n2005-07-23-17:46:49.rf.pcm: sb0:18al
[2026-05-15 12:58:45] [INFO]       OK   n2005-07-23-18:24:27.rf.pcm: sb0:9al
[2026-05-15 12:58:45] [INFO]       OK   n2005-07-23-19:02:19.rf.pcm: sb0:14al
[2026-05-15 12:58:46] [INFO]       OK   n2005-07-23-19:40:00.rf.pcm: sb0:22al
[2026-05-15 12:58:46] [INFO]       SKIP n2005-07-24-00:20:09.rf.pcm: too small (15x128)
[2026-05-15 12:58:46] [INFO]       OK   n2005-07-23-20:17:38.rf.pcm: sb0:15al
[2026-05-15 12:58:46] [INFO]       OK   n2005-07-23-22:10:58.rf.pcm: sb0:17al
[2026-05-15 12:58:46] [INFO]       OK   n2005-07-23-20:55:17.rf.pcm: sb0:29al
[2026-05-15 12:58:46] [INFO]       OK   n2005-07-20-19:09:35.rf.pcm: sb0:90al
[2026-05-15 12:58:46] [INFO]       SKIP n2005-07-24-03:24:50.rf.pcm: too small (13x128)
[2026-05-15 12:58:46] [INFO]       OK   n2005-07-23-21:33:08.rf.pcm: sb0:19al
[2026-05-15 12:58:46] [INFO]       OK   n2005-07-23-23:42:28.rf.pcm: sb0:26al
[2026-05-15 12:58:46] [INFO]       OK   n2005-07-23-22:48:42.rf.pcm: sb0:17al
[2026-05-15 12:58:46] [INFO]       OK   n2005-07-24-00:54:08.rf.pcm: sb0:26al
[2026-05-15 12:58:46] [INFO]       OK   n2005-07-24-02:09:32.rf.pcm: sb0:17al
[2026-05-15 12:58:46] [INFO]       OK   n2005-07-24-01:31:49.rf.pcm: sb0:12al
[2026-05-15 12:58:46] [INFO]       OK   n2005-07-24-02:47:09.rf.pcm: sb0:9al
[2026-05-15 12:58:46] [INFO]       OK   n2005-07-24-17:51:09.rf.pcm: sb0:11al
[2026-05-15 12:58:46] [INFO]       OK   n2005-07-24-18:28:50.rf.pcm: sb0:12al
[2026-05-15 12:58:46] [INFO]       OK   n2005-07-24-19:06:29.rf.pcm: sb0:7al
[2026-05-15 12:58:46] [INFO]       OK   n2005-07-24-22:55:39.rf.pcm: sb0:14al
[2026-05-15 12:58:46] [INFO]       OK   n2005-07-24-19:44:07.rf.pcm: sb0:4al
[2026-05-15 12:58:46] [INFO]       OK   n2005-07-24-20:24:06.rf.pcm: sb0:7al
[2026-05-15 12:58:46] [INFO]       OK   n2005-07-24-21:40:09.rf.pcm: sb0:24al
[2026-05-15 12:58:46] [INFO]       OK   n2005-07-24-22:17:50.rf.pcm: sb0:13al
[2026-05-15 12:58:46] [INFO]       OK   n2005-07-24-21:02:30.rf.pcm: sb0:11al
[2026-05-15 12:58:46] [INFO]       OK   n2005-07-25-01:26:39.rf.pcm: sb0:20al
[2026-05-15 12:58:46] [INFO]       SKIP n2005-08-01-00:50:14.rf.pcm: too small (12x128)
[2026-05-15 12:58:46] [INFO]       OK   n2005-07-25-00:48:58.rf.pcm: sb0:11al
[2026-05-15 12:58:46] [INFO]       OK   n2005-07-25-02:04:20.rf.pcm: sb0:7al
[2026-05-15 12:58:46] [INFO]       OK   n2005-07-25-00:11:22.rf.pcm: sb0:11al
[2026-05-15 12:58:46] [INFO]       OK   n2005-07-24-23:33:30.rf.pcm: sb0:8al
[2026-05-15 12:58:46] [INFO]       OK   n2005-07-25-02:41:58.rf.pcm: sb0:10al
[2026-05-15 12:58:46] [INFO]       OK   n2005-07-31-17:45:18.rf.pcm: sb0:10al
[2026-05-15 12:58:46] [INFO]       OK   n2005-07-31-17:06:58.rf.pcm: sb0:6al
[2026-05-15 12:58:46] [INFO]       OK   n2005-08-01-01:40:18.rf.pcm: sb0:3al
[2026-05-15 12:58:46] [INFO]       OK   n2005-08-03-17:12:14.rf.pcm: sb0:7al
[2026-05-15 12:58:46] [INFO]       OK   n2005-08-03-17:50:27.rf.pcm: sb0:5al
[2026-05-15 12:58:46] [INFO]       OK   n2005-08-01-01:07:37.rf.pcm: sb0:24al
[2026-05-15 12:58:46] [INFO]       OK   n2005-08-03-22:28:00.rf.pcm: sb0:5al
[2026-05-15 12:58:46] [INFO]       SKIP n2005-08-27-17:48:54.rf.pcm: too small (12x128)
[2026-05-15 12:58:46] [INFO]       OK   n2005-08-23-17:55:47.rf.pcm: sb0:31al
[2026-05-15 12:58:46] [INFO]       OK   n2005-08-23-16:47:13.rf.pcm: sb0:60al
[2026-05-15 12:58:46] [INFO]       OK   n2005-08-23-16:07:20.rf.pcm: sb0:17al
[2026-05-15 12:58:46] [INFO]       OK   n2005-08-23-21:32:26.rf.pcm: sb0:78al
[2026-05-15 12:58:46] [INFO]       OK   n2005-08-24-19:50:46.rf.pcm: sb0:34al
[2026-05-15 12:58:46] [INFO]       OK   n2005-09-01-15:57:22.rf.pcm: sb0:25al
[2026-05-15 12:58:46] [INFO]       OK   n2005-09-01-16:34:30.rf.pcm: sb0:36al
[2026-05-15 12:58:46] [INFO]       OK   n2005-09-01-17:10:31.rf.pcm: sb0:6al
[2026-05-15 12:58:46] [INFO]       OK   n2005-09-01-15:21:14.rf.pcm: sb0:28al
[2026-05-15 12:58:46] [INFO]       OK   n2005-09-01-14:45:14.rf.pcm: sb0:36al
[2026-05-15 12:58:46] [INFO]       OK   n2005-08-25-18:25:15.rf.pcm: sb0:63al
[2026-05-15 12:58:46] [INFO]       OK   n2005-08-24-20:59:30.rf.pcm: sb0:48al
[2026-05-15 12:58:46] [INFO]       OK   n2005-09-01-17:46:49.rf.pcm: sb0:34al
[2026-05-15 12:58:46] [INFO]       OK   n2005-09-01-18:23:27.rf.pcm: sb0:24al
[2026-05-15 12:58:46] [INFO]       SKIP n2005-09-03-17:09:35.rf.pcm: too small (14x128)
[2026-05-15 12:58:46] [INFO]       OK   n2005-09-01-20:48:57.rf.pcm: sb0:3al
[2026-05-15 12:58:46] [INFO]       OK   n2005-09-01-19:00:04.rf.pcm: sb0:24al
[2026-05-15 12:58:46] [INFO]       OK   n2005-09-01-19:36:12.rf.pcm: sb0:36al
[2026-05-15 12:58:46] [INFO]       OK   n2005-09-01-20:12:39.rf.pcm: sb0:35al
[2026-05-15 12:58:46] [INFO]       OK   n2005-09-07-16:29:40.rf.pcm: sb0:7al
[2026-05-15 12:58:46] [INFO]       OK   n2005-09-02-19:48:22.rf.pcm: sb0:14al
[2026-05-15 12:58:46] [INFO]       OK   n2005-09-02-17:54:41.rf.pcm: sb0:19al
[2026-05-15 12:58:46] [INFO]       OK   n2005-09-03-19:18:22.rf.pcm: sb0:32al
[2026-05-15 12:58:46] [INFO]       OK   n2005-09-07-17:05:30.rf.pcm: sb0:4al
[2026-05-15 12:58:46] [INFO]       SKIP n2005-09-07-21:08:42.rf.pcm: too small (11x128)
[2026-05-15 12:58:46] [INFO]       OK   n2005-09-07-18:54:32.rf.pcm: sb0:21al
[2026-05-15 12:58:46] [INFO]       OK   n2005-09-07-15:53:22.rf.pcm: sb0:9al
[2026-05-15 12:58:46] [INFO]       OK   n2005-09-03-20:37:02.rf.pcm: sb0:34al
[2026-05-15 12:58:46] [INFO]       OK   n2005-09-07-19:30:13.rf.pcm: sb0:14al
[2026-05-15 12:58:46] [INFO]       OK   n2005-09-07-18:18:52.rf.pcm: sb0:9al
[2026-05-15 12:58:46] [INFO]       OK   n2005-09-07-21:30:49.rf.pcm: sb0:4al
[2026-05-15 12:58:46] [INFO]       OK   n2005-09-07-20:05:54.rf.pcm: sb0:5al
[2026-05-15 12:58:46] [INFO]       OK   n2005-09-07-22:06:32.rf.pcm: sb0:15al
[2026-05-15 12:58:46] [INFO]       SKIP n2005-10-03-21:34:12.rf.pcm: too small (14x128)
[2026-05-15 12:58:46] [INFO]       OK   n2005-09-07-17:41:52.rf.pcm: sb0:8al
[2026-05-15 12:58:46] [INFO]       OK   n2005-09-07-22:42:52.rf.pcm: sb0:30al
[2026-05-15 12:58:46] [INFO]       OK   n2005-10-02-20:51:12.rf.pcm: sb0:12al
[2026-05-15 12:58:46] [INFO]       OK   n2005-10-03-21:49:59.rf.pcm: sb0:6al
[2026-05-15 12:58:46] [INFO]       OK   n2005-10-02-20:14:42.rf.pcm: sb0:10al
[2026-05-15 12:58:46] [INFO]       OK   n2005-09-08-00:11:50.rf.pcm: sb0:15al
[2026-05-15 12:58:46] [INFO]       OK   n2005-10-03-22:45:00.rf.pcm: sb0:23al
[2026-05-15 12:58:46] [INFO]       OK   n2005-10-03-22:09:30.rf.pcm: sb0:7al
[2026-05-15 12:58:46] [INFO]       OK   n2005-09-07-23:35:56.rf.pcm: sb0:6al
[2026-05-15 12:58:46] [INFO]       OK   n2005-10-03-15:22:02.rf.pcm: sb0:35al
[2026-05-15 12:58:46] [INFO]       OK   n2005-10-04-17:14:01.rf.pcm: sb0:9al
[2026-05-15 12:58:46] [INFO]       OK   n2005-10-04-16:06:40.rf.pcm: sb0:12al
[2026-05-15 12:58:46] [INFO]       OK   n2005-10-04-18:21:22.rf.pcm: sb0:6al
[2026-05-15 12:58:46] [INFO]       SKIP n2005-10-16-17:24:31.rf.pcm: too small (10x128)
[2026-05-15 12:58:46] [INFO]       OK   n2005-10-04-22:33:30.rf.pcm: sb0:16al
[2026-05-15 12:58:46] [INFO]       OK   n2005-10-16-17:56:33.rf.pcm: sb0:14al
[2026-05-15 12:58:46] [INFO]       OK   n2005-10-16-21:12:12.rf.pcm: sb0:16al
[2026-05-15 12:58:46] [INFO]       OK   n2005-10-04-20:36:02.rf.pcm: sb0:10al
[2026-05-15 12:58:46] [INFO]       OK   n2005-10-04-14:59:20.rf.pcm: sb0:30al
[2026-05-15 12:58:46] [INFO]       OK   n2005-10-04-13:52:02.rf.pcm: sb0:20al
[2026-05-15 12:58:46] [INFO]       OK   n2005-10-04-19:28:44.rf.pcm: sb0:32al
[2026-05-15 12:58:46] [INFO]       OK   n2005-10-17-14:54:39.rf.pcm: sb0:11al
[2026-05-15 12:58:46] [INFO]       OK   n2005-11-11-18:14:01.rf.pcm: sb0:5al
[2026-05-15 12:58:46] [INFO]       OK   n2005-10-04-12:44:39.rf.pcm: sb0:218al
[2026-05-15 12:58:46] [INFO]       OK   n2005-10-04-21:43:22.rf.pcm: sb0:148al
[2026-05-15 12:58:46] [INFO]       OK   n2005-11-11-12:06:43.rf.pcm: sb0:67al
[2026-05-15 12:58:46] [INFO]       OK   n2005-11-11-13:17:11.rf.pcm: sb0:78al
[2026-05-15 12:58:46] [INFO]       OK   n2005-11-11-14:51:01.rf.pcm: sb0:69al
[2026-05-15 12:58:46] [INFO]       OK   n2005-11-11-20:08:29.rf.pcm: sb0:21al
[2026-05-15 12:58:46] [INFO]       OK   n2005-11-11-17:06:13.rf.pcm: sb0:67al
[2026-05-15 12:58:46] [INFO]       OK   n2005-11-14-12:17:49.rf.pcm: sb0:39al
[2026-05-15 12:58:46] [INFO]       OK   n2005-11-13-11:30:41.rf.pcm: sb0:56al
[2026-05-15 12:58:46] [INFO]       OK   n2005-11-13-12:50:29.rf.pcm: sb0:70al
[2026-05-15 12:58:46] [INFO]       OK   n2005-11-11-15:58:41.rf.pcm: sb0:81al
[2026-05-15 12:58:46] [INFO]       OK   n2005-11-13-16:25:49.rf.pcm: sb0:64al
[2026-05-15 12:58:46] [INFO]       OK   n2005-11-14-14:13:21.rf.pcm: sb0:16al
[2026-05-15 12:58:46] [INFO]       OK   n2005-11-12-13:44:21.rf.pcm: sb0:83al
[2026-05-15 12:58:46] [INFO]       SKIP n2005-12-20-12:30:25.rf.pcm: too small (11x128)
[2026-05-15 12:58:46] [INFO]       OK   n2005-11-14-16:42:20.rf.pcm: sb0:7al
[2026-05-15 12:58:46] [INFO]       SKIP n2005-12-21-09:58:10.rf.pcm: too small (14x128)
[2026-05-15 12:58:46] [INFO]       OK   n2005-12-21-10:14:52.rf.pcm: sb0:2al
[2026-05-15 12:58:46] [INFO]       OK   n2005-11-11-19:01:13.rf.pcm: sb0:24al
[2026-05-15 12:58:46] [INFO]       OK   n2005-12-01-11:33:09.rf.pcm: sb0:27al
[2026-05-15 12:58:46] [INFO]       OK   n2005-11-30-12:04:39.rf.pcm: sb0:67al
[2026-05-15 12:58:46] [INFO]       OK   n2005-12-20-13:04:21.rf.pcm: sb0:34al
[2026-05-15 12:58:46] [INFO]       OK   n2005-12-01-12:41:51.rf.pcm: sb0:50al
[2026-05-15 12:58:46] [INFO]       OK   n2005-11-29-14:39:21.rf.pcm: sb0:39al
[2026-05-15 12:58:46] [INFO]       OK   n2005-12-22-17:33:41.rf.pcm: sb0:13al
[2026-05-15 12:58:46] [INFO]       OK   n2005-12-20-14:10:41.rf.pcm: sb0:30al
[2026-05-15 12:58:46] [INFO]       OK   n2005-12-21-10:35:29.rf.pcm: sb0:61al
[2026-05-15 12:58:46] [INFO]       OK   n2005-12-21-12:51:35.rf.pcm: sb0:53al
[2026-05-15 12:58:46] [INFO]       OK   n2005-12-22-16:18:49.rf.pcm: sb0:50al
[2026-05-15 12:58:47] [INFO]       OK   n2005-12-21-11:43:02.rf.pcm: sb0:78al
[2026-05-15 12:58:47] [INFO]       OK   n2006-01-04-07:01:11.rf.pcm: sb0:23al
[2026-05-15 12:58:47] [INFO]       OK   n2005-12-23-10:38:09.rf.pcm: sb0:83al
[2026-05-15 12:58:47] [INFO]       OK   n2006-01-02-12:33:01.rf.pcm: sb0:7al
[2026-05-15 12:58:47] [INFO]       OK   n2005-12-23-14:03:22.rf.pcm: sb0:41al
[2026-05-15 12:58:47] [INFO]       OK   n2005-12-23-08:23:01.rf.pcm: sb0:59al
[2026-05-15 12:58:47] [INFO]       SKIP n2006-02-01-05:29:00.rf.pcm: too small (15x128)
[2026-05-15 12:58:47] [INFO]       OK   n2005-12-23-09:30:22.rf.pcm: sb0:56al
[2026-05-15 12:58:47] [INFO]       OK   n2006-01-03-10:28:19.rf.pcm: sb0:58al
[2026-05-15 12:58:47] [INFO]       OK   n2006-01-31-08:40:09.rf.pcm: sb0:8al
[2026-05-15 12:58:47] [INFO]       OK   n2006-01-04-07:42:01.rf.pcm: sb0:43al
[2026-05-15 12:58:47] [INFO]       OK   n2006-01-04-11:15:01.rf.pcm: sb0:30al
[2026-05-15 12:58:47] [INFO]       OK   n2006-01-04-08:55:51.rf.pcm: sb0:21al
[2026-05-15 12:58:47] [INFO]       OK   n2006-01-31-09:17:01.rf.pcm: sb0:36al
[2026-05-15 12:58:47] [INFO]       OK   n2006-02-02-07:11:11.rf.pcm: sb0:31al
[2026-05-15 12:58:47] [INFO]       OK   n2006-02-01-05:55:02.rf.pcm: sb0:52al
[2026-05-15 12:58:47] [INFO]       OK   n2006-02-08-13:31:30.rf.pcm: sb0:47al
[2026-05-15 12:58:47] [INFO]       OK   n2006-02-10-07:35:19.rf.pcm: sb0:53al
[2026-05-15 12:58:47] [INFO]       OK   n2006-02-09-09:48:01.rf.pcm: sb0:62al
[2026-05-15 12:58:47] [INFO]       OK   n2006-02-11-07:54:00.rf.pcm: sb0:35al
[2026-05-15 12:58:47] [INFO]       OK   n2006-02-12-07:24:39.rf.pcm: sb0:33al
[2026-05-15 12:58:47] [INFO]       OK   n2006-02-10-08:42:50.rf.pcm: sb0:60al
[2026-05-15 12:58:47] [INFO]       OK   n2006-02-11-09:03:41.rf.pcm: sb0:63al
[2026-05-15 12:58:47] [INFO]       OK   n2006-02-12-13:30:39.rf.pcm: sb0:26al
[2026-05-15 12:58:47] [INFO]       OK   n2006-03-02-09:45:31.rf.pcm: sb0:45al
[2026-05-15 12:58:47] [INFO]       OK   n2006-03-02-06:07:29.rf.pcm: sb0:38al
[2026-05-15 12:58:47] [INFO]       OK   n2006-03-04-08:57:41.rf.pcm: sb0:63al
[2026-05-15 12:58:47] [INFO]       OK   n2006-03-04-03:41:03.rf.pcm: sb0:87al
[2026-05-15 12:58:47] [INFO]       SKIP n2006-03-23-06:00:20.rf.pcm: too small (14x128)
[2026-05-15 12:58:47] [INFO]       OK   n2006-03-06-05:03:51.rf.pcm: sb0:26al
[2026-05-15 12:58:47] [INFO]       OK   n2006-03-22-01:37:50.rf.pcm: sb0:42al
[2026-05-15 12:58:47] [INFO]       OK   n2006-03-22-03:05:31.rf.pcm: sb0:39al
[2026-05-15 12:58:47] [INFO]       OK   n2006-03-22-04:01:58.rf.pcm: sb0:24al
[2026-05-15 12:58:47] [INFO]       OK   n2006-03-23-04:42:30.rf.pcm: sb0:20al
[2026-05-15 12:58:47] [INFO]       OK   n2006-03-22-05:46:41.rf.pcm: sb0:55al
[2026-05-15 12:58:47] [INFO]       OK   n2006-03-23-06:19:30.rf.pcm: sb0:9al
[2026-05-15 12:58:47] [INFO]       OK   n2006-03-25-04:11:56.rf.pcm: sb0:53al
[2026-05-15 12:58:47] [INFO]       OK   n2006-03-24-05:13:30.rf.pcm: sb0:76al
[2026-05-15 12:58:47] [INFO]       OK   n2006-03-24-04:06:00.rf.pcm: sb0:82al
[2026-05-15 12:58:47] [INFO]       SKIP n2006-04-10-05:11:41.rf.pcm: too small (13x128)
[2026-05-15 12:58:47] [INFO]       OK   n2006-03-26-04:15:29.rf.pcm: sb0:62al
[2026-05-15 12:58:47] [INFO]       OK   n2006-03-26-03:08:12.rf.pcm: sb0:62al
[2026-05-15 12:58:47] [INFO]       OK   n2006-04-07-03:04:32.rf.pcm: sb0:34al
[2026-05-15 12:58:47] [INFO]       OK   n2006-04-08-03:18:31.rf.pcm: sb0:23al
[2026-05-15 12:58:47] [INFO]       OK   n2006-04-10-05:32:33.rf.pcm: sb0:21al
[2026-05-15 12:58:47] [INFO]       OK   n2006-04-09-01:31:53.rf.pcm: sb0:54al
[2026-05-15 12:58:47] [INFO]       OK   n2006-04-11-04:30:40.rf.pcm: sb0:7al
[2026-05-15 12:58:47] [INFO]       OK   n2006-04-11-05:10:39.rf.pcm: sb0:6al
[2026-05-15 12:58:47] [INFO]       OK   n2006-04-09-04:08:51.rf.pcm: sb0:51al
[2026-05-15 12:58:47] [INFO]       SKIP n2006-04-24-03:48:09.rf.pcm: too small (11x128)
[2026-05-15 12:58:47] [INFO]       OK   n2006-04-09-02:39:19.rf.pcm: sb0:83al
[2026-05-15 12:58:47] [INFO]       OK   n2006-04-21-03:34:39.rf.pcm: sb0:20al
[2026-05-15 12:58:47] [INFO]       OK   n2006-04-21-06:56:41.rf.pcm: sb0:35al
[2026-05-15 12:58:47] [INFO]       OK   n2006-04-23-02:57:39.rf.pcm: sb0:48al
[2026-05-15 12:58:47] [INFO]       OK   n2006-05-08-23:06:40.rf.pcm: sb0:9al
[2026-05-15 12:58:47] [INFO]       OK   n2006-04-22-02:25:29.rf.pcm: sb0:68al
[2026-05-15 12:58:47] [INFO]       OK   n2006-05-08-23:43:21.rf.pcm: sb0:23al
[2026-05-15 12:58:47] [INFO]       OK   n2006-04-22-05:21:03.rf.pcm: sb0:71al
[2026-05-15 12:58:47] [INFO]       OK   n2006-05-09-01:09:49.rf.pcm: sb0:24al
[2026-05-15 12:58:47] [INFO]       OK   n2006-05-09-01:48:22.rf.pcm: sb0:17al
[2026-05-15 12:58:47] [INFO]       OK   n2006-05-09-00:26:29.rf.pcm: sb0:17al
[2026-05-15 12:58:47] [INFO]       OK   n2006-05-09-04:39:52.rf.pcm: sb0:1al
[2026-05-15 12:58:47] [INFO]       OK   n2006-04-23-04:15:19.rf.pcm: sb0:69al
[2026-05-15 12:58:47] [INFO]       OK   n2006-05-09-03:23:43.rf.pcm: sb0:11al
[2026-05-15 12:58:47] [INFO]       OK   n2006-05-09-04:03:42.rf.pcm: sb0:37al
[2026-05-15 12:58:47] [INFO]       OK   n2006-05-27-23:15:41.rf.pcm: sb0:2al
[2026-05-15 12:58:47] [INFO]       OK   n2006-05-09-02:25:11.rf.pcm: sb0:37al
[2026-05-15 12:58:47] [INFO]       OK   n2006-05-10-01:52:40.rf.pcm: sb0:19al
[2026-05-15 12:58:47] [INFO]       OK   n2006-05-26-23:39:30.rf.pcm: sb0:24al
[2026-05-15 12:58:47] [INFO]       OK   n2006-05-27-00:42:55.rf.pcm: sb0:32al
[2026-05-15 12:58:47] [INFO]       OK   n2006-05-25-06:43:55.rf.pcm: sb0:19al
[2026-05-15 12:58:47] [INFO]       OK   n2006-05-28-03:33:19.rf.pcm: sb0:5al
[2026-05-15 12:58:47] [INFO]       OK   n2006-05-26-03:20:21.rf.pcm: sb0:53al
[2026-05-15 12:58:47] [INFO]       OK   n2006-05-29-21:47:41.rf.pcm: sb0:3al
[2026-05-15 12:58:47] [INFO]       OK   n2006-06-14-21:37:31.rf.pcm: sb0:8al
[2026-05-15 12:58:47] [INFO]       OK   n2006-05-27-23:46:19.rf.pcm: sb0:61al
[2026-05-15 12:58:47] [INFO]       OK   n2006-06-14-23:35:33.rf.pcm: sb0:6al
[2026-05-15 12:58:47] [INFO]       OK   n2006-05-28-02:26:13.rf.pcm: sb0:36al
[2026-05-15 12:58:47] [INFO]       OK   n2006-05-28-04:11:21.rf.pcm: sb0:56al
[2026-05-15 12:58:47] [INFO]       OK   n2006-06-13-23:47:12.rf.pcm: sb0:39al
[2026-05-15 12:58:47] [INFO]       OK   n2006-06-15-00:40:07.rf.pcm: sb0:27al
[2026-05-15 12:58:47] [INFO]       OK   n2006-06-16-22:38:09.rf.pcm: sb0:3al
[2026-05-15 12:58:47] [INFO]       OK   n2006-06-15-23:08:01.rf.pcm: sb0:83al
[2026-05-15 12:58:47] [INFO]       OK   n2006-06-15-20:55:51.rf.pcm: sb0:81al
[2026-05-15 12:58:47] [INFO]       OK   n2006-06-15-22:03:09.rf.pcm: sb0:74al
[2026-05-15 12:58:47] [INFO]       OK   n2006-06-16-02:37:11.rf.pcm: sb0:14al
[2026-05-15 12:58:47] [INFO]       OK   n2006-06-16-01:20:23.rf.pcm: sb0:59al
[2026-05-15 12:58:47] [INFO]       OK   n2006-06-16-00:13:02.rf.pcm: sb0:38al
[2026-05-15 12:58:47] [INFO]       OK   n2006-06-16-20:46:41.rf.pcm: sb0:17al
[2026-05-15 12:58:47] [INFO]       SKIP n2006-06-20-23:36:12.rf.pcm: too small (15x128)
[2026-05-15 12:58:47] [INFO]       OK   n2006-06-17-22:02:39.rf.pcm: sb0:3al
[2026-05-15 12:58:47] [INFO]       OK   n2006-06-17-22:53:51.rf.pcm: sb0:33al
[2026-05-15 12:58:47] [INFO]       OK   n2006-06-20-22:26:59.rf.pcm: sb0:5al
[2026-05-15 12:58:47] [INFO]       OK   n2006-06-17-20:56:21.rf.pcm: sb0:33al
[2026-05-15 12:58:47] [INFO]       OK   n2006-06-19-22:18:43.rf.pcm: sb0:33al
[2026-05-15 12:58:47] [INFO]       OK   n2006-06-19-21:15:51.rf.pcm: sb0:42al
[2026-05-15 12:58:47] [INFO]       OK   n2006-06-18-22:03:49.rf.pcm: sb0:50al
[2026-05-15 12:58:47] [INFO]       OK   n2006-07-01-20:28:50.rf.pcm: sb0:21al
[2026-05-15 12:58:47] [INFO]       OK   n2006-06-30-18:56:50.rf.pcm: sb0:40al
[2026-05-15 12:58:47] [INFO]       OK   n2006-07-03-22:11:52.rf.pcm: sb0:3al
[2026-05-15 12:58:47] [INFO]       OK   n2006-07-03-22:44:18.rf.pcm: sb0:7al
[2026-05-15 12:58:47] [INFO]       OK   n2006-07-01-19:23:21.rf.pcm: sb0:43al
[2026-05-15 12:58:47] [INFO]       OK   n2006-07-02-03:52:17.rf.pcm: sb0:38al
[2026-05-15 12:58:47] [INFO]       OK   n2006-07-04-00:46:02.rf.pcm: sb0:8al
[2026-05-15 12:58:47] [INFO]       OK   n2006-07-02-23:25:51.rf.pcm: sb0:32al
[2026-05-15 12:58:47] [INFO]       OK   n2006-07-03-00:31:42.rf.pcm: sb0:58al
[2026-05-15 12:58:47] [INFO]       OK   n2006-07-03-01:37:38.rf.pcm: sb0:61al
[2026-05-15 12:58:47] [INFO]       OK   n2006-07-03-23:40:12.rf.pcm: sb0:16al
[2026-05-15 12:58:47] [INFO]       OK   n2006-07-15-23:05:22.rf.pcm: sb0:31al
[2026-05-15 12:58:47] [INFO]       OK   n2006-07-15-21:55:22.rf.pcm: sb0:32al
[2026-05-15 12:58:47] [INFO]       OK   n2006-07-24-18:46:39.rf.pcm: sb0:51al
[2026-05-15 12:58:47] [INFO]       OK   n2006-07-24-19:52:01.rf.pcm: sb0:24al
[2026-05-15 12:58:47] [INFO]       OK   n2006-07-16-00:13:32.rf.pcm: sb0:37al
[2026-05-15 12:58:47] [INFO]       OK   n2006-07-24-19:17:36.rf.pcm: sb0:66al
[2026-05-15 12:58:47] [INFO]       OK   n2006-07-24-20:10:22.rf.pcm: sb0:25al
[2026-05-15 12:58:47] [INFO]       OK   n2006-07-16-23:19:52.rf.pcm: sb0:42al
[2026-05-15 12:58:47] [INFO]       SKIP n2006-07-27-20:44:24.rf.pcm: too small (10x128)
[2026-05-15 12:58:47] [INFO]       OK   n2006-07-26-19:59:59.rf.pcm: sb0:45al
[2026-05-15 12:58:47] [INFO]       OK   n2006-07-24-17:24:06.rf.pcm: sb0:130al
[2026-05-15 12:58:47] [INFO]       OK   n2006-07-26-23:50:30.rf.pcm: sb0:77al
[2026-05-15 12:58:47] [INFO]       OK   n2006-07-25-19:38:14.rf.pcm: sb0:141al
[2026-05-15 12:58:47] [INFO]       OK   n2006-07-25-18:32:37.rf.pcm: sb0:141al
[2026-05-15 12:58:47] [INFO]       OK   n2006-07-26-18:57:55.rf.pcm: sb0:132al
[2026-05-15 12:58:47] [INFO]       OK   n2006-07-26-17:53:03.rf.pcm: sb0:132al
[2026-05-15 12:58:47] [INFO]       OK   n2006-08-07-17:18:01.rf.pcm: sb0:25al
[2026-05-15 12:58:47] [INFO]       OK   n2006-08-07-18:23:01.rf.pcm: sb0:37al
[2026-05-15 12:58:47] [INFO]       OK   n2006-08-08-17:06:41.rf.pcm: sb0:23al
[2026-05-15 12:58:47] [INFO]       OK   n2006-08-08-19:09:49.rf.pcm: sb0:20al
[2026-05-15 12:58:47] [INFO]       OK   n2006-08-09-20:37:11.rf.pcm: sb0:49al
[2026-05-15 12:58:47] [INFO]       OK   n2006-08-09-19:36:49.rf.pcm: sb0:60al
[2026-05-15 12:58:47] [INFO]       OK   n2006-08-10-16:24:01.rf.pcm: sb0:60al
[2026-05-15 12:58:47] [INFO]       OK   n2006-08-18-18:51:41.rf.pcm: sb0:8al
[2026-05-15 12:58:47] [INFO]       OK   n2006-08-10-19:48:31.rf.pcm: sb0:59al
[2026-05-15 12:58:47] [INFO]       OK   n2006-08-18-16:48:21.rf.pcm: sb0:37al
[2026-05-15 12:58:47] [INFO]       OK   n2006-08-18-17:50:01.rf.pcm: sb0:33al
[2026-05-15 12:58:47] [INFO]       OK   n2006-08-19-17:44:39.rf.pcm: sb0:38al
[2026-05-15 12:58:47] [INFO]       OK   n2006-08-18-19:32:01.rf.pcm: sb0:82al
[2026-05-15 12:58:47] [INFO]       OK   n2006-09-15-17:50:31.rf.pcm: sb0:53al
[2026-05-15 12:58:47] [INFO]       OK   n2006-08-18-20:39:21.rf.pcm: sb0:60al
[2026-05-15 12:58:47] [INFO]       OK   n2006-08-19-20:40:31.rf.pcm: sb0:31al
[2026-05-15 12:58:47] [INFO]       OK   n2006-09-15-16:49:59.rf.pcm: sb0:60al
[2026-05-15 12:58:47] [INFO]       OK   n2006-09-15-18:51:01.rf.pcm: sb0:49al
[2026-05-15 12:58:47] [INFO]       OK   n2006-10-05-16:01:01.rf.pcm: sb0:3al
[2026-05-15 12:58:47] [INFO]       OK   n2006-09-15-19:58:41.rf.pcm: sb0:46al
[2026-05-15 12:58:47] [INFO]       OK   n2006-10-05-18:48:31.rf.pcm: sb0:4al
[2026-05-15 12:58:47] [INFO]       OK   n2006-10-05-20:56:21.rf.pcm: sb0:4al
[2026-05-15 12:58:47] [INFO]       OK   n2006-09-16-16:11:49.rf.pcm: sb0:65al
[2026-05-15 12:58:47] [INFO]       OK   n2006-09-16-17:09:59.rf.pcm: sb0:55al
[2026-05-15 12:58:47] [INFO]       OK   n2006-10-03-15:04:39.rf.pcm: sb0:37al
[2026-05-15 12:58:47] [INFO]       OK   n2006-10-04-17:45:51.rf.pcm: sb0:96al
[2026-05-15 12:58:47] [INFO]       OK   n2006-10-04-18:58:39.rf.pcm: sb0:93al
[2026-05-15 12:58:47] [INFO]       OK   n2006-10-18-16:54:31.rf.pcm: sb0:32al
[2026-05-15 12:58:47] [INFO]       OK   n2006-10-18-18:36:53.rf.pcm: sb0:25al
[2026-05-15 12:58:47] [INFO]       OK   n2006-10-19-12:36:11.rf.pcm: sb0:42al
[2026-05-15 12:58:47] [INFO]       OK   n2006-10-19-17:07:54.rf.pcm: sb0:76al
[2026-05-15 12:58:47] [INFO]       OK   n2006-11-01-14:39:11.rf.pcm: sb0:38al
[2026-05-15 12:58:47] [INFO]       OK   n2006-11-02-19:21:41.rf.pcm: sb0:49al
[2026-05-15 12:58:47] [INFO]       OK   n2006-10-19-18:28:52.rf.pcm: sb0:43al
[2026-05-15 12:58:47] [INFO]       OK   n2006-10-19-21:14:19.rf.pcm: sb0:24al
[2026-05-15 12:58:47] [INFO]       SKIP n2006-12-17-13:22:11.rf.pcm: too small (12x128)
[2026-05-15 12:58:47] [INFO]       SKIP n2006-12-17-14:31:21.rf.pcm: too small (15x128)
[2026-05-15 12:58:47] [INFO]       SKIP n2006-12-17-16:19:39.rf.pcm: too small (15x128)
[2026-05-15 12:58:47] [INFO]       OK   n2006-12-16-10:06:39.rf.pcm: sb0:5al
[2026-05-15 12:58:47] [INFO]       OK   n2006-12-17-11:38:49.rf.pcm: sb0:5al
[2026-05-15 12:58:47] [INFO]       OK   n2006-11-03-19:48:40.rf.pcm: sb0:25al
[2026-05-15 12:58:47] [INFO]       OK   n2006-12-16-08:24:01.rf.pcm: sb0:14al
[2026-05-15 12:58:47] [INFO]       OK   n2006-12-17-17:55:31.rf.pcm: sb0:0al
[2026-05-15 12:58:47] [INFO]       OK   n2006-11-04-17:14:12.rf.pcm: sb0:47al
[2026-05-15 12:58:48] [INFO]       OK   n2006-12-16-10:32:09.rf.pcm: sb0:27al
[2026-05-15 12:58:48] [INFO]       OK   n2006-12-17-08:43:41.rf.pcm: sb0:41al
[2026-05-15 12:58:48] [INFO]       OK   n2006-12-25-12:39:21.rf.pcm: sb0:6al
[2026-05-15 12:58:48] [INFO]       OK   n2006-12-26-13:55:41.rf.pcm: sb0:7al
[2026-05-15 12:58:48] [INFO]       OK   n2006-12-25-10:14:19.rf.pcm: sb0:35al
[2026-05-15 12:58:48] [INFO]       OK   n2006-12-25-11:21:40.rf.pcm: sb0:64al
[2026-05-15 12:58:48] [INFO]       OK   n2006-12-25-13:46:09.rf.pcm: sb0:35al
[2026-05-15 12:58:48] [INFO]       OK   n2006-12-18-12:23:51.rf.pcm: sb0:67al
[2026-05-15 12:58:48] [INFO]       SKIP n2006-12-28-08:48:01.rf.pcm: too small (15x128)
[2026-05-15 12:58:48] [INFO]       OK   n2006-12-26-09:04:30.rf.pcm: sb0:42al
[2026-05-15 12:58:48] [INFO]       OK   n2006-12-26-11:33:11.rf.pcm: sb0:41al
[2026-05-15 12:58:48] [INFO]       OK   n2006-12-26-12:48:22.rf.pcm: sb0:55al
[2026-05-15 12:58:48] [INFO]       OK   n2006-12-27-10:21:49.rf.pcm: sb0:26al
[2026-05-15 12:58:48] [INFO]       OK   n2006-12-27-09:18:54.rf.pcm: sb0:50al
[2026-05-15 12:58:48] [INFO]       OK   n2006-12-28-09:11:21.rf.pcm: sb0:42al
[2026-05-15 12:58:48] [INFO]       OK   n2006-12-27-12:15:51.rf.pcm: sb0:41al
[2026-05-15 12:58:48] [INFO]       OK   n2006-12-28-10:23:09.rf.pcm: sb0:87al
[2026-05-15 12:58:48] [INFO]       OK   n2006-12-29-10:06:29.rf.pcm: sb0:11al
[2026-05-15 12:58:48] [INFO]       OK   n2006-12-28-12:44:01.rf.pcm: sb0:63al
[2026-05-15 12:58:48] [INFO]       OK   n2006-12-28-13:55:22.rf.pcm: sb0:29al
[2026-05-15 12:58:48] [INFO]       OK   n2006-12-27-13:23:09.rf.pcm: sb0:86al
[2026-05-15 12:58:48] [INFO]       OK   n2006-12-29-12:53:02.rf.pcm: sb0:10al
[2026-05-15 12:58:48] [INFO]       OK   n2006-12-29-08:51:22.rf.pcm: sb0:66al
[2026-05-15 12:58:48] [INFO]       OK   n2006-12-30-08:54:28.rf.pcm: sb0:15al
[2026-05-15 12:58:48] [INFO]       OK   n2006-12-30-12:22:11.rf.pcm: sb0:43al
[2026-05-15 12:58:48] [INFO]       OK   n2006-12-30-11:29:41.rf.pcm: sb0:17al
[2026-05-15 12:58:48] [INFO]       OK   n2006-12-30-09:46:52.rf.pcm: sb0:35al
[2026-05-15 12:58:48] [INFO]       OK   n2006-12-29-11:45:30.rf.pcm: sb0:28al
[2026-05-15 12:58:48] [INFO]       OK   n2006-12-31-08:28:22.rf.pcm: sb0:47al
[2026-05-15 12:58:48] [INFO]       OK   n2006-12-31-15:46:21.rf.pcm: sb0:11al
[2026-05-15 12:58:48] [INFO]       OK   n2006-12-31-07:17:31.rf.pcm: sb0:55al
[2026-05-15 12:58:48] [INFO]       OK   n2006-12-31-09:20:41.rf.pcm: sb0:47al
[2026-05-15 12:58:48] [INFO]       OK   n2007-01-01-12:33:31.rf.pcm: sb0:14al
[2026-05-15 12:58:48] [INFO]       OK   n2006-12-31-11:39:12.rf.pcm: sb0:34al
[2026-05-15 12:58:48] [INFO]       OK   n2006-12-31-12:48:31.rf.pcm: sb0:33al
[2026-05-15 12:58:48] [INFO]       SKIP n2007-01-19-11:09:21.rf.pcm: too small (13x128)
[2026-05-15 12:58:48] [INFO]       OK   n2006-12-31-13:40:41.rf.pcm: sb0:51al
[2026-05-15 12:58:48] [INFO]       OK   n2007-01-19-07:44:21.rf.pcm: sb0:5al
[2026-05-15 12:58:48] [INFO]       OK   n2007-01-01-09:40:40.rf.pcm: sb0:46al
[2026-05-15 12:58:48] [INFO]       OK   n2007-01-18-07:09:50.rf.pcm: sb0:4al
[2026-05-15 12:58:48] [INFO]       OK   n2007-01-01-13:25:51.rf.pcm: sb0:77al
[2026-05-15 12:58:48] [INFO]       OK   n2007-01-21-11:53:52.rf.pcm: sb0:4al
[2026-05-15 12:58:48] [INFO]       OK   n2007-01-19-09:26:31.rf.pcm: sb0:62al
[2026-05-15 12:58:48] [INFO]       OK   n2007-01-20-08:00:32.rf.pcm: sb0:54al
[2026-05-15 12:58:48] [INFO]       SKIP n2007-02-06-14:13:01.rf.pcm: too small (10x128)
[2026-05-15 12:58:48] [INFO]       OK   n2007-01-20-10:59:22.rf.pcm: sb0:46al
[2026-05-15 12:58:48] [INFO]       OK   n2007-01-21-07:44:19.rf.pcm: sb0:98al
[2026-05-15 12:58:48] [INFO]       OK   n2007-01-21-10:09:11.rf.pcm: sb0:55al
[2026-05-15 12:58:48] [INFO]       OK   n2007-02-05-05:11:30.rf.pcm: sb0:40al
[2026-05-15 12:58:48] [INFO]       OK   n2007-02-05-06:46:42.rf.pcm: sb0:42al
[2026-05-15 12:58:48] [INFO]       OK   n2007-02-07-09:14:51.rf.pcm: sb0:55al
[2026-05-15 12:58:48] [INFO]       OK   n2007-02-07-08:08:58.rf.pcm: sb0:20al
[2026-05-15 12:58:48] [INFO]       OK   n2007-02-06-06:51:51.rf.pcm: sb0:81al
[2026-05-15 12:58:48] [INFO]       OK   n2007-02-07-10:58:21.rf.pcm: sb0:40al
[2026-05-15 12:58:48] [INFO]       OK   n2007-02-07-13:59:31.rf.pcm: sb0:22al
[2026-05-15 12:58:48] [INFO]       OK   n2007-02-07-12:43:42.rf.pcm: sb0:84al
[2026-05-15 12:58:48] [INFO]       OK   n2007-02-08-05:21:31.rf.pcm: sb0:72al
[2026-05-15 12:58:48] [INFO]       OK   n2007-02-17-07:59:51.rf.pcm: sb0:33al
[2026-05-15 12:58:48] [INFO]       OK   n2007-02-18-09:42:41.rf.pcm: sb0:56al
[2026-05-15 12:58:48] [INFO]       OK   n2007-02-26-05:11:51.rf.pcm: sb0:52al
[2026-05-15 12:58:48] [INFO]       OK   n2007-02-26-09:45:09.rf.pcm: sb0:24al
[2026-05-15 12:58:48] [INFO]       OK   n2007-02-26-07:28:30.rf.pcm: sb0:63al
[2026-05-15 12:58:48] [INFO]       OK   n2007-02-26-06:20:10.rf.pcm: sb0:81al
[2026-05-15 12:58:48] [INFO]       OK   n2007-02-26-08:36:50.rf.pcm: sb0:24al
[2026-05-15 12:58:48] [INFO]       OK   n2007-02-27-05:32:48.rf.pcm: sb0:63al
[2026-05-15 12:58:48] [INFO]       OK   n2007-02-28-07:24:31.rf.pcm: sb0:25al
[2026-05-15 12:58:48] [INFO]       OK   n2007-02-27-08:55:30.rf.pcm: sb0:54al
[2026-05-15 12:58:48] [INFO]       OK   n2007-02-27-06:41:08.rf.pcm: sb0:59al
[2026-05-15 12:58:48] [INFO]       OK   n2007-02-28-06:16:08.rf.pcm: sb0:76al
[2026-05-15 12:58:48] [INFO]       OK   n2007-03-01-04:38:50.rf.pcm: sb0:56al
[2026-05-15 12:58:48] [INFO]       OK   n2007-03-01-03:30:31.rf.pcm: sb0:70al
[2026-05-15 12:58:48] [INFO]       OK   n2007-02-28-08:39:20.rf.pcm: sb0:82al
[2026-05-15 12:58:48] [INFO]       OK   n2007-03-01-05:57:20.rf.pcm: sb0:44al
[2026-05-15 12:58:48] [INFO]       OK   n2007-03-01-09:22:20.rf.pcm: sb0:26al
[2026-05-15 12:58:48] [INFO]       OK   n2007-03-01-07:05:40.rf.pcm: sb0:63al
[2026-05-15 12:58:48] [INFO]       OK   n2007-03-01-08:14:00.rf.pcm: sb0:52al
[2026-05-15 12:58:48] [INFO]       OK   n2007-03-03-03:17:49.rf.pcm: sb0:15al
[2026-05-15 12:58:48] [INFO]       OK   n2007-03-02-04:13:20.rf.pcm: sb0:78al
[2026-05-15 12:58:48] [INFO]       OK   n2007-03-02-06:29:58.rf.pcm: sb0:50al
[2026-05-15 12:58:48] [INFO]       OK   n2007-03-02-05:21:40.rf.pcm: sb0:77al
[2026-05-15 12:58:48] [INFO]       OK   n2007-03-02-07:38:18.rf.pcm: sb0:44al
[2026-05-15 12:58:48] [INFO]       OK   n2007-03-02-08:46:40.rf.pcm: sb0:54al
[2026-05-15 12:58:48] [INFO]       OK   n2007-03-03-04:34:10.rf.pcm: sb0:25al
[2026-05-15 12:58:48] [INFO]       OK   n2007-03-03-09:57:52.rf.pcm: sb0:21al
[2026-05-15 12:58:48] [INFO]       OK   n2007-03-03-05:42:28.rf.pcm: sb0:48al
[2026-05-15 12:58:48] [INFO]       OK   n2007-03-03-09:07:28.rf.pcm: sb0:45al
[2026-05-15 12:58:48] [INFO]       OK   n2007-03-03-06:50:48.rf.pcm: sb0:46al
[2026-05-15 12:58:48] [INFO]       OK   n2007-03-04-06:49:30.rf.pcm: sb0:2al
[2026-05-15 12:58:48] [INFO]       OK   n2007-03-03-07:59:10.rf.pcm: sb0:45al
[2026-05-15 12:58:48] [INFO]       OK   n2007-03-04-09:41:32.rf.pcm: sb0:9al
[2026-05-15 12:58:48] [INFO]       OK   n2007-03-04-04:32:50.rf.pcm: sb0:71al
[2026-05-15 12:58:48] [INFO]       OK   n2007-03-04-03:24:30.rf.pcm: sb0:57al
[2026-05-15 12:58:48] [INFO]       OK   n2007-03-04-05:41:08.rf.pcm: sb0:58al
[2026-05-15 12:58:48] [INFO]       OK   n2007-03-05-05:01:49.rf.pcm: sb0:59al
[2026-05-15 12:58:48] [INFO]       OK   n2007-03-04-08:33:10.rf.pcm: sb0:58al
[2026-05-15 12:58:48] [INFO]       OK   n2007-03-05-06:09:09.rf.pcm: sb0:56al
[2026-05-15 12:58:48] [INFO]       OK   n2007-03-05-07:20:19.rf.pcm: sb0:58al
[2026-05-15 12:58:48] [INFO]       OK   n2007-03-07-05:40:59.rf.pcm: sb0:22al
[2026-05-15 12:58:48] [INFO]       OK   n2007-03-09-02:48:10.rf.pcm: sb0:69al
[2026-05-15 12:58:48] [INFO]       OK   n2007-03-09-05:06:52.rf.pcm: sb0:58al
[2026-05-15 12:58:48] [INFO]       OK   n2007-03-08-07:25:02.rf.pcm: sb0:71al
[2026-05-15 12:58:48] [INFO]       OK   n2007-03-09-03:55:32.rf.pcm: sb0:84al
[2026-05-15 12:58:48] [INFO]       OK   n2007-03-10-03:28:31.rf.pcm: sb0:49al
[2026-05-15 12:58:48] [INFO]       OK   n2007-03-10-02:21:09.rf.pcm: sb0:82al
[2026-05-15 12:58:48] [INFO]       OK   n2007-03-10-07:12:11.rf.pcm: sb0:62al
[2026-05-15 12:58:48] [INFO]       OK   n2007-03-10-04:36:59.rf.pcm: sb0:91al
[2026-05-15 12:58:48] [INFO]       OK   n2007-03-12-02:52:31.rf.pcm: sb0:5al
[2026-05-15 12:58:48] [INFO]       OK   n2007-03-11-05:42:59.rf.pcm: sb0:69al
[2026-05-15 12:58:48] [INFO]       OK   n2007-03-11-03:08:51.rf.pcm: sb0:86al
[2026-05-15 12:58:48] [INFO]       OK   n2007-03-11-06:50:21.rf.pcm: sb0:64al
[2026-05-15 12:58:48] [INFO]       OK   n2007-03-11-04:28:51.rf.pcm: sb0:50al
[2026-05-15 12:58:48] [INFO]       OK   n2007-03-12-03:59:52.rf.pcm: sb0:53al
[2026-05-15 12:58:48] [INFO]       OK   n2007-03-13-07:47:51.rf.pcm: sb0:7al
[2026-05-15 12:58:48] [INFO]       OK   n2007-03-12-05:10:49.rf.pcm: sb0:48al
[2026-05-15 12:58:48] [INFO]       OK   n2007-03-12-07:37:31.rf.pcm: sb0:29al
[2026-05-15 12:58:48] [INFO]       OK   n2007-03-12-06:18:09.rf.pcm: sb0:54al
[2026-05-15 12:58:48] [INFO]       OK   n2007-03-15-03:57:31.rf.pcm: sb0:3al
[2026-05-15 12:58:48] [INFO]       OK   n2007-03-15-03:06:40.rf.pcm: sb0:6al
[2026-05-15 12:58:48] [INFO]       SKIP n2007-03-15-05:40:46.rf.pcm: too small (12x128)
[2026-05-15 12:58:48] [INFO]       SKIP n2007-03-15-05:54:15.rf.pcm: too small (15x128)
[2026-05-15 12:58:48] [INFO]       SKIP n2007-03-15-06:57:46.rf.pcm: too small (11x128)
[2026-05-15 12:58:48] [INFO]       OK   n2007-03-13-05:17:19.rf.pcm: sb0:72al
[2026-05-15 12:58:48] [INFO]       OK   n2007-03-13-06:24:41.rf.pcm: sb0:57al
[2026-05-15 12:58:48] [INFO]       OK   n2007-03-14-03:25:21.rf.pcm: sb0:46al
[2026-05-15 12:58:48] [INFO]       OK   n2007-03-15-05:03:19.rf.pcm: sb0:13al
[2026-05-15 12:58:48] [INFO]       OK   n2007-03-14-05:41:39.rf.pcm: sb0:65al
[2026-05-15 12:58:48] [INFO]       OK   n2007-03-14-04:34:21.rf.pcm: sb0:73al
[2026-05-15 12:58:48] [INFO]       OK   n2007-03-14-06:49:18.rf.pcm: sb0:49al
[2026-05-15 12:58:48] [INFO]       OK   n2007-03-16-09:01:33.rf.pcm: sb0:4al
[2026-05-15 12:58:48] [INFO]       OK   n2007-03-15-08:20:11.rf.pcm: sb0:30al
[2026-05-15 12:58:48] [INFO]       OK   n2007-03-15-07:12:49.rf.pcm: sb0:60al
[2026-05-15 12:58:48] [INFO]       OK   n2007-03-16-06:45:31.rf.pcm: sb0:81al
[2026-05-15 12:58:48] [INFO]       OK   n2007-03-16-07:52:51.rf.pcm: sb0:98al
[2026-05-15 12:58:48] [INFO]       OK   n2007-03-17-04:55:01.rf.pcm: sb0:41al
[2026-05-15 12:58:48] [INFO]       OK   n2007-03-17-03:47:41.rf.pcm: sb0:36al
[2026-05-15 12:58:48] [INFO]       OK   n2007-03-17-07:11:02.rf.pcm: sb0:50al
[2026-05-15 12:58:48] [INFO]       OK   n2007-03-17-08:19:21.rf.pcm: sb0:50al
[2026-05-15 12:58:48] [INFO]       OK   n2007-03-17-06:03:42.rf.pcm: sb0:32al
[2026-05-15 12:58:48] [INFO]       SKIP n2007-03-18-11:13:02.rf.pcm: too small (11x128)
[2026-05-15 12:58:48] [INFO]       OK   n2007-03-17-11:42:41.rf.pcm: sb0:21al
[2026-05-15 12:58:48] [INFO]       OK   n2007-03-18-09:03:42.rf.pcm: sb0:1al
[2026-05-15 12:58:48] [INFO]       OK   n2007-03-17-09:26:42.rf.pcm: sb0:77al
[2026-05-15 12:58:48] [INFO]       OK   n2007-03-18-10:45:42.rf.pcm: sb0:6al
[2026-05-15 12:58:48] [INFO]       OK   n2007-03-18-07:55:45.rf.pcm: sb0:13al
[2026-05-15 12:58:48] [INFO]       OK   n2007-03-17-10:35:22.rf.pcm: sb0:105al
[2026-05-15 12:58:48] [INFO]       OK   n2007-03-18-09:24:28.rf.pcm: sb0:45al
[2026-05-15 12:58:48] [INFO]       SKIP n2007-04-16-08:21:20.rf.pcm: too small (12x128)
[2026-05-15 12:58:48] [INFO]       OK   n2007-03-26-05:06:10.rf.pcm: sb0:51al
[2026-05-15 12:58:48] [INFO]       OK   n2007-04-11-07:05:04.rf.pcm: sb0:64al
[2026-05-15 12:58:48] [INFO]       OK   n2007-04-12-08:54:01.rf.pcm: sb0:9al
[2026-05-15 12:58:48] [INFO]       OK   n2007-04-10-03:51:31.rf.pcm: sb0:42al
[2026-05-15 12:58:48] [INFO]       SKIP n2007-04-17-03:36:44.rf.pcm: too small (11x128)
[2026-05-15 12:58:48] [INFO]       SKIP n2007-04-17-06:09:41.rf.pcm: too small (12x128)
[2026-05-15 12:58:48] [INFO]       OK   n2007-04-12-05:15:51.rf.pcm: sb0:24al
[2026-05-15 12:58:48] [INFO]       OK   n2007-04-12-04:04:09.rf.pcm: sb0:41al
[2026-05-15 12:58:48] [INFO]       SKIP n2007-04-17-09:10:20.rf.pcm: too small (10x128)
[2026-05-15 12:58:48] [INFO]       OK   n2007-04-13-02:34:18.rf.pcm: sb0:6al
[2026-05-15 12:58:48] [INFO]       OK   n2007-04-16-09:15:54.rf.pcm: sb0:10al
[2026-05-15 12:58:48] [INFO]       OK   n2007-04-17-07:02:50.rf.pcm: sb0:1al
[2026-05-15 12:58:48] [INFO]       OK   n2007-04-16-09:49:03.rf.pcm: sb0:2al
[2026-05-15 12:58:48] [INFO]       SKIP n2007-05-02-02:33:20.rf.pcm: too small (14x128)
[2026-05-15 12:58:48] [INFO]       OK   n2007-04-16-08:34:52.rf.pcm: sb0:17al
[2026-05-15 12:58:48] [INFO]       SKIP n2007-05-02-03:31:10.rf.pcm: too small (14x128)
[2026-05-15 12:58:48] [INFO]       SKIP n2007-05-02-03:57:02.rf.pcm: too small (14x128)
[2026-05-15 12:58:48] [INFO]       SKIP n2007-05-02-05:41:41.rf.pcm: too small (14x128)
[2026-05-15 12:58:48] [INFO]       SKIP n2007-05-02-09:03:11.rf.pcm: too small (14x128)
[2026-05-15 12:58:48] [INFO]       SKIP n2007-05-03-04:14:43.rf.pcm: too small (12x128)
[2026-05-15 12:58:48] [INFO]       SKIP n2007-05-04-02:30:49.rf.pcm: too small (14x128)
[2026-05-15 12:58:48] [INFO]       SKIP n2007-05-04-02:50:39.rf.pcm: too small (14x128)
[2026-05-15 12:58:48] [INFO]       SKIP n2007-05-04-05:51:23.rf.pcm: too small (14x128)
[2026-05-15 12:58:48] [INFO]       SKIP n2007-05-04-07:48:11.rf.pcm: too small (14x128)
[2026-05-15 12:58:48] [INFO]       SKIP n2007-05-04-08:07:59.rf.pcm: too small (14x128)
[2026-05-15 12:58:48] [INFO]       SKIP n2007-05-04-08:27:41.rf.pcm: too small (14x128)
[2026-05-15 12:58:48] [INFO]       OK   n2007-04-17-09:51:15.rf.pcm: sb0:2al
[2026-05-15 12:58:48] [INFO]       SKIP n2007-05-04-23:42:51.rf.pcm: too small (14x128)
[2026-05-15 12:58:48] [INFO]       OK   n2007-05-02-08:34:29.rf.pcm: sb0:8al
[2026-05-15 12:58:48] [INFO]       OK   n2007-04-17-02:12:00.rf.pcm: sb0:41al
[2026-05-15 12:58:48] [INFO]       SKIP n2007-05-05-04:07:03.rf.pcm: too small (14x128)
[2026-05-15 12:58:48] [INFO]       SKIP n2007-05-05-07:17:01.rf.pcm: too small (14x128)
[2026-05-15 12:58:48] [INFO]       OK   n2007-04-17-08:17:33.rf.pcm: sb0:40al
[2026-05-15 12:58:49] [INFO]       OK   n2007-05-02-04:49:09.rf.pcm: sb0:50al
[2026-05-15 12:58:49] [INFO]       OK   n2007-05-01-05:37:41.rf.pcm: sb0:29al
[2026-05-15 12:58:49] [INFO]       OK   n2007-05-01-23:25:21.rf.pcm: sb0:56al
[2026-05-15 12:58:49] [INFO]       OK   n2007-05-05-00:04:41.rf.pcm: sb0:3al
[2026-05-15 12:58:49] [INFO]       OK   n2007-05-05-01:20:01.rf.pcm: sb0:60al
[2026-05-15 12:58:49] [INFO]       OK   n2007-05-19-00:14:11.rf.pcm: sb0:28al
[2026-05-15 12:58:49] [INFO]       OK   n2007-05-05-02:36:01.rf.pcm: sb0:26al
[2026-05-15 12:58:49] [INFO]       OK   n2007-05-19-06:22:33.rf.pcm: sb0:32al
[2026-05-15 12:58:49] [INFO]       OK   n2007-05-21-01:09:00.rf.pcm: sb0:48al
[2026-05-15 12:58:49] [INFO]       SKIP n2007-05-22-00:47:01.rf.pcm: too small (15x128)
[2026-05-15 12:58:49] [INFO]       OK   n2007-05-20-02:56:07.rf.pcm: sb0:57al
[2026-05-15 12:58:49] [INFO]       OK   n2007-05-21-04:03:29.rf.pcm: sb0:19al
[2026-05-15 12:58:49] [INFO]       OK   n2007-05-21-02:29:42.rf.pcm: sb0:60al
[2026-05-15 12:58:49] [INFO]       OK   n2007-05-21-06:21:41.rf.pcm: sb0:12al
[2026-05-15 12:58:49] [INFO]       OK   n2007-05-21-05:13:40.rf.pcm: sb0:56al
[2026-05-15 12:58:49] [INFO]       OK   n2007-05-22-07:30:41.rf.pcm: sb0:16al
[2026-05-15 12:58:49] [INFO]       OK   n2007-05-21-22:31:41.rf.pcm: sb0:96al
[2026-05-15 12:58:49] [INFO]       OK   n2007-05-22-04:07:39.rf.pcm: sb0:43al
[2026-05-15 12:58:49] [INFO]       OK   n2007-05-21-23:39:21.rf.pcm: sb0:72al
[2026-05-15 12:58:49] [INFO]       OK   n2007-05-22-05:15:21.rf.pcm: sb0:41al
[2026-05-15 12:58:49] [INFO]       OK   n2007-05-22-06:22:41.rf.pcm: sb0:64al
[2026-05-15 12:58:49] [INFO]       OK   n2007-05-22-22:16:51.rf.pcm: sb0:39al
[2026-05-15 12:58:49] [INFO]       OK   n2007-05-22-23:24:11.rf.pcm: sb0:73al
[2026-05-15 12:58:49] [INFO]       OK   n2007-05-23-00:31:29.rf.pcm: sb0:50al
[2026-05-15 12:58:49] [INFO]       OK   n2007-05-23-01:38:51.rf.pcm: sb0:47al
[2026-05-15 12:58:49] [INFO]       OK   n2007-05-23-06:08:12.rf.pcm: sb0:8al
[2026-05-15 12:58:49] [INFO]       OK   n2007-05-23-02:46:13.rf.pcm: sb0:57al
[2026-05-15 12:58:49] [INFO]       OK   n2007-05-23-22:17:31.rf.pcm: sb0:6al
[2026-05-15 12:58:49] [INFO]       OK   n2007-05-23-03:53:30.rf.pcm: sb0:43al
[2026-05-15 12:58:49] [INFO]       OK   n2007-05-23-05:00:50.rf.pcm: sb0:95al
[2026-05-15 12:58:49] [INFO]       OK   n2007-05-24-06:24:41.rf.pcm: sb0:15al
[2026-05-15 12:58:49] [INFO]       OK   n2007-05-24-23:17:11.rf.pcm: sb0:5al
[2026-05-15 12:58:49] [INFO]       OK   n2007-05-24-22:40:40.rf.pcm: sb0:13al
[2026-05-15 12:58:49] [INFO]       OK   n2007-05-25-00:49:10.rf.pcm: sb0:19al
[2026-05-15 12:58:49] [INFO]       OK   n2007-05-24-04:09:59.rf.pcm: sb0:52al
[2026-05-15 12:58:49] [INFO]       OK   n2007-05-25-22:05:41.rf.pcm: sb0:15al
[2026-05-15 12:58:49] [INFO]       OK   n2007-05-24-05:17:22.rf.pcm: sb0:69al
[2026-05-15 12:58:49] [INFO]       OK   n2007-05-24-21:33:21.rf.pcm: sb0:95al
[2026-05-15 12:58:49] [INFO]       OK   n2007-05-26-07:11:21.rf.pcm: sb0:3al
[2026-05-15 12:58:49] [INFO]       OK   n2007-05-26-00:21:38.rf.pcm: sb0:52al
[2026-05-15 12:58:49] [INFO]       OK   n2007-05-24-23:41:53.rf.pcm: sb0:80al
[2026-05-15 12:58:49] [INFO]       OK   n2007-05-25-23:14:21.rf.pcm: sb0:73al
[2026-05-15 12:58:49] [INFO]       OK   n2007-05-26-23:42:59.rf.pcm: sb0:76al
[2026-05-15 12:58:49] [INFO]       OK   n2007-05-26-21:22:21.rf.pcm: sb0:75al
[2026-05-15 12:58:49] [INFO]       OK   n2007-05-26-22:29:40.rf.pcm: sb0:63al
[2026-05-15 12:58:49] [INFO]       OK   n2007-05-27-00:50:20.rf.pcm: sb0:65al
[2026-05-15 12:58:49] [INFO]       OK   n2007-05-27-01:57:40.rf.pcm: sb0:40al
[2026-05-15 12:58:49] [INFO]       OK   n2007-05-27-03:05:00.rf.pcm: sb0:65al
[2026-05-15 12:58:49] [INFO]       OK   n2007-05-27-04:12:20.rf.pcm: sb0:71al
[2026-05-15 12:58:49] [INFO]       OK   n2007-05-28-22:30:32.rf.pcm: sb0:11al
[2026-05-15 12:58:49] [INFO]       OK   n2007-05-27-05:19:40.rf.pcm: sb0:71al
[2026-05-15 12:58:49] [INFO]       OK   n2007-05-27-06:26:58.rf.pcm: sb0:29al
[2026-05-15 12:58:49] [INFO]       OK   n2007-05-27-21:49:11.rf.pcm: sb0:44al
[2026-05-15 12:58:49] [INFO]       SKIP n2007-05-30-22:16:00.rf.pcm: too small (14x128)
[2026-05-15 12:58:49] [INFO]       OK   n2007-05-28-00:03:59.rf.pcm: sb0:58al
[2026-05-15 12:58:49] [INFO]       OK   n2007-05-27-22:56:31.rf.pcm: sb0:38al
[2026-05-15 12:58:49] [INFO]       OK   n2007-05-29-22:19:41.rf.pcm: sb0:76al
[2026-05-15 12:58:49] [INFO]       OK   n2007-05-30-00:34:31.rf.pcm: sb0:19al
[2026-05-15 12:58:49] [INFO]       OK   n2007-05-29-21:12:21.rf.pcm: sb0:75al
[2026-05-15 12:58:49] [INFO]       OK   n2007-05-30-21:08:41.rf.pcm: sb0:68al
[2026-05-15 12:58:49] [INFO]       OK   n2007-05-29-23:27:09.rf.pcm: sb0:71al
[2026-05-15 12:58:49] [INFO]       OK   n2007-05-31-02:15:23.rf.pcm: sb0:59al
[2026-05-15 12:58:49] [INFO]       SKIP n2007-06-02-00:52:21.rf.pcm: too small (12x128)
[2026-05-15 12:58:49] [INFO]       OK   n2007-05-30-23:09:39.rf.pcm: sb0:64al
[2026-05-15 12:58:49] [INFO]       OK   n2007-05-31-00:17:01.rf.pcm: sb0:59al
[2026-05-15 12:58:49] [INFO]       OK   n2007-06-01-00:13:10.rf.pcm: sb0:49al
[2026-05-15 12:58:49] [INFO]       OK   n2007-05-31-21:49:28.rf.pcm: sb0:49al
[2026-05-15 12:58:49] [INFO]       OK   n2007-05-31-23:05:19.rf.pcm: sb0:52al
[2026-05-15 12:58:49] [INFO]       OK   n2007-06-01-23:42:19.rf.pcm: sb0:81al
[2026-05-15 12:58:49] [INFO]       OK   n2007-06-02-21:09:40.rf.pcm: sb0:69al
[2026-05-15 12:58:49] [INFO]       OK   n2007-06-03-00:32:01.rf.pcm: sb0:32al
[2026-05-15 12:58:49] [INFO]       OK   n2007-06-01-22:35:01.rf.pcm: sb0:47al
[2026-05-15 12:58:49] [INFO]       OK   n2007-06-02-23:24:28.rf.pcm: sb0:56al
[2026-05-15 12:58:49] [INFO]       OK   n2007-06-02-22:17:00.rf.pcm: sb0:42al
[2026-05-15 12:58:49] [INFO]       OK   n2007-06-03-21:03:39.rf.pcm: sb0:50al
[2026-05-15 12:58:49] [INFO]       OK   n2007-06-03-22:12:09.rf.pcm: sb0:44al
[2026-05-15 12:58:49] [INFO]       SKIP n2007-06-07-21:10:19.rf.pcm: too small (12x128)
[2026-05-15 12:58:49] [INFO]       OK   n2007-06-03-23:21:36.rf.pcm: sb0:64al
[2026-05-15 12:58:49] [INFO]       OK   n2007-06-05-00:23:09.rf.pcm: sb0:43al
[2026-05-15 12:58:49] [INFO]       OK   n2007-06-06-03:11:10.rf.pcm: sb0:13al
[2026-05-15 12:58:49] [INFO]       OK   n2007-06-04-00:30:14.rf.pcm: sb0:71al
[2026-05-15 12:58:49] [INFO]       OK   n2007-06-05-04:36:42.rf.pcm: sb0:45al
[2026-05-15 12:58:49] [INFO]       OK   n2007-06-05-02:56:29.rf.pcm: sb0:53al
[2026-05-15 12:58:49] [INFO]       OK   n2007-06-06-00:06:30.rf.pcm: sb0:69al
[2026-05-15 12:58:49] [INFO]       OK   n2007-06-08-00:53:21.rf.pcm: sb0:9al
[2026-05-15 12:58:49] [INFO]       OK   n2007-06-07-21:30:00.rf.pcm: sb0:47al
[2026-05-15 12:58:49] [INFO]       OK   n2007-06-07-23:45:48.rf.pcm: sb0:68al
[2026-05-15 12:58:49] [INFO]       SKIP n2007-06-10-00:21:31.rf.pcm: too small (10x128)
[2026-05-15 12:58:49] [INFO]       OK   n2007-06-07-22:37:21.rf.pcm: sb0:60al
[2026-05-15 12:58:49] [INFO]       OK   n2007-06-08-22:07:42.rf.pcm: sb0:68al
[2026-05-15 12:58:49] [INFO]       OK   n2007-06-08-23:16:09.rf.pcm: sb0:53al
[2026-05-15 12:58:49] [INFO]       OK   n2007-06-08-21:00:20.rf.pcm: sb0:70al
[2026-05-15 12:58:49] [INFO]       OK   n2007-06-09-22:05:41.rf.pcm: sb0:46al
[2026-05-15 12:58:49] [INFO]       OK   n2007-06-11-00:10:51.rf.pcm: sb0:10al
[2026-05-15 12:58:49] [INFO]       OK   n2007-06-09-20:58:19.rf.pcm: sb0:91al
[2026-05-15 12:58:49] [INFO]       OK   n2007-06-09-23:14:09.rf.pcm: sb0:33al
[2026-05-15 12:58:49] [INFO]       OK   n2007-06-11-21:59:11.rf.pcm: sb0:7al
[2026-05-15 12:58:49] [INFO]       OK   n2007-06-10-20:47:39.rf.pcm: sb0:71al
[2026-05-15 12:58:49] [INFO]       OK   n2007-06-10-21:55:01.rf.pcm: sb0:67al
[2026-05-15 12:58:49] [INFO]       OK   n2007-06-10-23:03:29.rf.pcm: sb0:20al
[2026-05-15 12:58:49] [INFO]       SKIP n2007-06-17-20:38:11.rf.pcm: too small (11x128)
[2026-05-15 12:58:49] [INFO]       OK   n2007-06-11-20:51:50.rf.pcm: sb0:72al
[2026-05-15 12:58:49] [INFO]       OK   n2007-06-13-22:08:41.rf.pcm: sb0:21al
[2026-05-15 12:58:49] [INFO]       SKIP n2007-06-25-02:23:32.rf.pcm: too small (14x128)
[2026-05-15 12:58:49] [INFO]       OK   n2007-06-17-19:45:51.rf.pcm: sb0:4al
[2026-05-15 12:58:49] [INFO]       OK   n2007-06-25-01:54:09.rf.pcm: sb0:12al
[2026-05-15 12:58:49] [INFO]       OK   n2007-06-13-21:00:11.rf.pcm: sb0:45al
[2026-05-15 12:58:49] [INFO]       OK   n2007-06-15-23:29:56.rf.pcm: sb0:43al
[2026-05-15 12:58:49] [INFO]       OK   n2007-06-16-21:41:11.rf.pcm: sb0:29al
[2026-05-15 12:58:49] [INFO]       OK   n2007-06-16-00:39:24.rf.pcm: sb0:45al
[2026-05-15 12:58:49] [INFO]       OK   n2007-07-14-00:50:31.rf.pcm: sb0:37al
[2026-05-15 12:58:49] [INFO]       OK   n2007-07-14-02:33:38.rf.pcm: sb0:67al
[2026-05-15 12:58:49] [INFO]       OK   n2007-07-15-22:29:42.rf.pcm: sb0:16al
[2026-05-15 12:58:49] [INFO]       OK   n2007-07-14-20:32:17.rf.pcm: sb0:25al
[2026-05-15 12:58:49] [INFO]       OK   n2007-07-15-18:41:51.rf.pcm: sb0:27al
[2026-05-15 12:58:49] [INFO]       OK   n2007-07-14-19:24:11.rf.pcm: sb0:82al
[2026-05-15 12:58:49] [INFO]       OK   n2007-07-15-21:17:29.rf.pcm: sb0:62al
[2026-05-15 12:58:49] [INFO]       OK   n2007-07-16-19:30:22.rf.pcm: sb0:10al
[2026-05-15 12:58:49] [INFO]       OK   n2007-07-15-19:56:22.rf.pcm: sb0:79al
[2026-05-15 12:58:49] [INFO]       OK   n2007-08-11-16:54:19.rf.pcm: sb0:5al
[2026-05-15 12:58:49] [INFO]       OK   n2007-07-29-21:39:02.rf.pcm: sb0:37al
[2026-05-15 12:58:49] [INFO]       OK   n2007-07-16-19:58:56.rf.pcm: sb0:56al
[2026-05-15 12:58:49] [INFO]       OK   n2007-08-11-20:39:51.rf.pcm: sb0:24al
[2026-05-15 12:58:49] [INFO]       OK   n2007-08-13-18:24:52.rf.pcm: sb0:60al
[2026-05-15 12:58:49] [INFO]       OK   n2007-08-12-19:07:59.rf.pcm: sb0:62al
[2026-05-15 12:58:49] [INFO]       OK   n2007-08-13-22:37:39.rf.pcm: sb0:78al
[2026-05-15 12:58:49] [INFO]       OK   n2007-08-14-16:33:39.rf.pcm: sb0:40al
[2026-05-15 12:58:49] [INFO]       OK   n2007-08-14-17:44:40.rf.pcm: sb0:27al
[2026-05-15 12:58:49] [INFO]       OK   n2007-08-14-18:52:21.rf.pcm: sb0:32al
[2026-05-15 12:58:49] [INFO]       OK   n2007-08-14-19:59:41.rf.pcm: sb0:44al
[2026-05-15 12:58:49] [INFO]       SKIP n2007-09-10-14:13:01.rf.pcm: too small (13x128)
[2026-05-15 12:58:49] [INFO]       SKIP n2007-09-10-19:57:01.rf.pcm: too small (10x128)
[2026-05-15 12:58:49] [INFO]       OK   n2007-08-14-21:07:03.rf.pcm: sb0:27al
[2026-05-15 12:58:49] [INFO]       OK   n2007-08-14-23:21:43.rf.pcm: sb0:35al
[2026-05-15 12:58:49] [INFO]       OK   n2007-08-14-22:14:21.rf.pcm: sb0:54al
[2026-05-15 12:58:49] [INFO]       OK   n2007-08-20-16:07:51.rf.pcm: sb0:27al
[2026-05-15 12:58:49] [INFO]       OK   n2007-08-21-17:03:51.rf.pcm: sb0:39al
[2026-05-15 12:58:49] [INFO]       OK   n2007-08-22-16:58:41.rf.pcm: sb0:31al
[2026-05-15 12:58:49] [INFO]       OK   n2007-09-10-20:22:50.rf.pcm: sb0:51al
[2026-05-15 12:58:49] [INFO]       OK   n2007-08-27-22:27:30.rf.pcm: sb0:49al
[2026-05-15 12:58:49] [INFO]       OK   n2007-09-12-17:42:12.rf.pcm: sb0:28al
[2026-05-15 12:58:49] [INFO]       OK   n2007-09-14-18:16:52.rf.pcm: sb0:15al
[2026-05-15 12:58:49] [INFO]       OK   n2007-09-12-18:52:10.rf.pcm: sb0:39al
[2026-05-15 12:58:49] [INFO]       OK   n2007-09-13-21:02:02.rf.pcm: sb0:64al
[2026-05-15 12:58:49] [INFO]       OK   n2007-09-15-16:18:09.rf.pcm: sb0:42al
[2026-05-15 12:58:49] [INFO]       OK   n2007-09-13-22:09:22.rf.pcm: sb0:70al
[2026-05-15 12:58:49] [INFO]       OK   n2007-09-15-15:10:31.rf.pcm: sb0:121al
[2026-05-15 12:58:49] [INFO]       OK   n2007-09-14-17:06:30.rf.pcm: sb0:80al
[2026-05-15 12:58:49] [INFO]       OK   n2007-09-14-15:56:22.rf.pcm: sb0:106al
[2026-05-15 12:58:49] [INFO]       SKIP n2007-10-03-14:19:09.rf.pcm: too small (14x128)
[2026-05-15 12:58:49] [INFO]       SKIP n2007-10-04-18:57:00.rf.pcm: too small (10x128)
[2026-05-15 12:58:49] [INFO]       SKIP n2007-10-05-18:52:39.rf.pcm: too small (10x128)
[2026-05-15 12:58:49] [INFO]       OK   n2007-09-15-17:51:29.rf.pcm: sb0:60al
[2026-05-15 12:58:49] [INFO]       SKIP n2007-10-08-18:21:09.rf.pcm: too small (14x128)
[2026-05-15 12:58:49] [INFO]       SKIP n2007-10-09-13:24:11.rf.pcm: too small (10x128)
[2026-05-15 12:58:49] [INFO]       OK   n2007-10-08-17:12:59.rf.pcm: sb0:8al
[2026-05-15 12:58:49] [INFO]       OK   n2007-09-15-18:58:51.rf.pcm: sb0:51al
[2026-05-15 12:58:49] [INFO]       OK   n2007-09-15-20:06:29.rf.pcm: sb0:3al
[2026-05-15 12:58:49] [INFO]       OK   n2007-09-15-21:13:53.rf.pcm: sb0:61al
[2026-05-15 12:58:49] [INFO]       OK   n2007-09-15-22:21:43.rf.pcm: sb0:45al
[2026-05-15 12:58:49] [INFO]       SKIP n2007-11-08-20:35:53.rf.pcm: too small (15x128)
[2026-05-15 12:58:49] [INFO]       OK   n2007-10-01-17:28:39.rf.pcm: sb0:30al
[2026-05-15 12:58:49] [INFO]       OK   n2007-09-30-20:05:50.rf.pcm: sb0:35al
[2026-05-15 12:58:49] [INFO]       SKIP n2007-12-03-12:38:48.rf.pcm: too small (15x128)
[2026-05-15 12:58:50] [INFO]       OK   n2007-11-06-19:43:05.rf.pcm: sb0:72al
[2026-05-15 12:58:50] [INFO]       OK   n2007-11-08-10:29:39.rf.pcm: sb0:42al
[2026-05-15 12:58:50] [INFO]       SKIP n2007-12-18-13:01:10.rf.pcm: too small (10x128)
[2026-05-15 12:58:50] [INFO]       OK   n2007-11-08-14:23:21.rf.pcm: sb0:40al
[2026-05-15 12:58:50] [INFO]       OK   n2007-12-02-13:42:49.rf.pcm: sb0:45al
[2026-05-15 12:58:50] [INFO]       OK   n2007-11-08-19:27:31.rf.pcm: sb0:52al
[2026-05-15 12:58:50] [INFO]       OK   n2007-12-04-13:54:40.rf.pcm: sb0:60al
[2026-05-15 12:58:50] [INFO]       OK   n2007-12-17-09:34:00.rf.pcm: sb0:42al
[2026-05-15 12:58:50] [INFO]       OK   n2007-12-17-13:19:20.rf.pcm: sb0:38al
[2026-05-15 12:58:50] [INFO]       OK   n2007-12-18-13:17:51.rf.pcm: sb0:64al
[2026-05-15 12:58:50] [INFO]       OK   n2007-12-19-10:09:31.rf.pcm: sb0:74al
[2026-05-15 12:58:50] [INFO]       OK   n2007-12-19-07:54:21.rf.pcm: sb0:76al
[2026-05-15 12:58:50] [INFO]       OK   n2007-12-19-09:01:41.rf.pcm: sb0:72al
[2026-05-15 12:58:50] [INFO]       OK   n2007-12-19-13:48:19.rf.pcm: sb0:11al
[2026-05-15 12:58:50] [INFO]       OK   n2007-12-19-11:27:59.rf.pcm: sb0:88al
[2026-05-15 12:58:50] [INFO]       OK   n2007-12-19-12:40:29.rf.pcm: sb0:56al
[2026-05-15 12:58:50] [INFO]       OK   n2007-12-19-15:31:23.rf.pcm: sb0:57al
[2026-05-15 12:58:50] [INFO]       OK   n2007-12-20-08:32:01.rf.pcm: sb0:44al
[2026-05-15 12:58:50] [INFO]       OK   n2007-12-19-16:41:31.rf.pcm: sb0:49al
[2026-05-15 12:58:50] [INFO]       OK   n2007-12-20-09:45:10.rf.pcm: sb0:48al
[2026-05-15 12:58:50] [INFO]       OK   n2007-12-20-11:54:11.rf.pcm: sb0:47al
[2026-05-15 12:58:50] [INFO]       OK   n2007-12-20-12:57:51.rf.pcm: sb0:55al
[2026-05-15 12:58:50] [INFO]       OK   n2007-12-20-10:50:28.rf.pcm: sb0:62al
[2026-05-15 12:58:50] [INFO]       OK   n2007-12-20-17:35:42.rf.pcm: sb0:14al
[2026-05-15 12:58:50] [INFO]       OK   n2007-12-21-08:28:40.rf.pcm: sb0:74al
[2026-05-15 12:58:50] [INFO]       OK   n2007-12-20-15:16:00.rf.pcm: sb0:87al
[2026-05-15 12:58:50] [INFO]       OK   n2007-12-21-11:41:49.rf.pcm: sb0:15al
[2026-05-15 12:58:50] [INFO]       OK   n2007-12-21-13:05:19.rf.pcm: sb0:17al
[2026-05-15 12:58:50] [INFO]       OK   n2007-12-21-09:32:59.rf.pcm: sb0:61al
[2026-05-15 12:58:50] [INFO]       OK   n2007-12-21-14:09:40.rf.pcm: sb0:3al
[2026-05-15 12:58:50] [INFO]       OK   n2007-12-21-10:37:27.rf.pcm: sb0:26al
[2026-05-15 12:58:50] [INFO]       OK   n2007-12-22-08:27:50.rf.pcm: sb0:81al
[2026-05-15 12:58:50] [INFO]       OK   n2007-12-22-09:31:30.rf.pcm: sb0:50al
[2026-05-15 12:58:50] [INFO]       OK   n2007-12-22-10:35:09.rf.pcm: sb0:40al
[2026-05-15 12:58:50] [INFO]       OK   n2007-12-22-11:38:38.rf.pcm: sb0:45al
[2026-05-15 12:58:50] [INFO]       OK   n2007-12-22-12:42:20.rf.pcm: sb0:85al
[2026-05-15 12:58:50] [INFO]       OK   n2007-12-22-16:00:20.rf.pcm: sb0:47al
[2026-05-15 12:58:50] [INFO]       OK   n2007-12-22-17:03:52.rf.pcm: sb0:80al
[2026-05-15 12:58:50] [INFO]       OK   n2007-12-22-13:45:58.rf.pcm: sb0:45al
[2026-05-15 12:58:50] [INFO]       OK   n2007-12-23-09:24:00.rf.pcm: sb0:96al
[2026-05-15 12:58:50] [INFO]       OK   n2007-12-23-08:20:19.rf.pcm: sb0:45al
[2026-05-15 12:58:50] [INFO]       OK   n2007-12-23-10:27:38.rf.pcm: sb0:56al
[2026-05-15 12:58:50] [INFO]       OK   n2007-12-23-11:30:58.rf.pcm: sb0:64al
[2026-05-15 12:58:50] [INFO]       OK   n2007-12-23-15:52:50.rf.pcm: sb0:28al
[2026-05-15 12:58:50] [INFO]       OK   n2007-12-23-12:34:49.rf.pcm: sb0:57al
[2026-05-15 12:58:50] [INFO]       OK   n2007-12-23-13:38:17.rf.pcm: sb0:64al
[2026-05-15 12:58:50] [INFO]       OK   n2007-12-24-08:23:19.rf.pcm: sb0:55al
[2026-05-15 12:58:50] [INFO]       OK   n2007-12-23-16:56:12.rf.pcm: sb0:55al
[2026-05-15 12:58:50] [INFO]       OK   n2007-12-24-09:26:39.rf.pcm: sb0:59al
[2026-05-15 12:58:50] [INFO]       OK   n2007-12-24-17:00:11.rf.pcm: sb0:5al
[2026-05-15 12:58:50] [INFO]       OK   n2007-12-24-11:33:40.rf.pcm: sb0:92al
[2026-05-15 12:58:50] [INFO]       OK   n2007-12-24-10:30:18.rf.pcm: sb0:84al
[2026-05-15 12:58:50] [INFO]       OK   n2007-12-25-08:13:30.rf.pcm: sb0:19al
[2026-05-15 12:58:50] [INFO]       OK   n2007-12-24-12:38:30.rf.pcm: sb0:36al
[2026-05-15 12:58:50] [INFO]       OK   n2007-12-24-15:56:32.rf.pcm: sb0:73al
[2026-05-15 12:58:50] [INFO]       OK   n2007-12-24-13:42:07.rf.pcm: sb0:62al
[2026-05-15 12:58:50] [INFO]       OK   n2007-12-25-10:12:58.rf.pcm: sb0:41al
[2026-05-15 12:58:50] [INFO]       OK   n2007-12-25-11:14:00.rf.pcm: sb0:66al
[2026-05-15 12:58:50] [INFO]       OK   n2007-12-31-12:19:50.rf.pcm: sb0:24al
[2026-05-15 12:58:50] [INFO]       OK   n2007-12-30-09:54:39.rf.pcm: sb0:28al
[2026-05-15 12:58:50] [INFO]       OK   n2007-12-25-09:09:20.rf.pcm: sb0:50al
[2026-05-15 12:58:50] [INFO]       OK   n2007-12-31-08:26:29.rf.pcm: sb0:31al
[2026-05-15 12:58:50] [INFO]       OK   n2008-01-01-08:35:49.rf.pcm: sb0:59al
[2026-05-15 12:58:50] [INFO]       OK   n2008-01-21-09:29:49.rf.pcm: sb0:38al
[2026-05-15 12:58:50] [INFO]       OK   n2008-01-01-12:15:00.rf.pcm: sb0:44al
[2026-05-15 12:58:50] [INFO]       OK   n2007-10-24-23:14:08.rf.pcm: sb0:983al
[2026-05-15 12:58:50] [INFO]       OK   n2008-01-04-03:23:00.rf.pcm: sb0:164al
[2026-05-15 12:58:50] [INFO]       OK   n2008-01-22-08:42:34.rf.pcm: sb0:52al
[2026-05-15 12:58:50] [INFO]       OK   n2008-01-23-10:36:11.rf.pcm: sb0:50al
[2026-05-15 12:58:50] [INFO]       OK   n2008-01-24-07:12:16.rf.pcm: sb0:80al
[2026-05-15 12:58:50] [INFO]       OK   n2008-02-10-10:41:00.rf.pcm: sb0:28al
[2026-05-15 12:58:50] [INFO]       OK   n2008-02-22-06:40:09.rf.pcm: sb0:7al
[2026-05-15 12:58:50] [INFO]       OK   n2008-02-22-05:36:12.rf.pcm: sb0:30al
[2026-05-15 12:58:50] [INFO]       OK   n2008-02-22-07:45:19.rf.pcm: sb0:5al
[2026-05-15 12:58:50] [INFO]       OK   n2008-02-12-09:33:17.rf.pcm: sb0:81al
[2026-05-15 12:58:50] [INFO]       OK   n2008-02-11-09:28:16.rf.pcm: sb0:58al
[2026-05-15 12:58:50] [INFO]       OK   n2008-02-22-08:50:17.rf.pcm: sb0:32al
[2026-05-15 12:58:50] [INFO]       OK   n2008-02-22-11:17:52.rf.pcm: sb0:38al
[2026-05-15 12:58:50] [INFO]       OK   n2008-02-22-10:14:32.rf.pcm: sb0:46al
[2026-05-15 12:58:50] [INFO]       OK   n2008-02-22-12:21:10.rf.pcm: sb0:32al
[2026-05-15 12:58:50] [INFO]       OK   n2008-02-23-07:27:49.rf.pcm: sb0:3al
[2026-05-15 12:58:50] [INFO]       OK   n2008-02-23-06:21:01.rf.pcm: sb0:43al
[2026-05-15 12:58:50] [INFO]       OK   n2008-02-23-09:41:30.rf.pcm: sb0:30al
[2026-05-15 12:58:50] [INFO]       OK   n2008-02-23-08:34:40.rf.pcm: sb0:36al
[2026-05-15 12:58:50] [INFO]       OK   n2008-02-24-04:18:51.rf.pcm: sb0:54al
[2026-05-15 12:58:50] [INFO]       OK   n2008-02-23-10:48:12.rf.pcm: sb0:62al
[2026-05-15 12:58:50] [INFO]       OK   n2008-02-24-05:25:40.rf.pcm: sb0:41al
[2026-05-15 12:58:50] [INFO]       OK   n2008-02-24-06:32:21.rf.pcm: sb0:45al
[2026-05-15 12:58:50] [INFO]       OK   n2008-02-24-09:08:24.rf.pcm: sb0:9al
[2026-05-15 12:58:50] [INFO]       OK   n2008-02-24-07:39:00.rf.pcm: sb0:50al
[2026-05-15 12:58:50] [INFO]       OK   n2008-02-24-12:32:50.rf.pcm: sb0:40al
[2026-05-15 12:58:50] [INFO]       OK   n2008-02-24-11:26:10.rf.pcm: sb0:31al
[2026-05-15 12:58:50] [INFO]       OK   n2008-02-24-10:19:29.rf.pcm: sb0:51al
[2026-05-15 12:58:50] [INFO]       OK   n2008-02-25-05:19:12.rf.pcm: sb0:33al
[2026-05-15 12:58:50] [INFO]       OK   n2008-02-25-08:40:10.rf.pcm: sb0:3al
[2026-05-15 12:58:50] [INFO]       OK   n2008-02-25-06:26:22.rf.pcm: sb0:16al
[2026-05-15 12:58:50] [INFO]       OK   n2008-02-25-07:33:20.rf.pcm: sb0:30al
[2026-05-15 12:58:50] [INFO]       OK   n2008-02-25-13:07:12.rf.pcm: sb0:15al
[2026-05-15 12:58:50] [INFO]       OK   n2008-02-26-07:55:14.rf.pcm: sb0:7al
[2026-05-15 12:58:50] [INFO]       SKIP n2008-02-26-11:22:32.rf.pcm: too small (10x128)
[2026-05-15 12:58:50] [INFO]       OK   n2008-02-25-09:47:00.rf.pcm: sb0:21al
[2026-05-15 12:58:50] [INFO]       OK   n2008-02-25-12:00:30.rf.pcm: sb0:55al
[2026-05-15 12:58:50] [INFO]       OK   n2008-02-25-10:53:51.rf.pcm: sb0:64al
[2026-05-15 12:58:50] [INFO]       OK   n2008-02-26-06:41:34.rf.pcm: sb0:51al
[2026-05-15 12:58:50] [INFO]       SKIP n2008-02-27-09:19:19.rf.pcm: too small (11x128)
[2026-05-15 12:58:50] [INFO]       OK   n2008-02-26-05:12:56.rf.pcm: sb0:81al
[2026-05-15 12:58:50] [INFO]       OK   n2008-02-27-04:01:17.rf.pcm: sb0:53al
[2026-05-15 12:58:50] [INFO]       OK   n2008-02-26-10:14:24.rf.pcm: sb0:84al
[2026-05-15 12:58:50] [INFO]       OK   n2008-02-26-09:05:54.rf.pcm: sb0:57al
[2026-05-15 12:58:50] [INFO]       OK   n2008-02-26-11:36:59.rf.pcm: sb0:90al
[2026-05-15 12:58:50] [INFO]       OK   n2008-02-28-07:45:50.rf.pcm: sb0:0al
[2026-05-15 12:58:50] [INFO]       OK   n2008-02-27-05:22:35.rf.pcm: sb0:75al
[2026-05-15 12:58:50] [INFO]       OK   n2008-02-27-06:34:35.rf.pcm: sb0:74al
[2026-05-15 12:58:50] [INFO]       SKIP n2008-02-29-08:58:10.rf.pcm: too small (11x128)
[2026-05-15 12:58:50] [INFO]       OK   n2008-02-28-04:20:29.rf.pcm: sb0:35al
[2026-05-15 12:58:50] [INFO]       OK   n2008-02-28-05:29:12.rf.pcm: sb0:49al
[2026-05-15 12:58:50] [INFO]       OK   n2008-02-28-06:37:30.rf.pcm: sb0:24al
[2026-05-15 12:58:50] [INFO]       OK   n2008-02-29-05:22:10.rf.pcm: sb0:31al
[2026-05-15 12:58:50] [INFO]       SKIP n2008-03-19-05:51:23.rf.pcm: too small (14x128)
[2026-05-15 12:58:50] [INFO]       OK   n2008-02-29-04:10:10.rf.pcm: sb0:53al
[2026-05-15 12:58:50] [INFO]       OK   n2008-02-29-06:34:12.rf.pcm: sb0:43al
[2026-05-15 12:58:50] [INFO]       OK   n2008-02-29-07:46:10.rf.pcm: sb0:49al
[2026-05-15 12:58:50] [INFO]       OK   n2008-03-01-07:44:52.rf.pcm: sb0:47al
[2026-05-15 12:58:50] [INFO]       OK   n2008-03-03-06:05:39.rf.pcm: sb0:38al
[2026-05-15 12:58:50] [INFO]       OK   n2008-03-02-04:09:32.rf.pcm: sb0:42al
[2026-05-15 12:58:50] [INFO]       OK   n2008-03-03-09:58:43.rf.pcm: sb0:32al
[2026-05-15 12:58:50] [INFO]       OK   n2008-03-20-07:42:17.rf.pcm: sb0:73al
[2026-05-15 12:58:50] [INFO]       SKIP n2008-04-14-06:00:57.rf.pcm: too small (14x128)
[2026-05-15 12:58:50] [INFO]       OK   n2008-03-19-06:23:55.rf.pcm: sb0:57al
[2026-05-15 12:58:50] [INFO]       SKIP n2008-05-03-02:52:15.rf.pcm: too small (12x128)
[2026-05-15 12:58:50] [INFO]       OK   n2008-04-12-02:39:30.rf.pcm: sb0:32al
[2026-05-15 12:58:50] [INFO]       OK   n2008-03-22-06:42:17.rf.pcm: sb0:67al
[2026-05-15 12:58:50] [INFO]       OK   n2008-04-13-02:49:42.rf.pcm: sb0:45al
[2026-05-15 12:58:50] [INFO]       OK   n2008-04-14-03:54:05.rf.pcm: sb0:42al
[2026-05-15 12:58:50] [INFO]       OK   n2008-03-21-05:36:52.rf.pcm: sb0:43al
[2026-05-15 12:58:50] [INFO]       OK   n2008-04-14-05:03:16.rf.pcm: sb0:40al
[2026-05-15 12:58:50] [INFO]       SKIP n2008-05-12-04:19:56.rf.pcm: too small (15x128)
[2026-05-15 12:58:50] [INFO]       OK   n2008-05-03-03:15:37.rf.pcm: sb0:43al
[2026-05-15 12:58:50] [INFO]       OK   n2008-05-05-06:14:50.rf.pcm: sb0:7al
[2026-05-15 12:58:50] [INFO]       OK   n2008-05-02-05:01:32.rf.pcm: sb0:35al
[2026-05-15 12:58:50] [INFO]       OK   n2008-05-12-02:21:56.rf.pcm: sb0:32al
[2026-05-15 12:58:50] [INFO]       OK   n2008-05-12-00:03:18.rf.pcm: sb0:29al
[2026-05-15 12:58:50] [INFO]       OK   n2008-05-12-01:12:37.rf.pcm: sb0:65al
[2026-05-15 12:58:50] [INFO]       SKIP n2008-05-13-06:50:56.rf.pcm: too small (15x128)
[2026-05-15 12:58:50] [INFO]       OK   n2008-05-12-03:11:00.rf.pcm: sb0:59al
[2026-05-15 12:58:50] [INFO]       OK   n2008-05-12-04:42:56.rf.pcm: sb0:74al
[2026-05-15 12:58:50] [INFO]       OK   n2008-05-12-05:52:16.rf.pcm: sb0:47al
[2026-05-15 12:58:50] [INFO]       OK   n2008-05-13-02:13:37.rf.pcm: sb0:95al
[2026-05-15 12:58:50] [INFO]       OK   n2008-05-13-03:22:57.rf.pcm: sb0:47al
[2026-05-15 12:58:50] [INFO]       OK   n2008-05-13-04:32:16.rf.pcm: sb0:37al
[2026-05-15 12:58:51] [INFO]       OK   n2008-05-13-05:41:36.rf.pcm: sb0:61al
[2026-05-15 12:58:51] [INFO]       OK   n2008-05-13-22:07:57.rf.pcm: sb0:26al
[2026-05-15 12:58:51] [INFO]       OK   n2008-05-13-23:30:16.rf.pcm: sb0:62al
[2026-05-15 12:58:51] [INFO]       OK   n2008-05-14-00:39:36.rf.pcm: sb0:50al
[2026-05-15 12:58:51] [INFO]       OK   n2008-05-14-06:38:16.rf.pcm: sb0:6al
[2026-05-15 12:58:51] [INFO]       OK   n2008-05-14-01:48:57.rf.pcm: sb0:60al
[2026-05-15 12:58:51] [INFO]       OK   n2008-05-14-02:58:16.rf.pcm: sb0:51al
[2026-05-15 12:58:51] [INFO]       OK   n2008-05-14-04:07:17.rf.pcm: sb0:55al
[2026-05-15 12:58:51] [INFO]       OK   n2008-05-15-06:32:16.rf.pcm: sb0:21al
[2026-05-15 12:58:51] [INFO]       OK   n2008-05-14-05:28:59.rf.pcm: sb0:59al
[2026-05-15 12:58:51] [INFO]       OK   n2008-05-15-03:04:17.rf.pcm: sb0:75al
[2026-05-15 12:58:51] [INFO]       OK   n2008-05-15-04:13:37.rf.pcm: sb0:91al
[2026-05-15 12:58:51] [INFO]       OK   n2008-05-15-05:22:56.rf.pcm: sb0:83al
[2026-05-15 12:58:51] [INFO]       OK   n2008-05-16-04:54:16.rf.pcm: sb0:9al
[2026-05-15 12:58:51] [INFO]       OK   n2008-05-15-21:58:56.rf.pcm: sb0:77al
[2026-05-15 12:58:51] [INFO]       OK   n2008-05-16-00:17:37.rf.pcm: sb0:71al
[2026-05-15 12:58:51] [INFO]       OK   n2008-05-15-23:08:16.rf.pcm: sb0:58al
[2026-05-15 12:58:51] [INFO]       OK   n2008-05-16-05:29:36.rf.pcm: sb0:3al
[2026-05-15 12:58:51] [INFO]       OK   n2008-05-16-01:26:56.rf.pcm: sb0:36al
[2026-05-15 12:58:51] [INFO]       OK   n2008-05-16-02:36:17.rf.pcm: sb0:54al
[2026-05-15 12:58:51] [INFO]       OK   n2008-05-16-03:45:16.rf.pcm: sb0:41al
[2026-05-15 12:58:51] [INFO]       OK   n2008-05-16-22:28:56.rf.pcm: sb0:74al
[2026-05-15 12:58:51] [INFO]       OK   n2008-05-16-05:54:56.rf.pcm: sb0:88al
[2026-05-15 12:58:51] [INFO]       OK   n2008-05-16-23:37:58.rf.pcm: sb0:48al
[2026-05-15 12:58:51] [INFO]       OK   n2008-05-17-03:05:17.rf.pcm: sb0:40al
[2026-05-15 12:58:51] [INFO]       OK   n2008-05-17-00:46:57.rf.pcm: sb0:108al
[2026-05-15 12:58:51] [INFO]       OK   n2008-05-17-01:56:16.rf.pcm: sb0:60al
[2026-05-15 12:58:51] [INFO]       OK   n2008-05-17-04:14:17.rf.pcm: sb0:71al
[2026-05-15 12:58:51] [INFO]       OK   n2008-05-17-06:33:17.rf.pcm: sb0:32al
[2026-05-15 12:58:51] [INFO]       OK   n2008-05-17-05:23:36.rf.pcm: sb0:78al
[2026-05-15 12:58:51] [INFO]       OK   n2008-05-18-01:19:57.rf.pcm: sb0:3al
[2026-05-15 12:58:51] [INFO]       OK   n2008-05-17-23:01:16.rf.pcm: sb0:69al
[2026-05-15 12:58:51] [INFO]       OK   n2008-05-18-06:22:16.rf.pcm: sb0:26al
[2026-05-15 12:58:51] [INFO]       OK   n2008-05-18-00:10:36.rf.pcm: sb0:60al
[2026-05-15 12:58:51] [INFO]       OK   n2008-05-17-21:51:57.rf.pcm: sb0:64al
[2026-05-15 12:58:51] [INFO]       OK   n2008-05-18-02:52:16.rf.pcm: sb0:66al
[2026-05-15 12:58:51] [INFO]       OK   n2008-05-18-04:01:36.rf.pcm: sb0:71al
[2026-05-15 12:58:51] [INFO]       OK   n2008-05-18-05:10:57.rf.pcm: sb0:58al
[2026-05-15 12:58:51] [INFO]       OK   n2008-05-18-22:58:37.rf.pcm: sb0:65al
[2026-05-15 12:58:51] [INFO]       OK   n2008-05-19-02:46:32.rf.pcm: sb0:36al
[2026-05-15 12:58:51] [INFO]       OK   n2008-05-19-00:07:56.rf.pcm: sb0:51al
[2026-05-15 12:58:51] [INFO]       OK   n2008-05-19-01:17:16.rf.pcm: sb0:69al
[2026-05-15 12:58:51] [INFO]       OK   n2008-05-19-05:03:51.rf.pcm: sb0:55al
[2026-05-15 12:58:51] [INFO]       OK   n2008-05-19-06:12:21.rf.pcm: sb0:42al
[2026-05-15 12:58:51] [INFO]       OK   n2008-05-19-03:55:12.rf.pcm: sb0:42al
[2026-05-15 12:58:51] [INFO]       OK   n2008-05-24-03:53:12.rf.pcm: sb0:26al
[2026-05-15 12:58:51] [INFO]       OK   n2008-05-24-06:43:57.rf.pcm: sb0:41al
[2026-05-15 12:58:51] [INFO]       OK   n2008-06-14-06:01:52.rf.pcm: sb0:2al
[2026-05-15 12:58:51] [INFO]       OK   n2008-06-16-20:36:42.rf.pcm: sb0:5al
[2026-05-15 12:58:51] [INFO]       OK   n2008-05-25-22:45:57.rf.pcm: sb0:63al
[2026-05-15 12:58:51] [INFO]       OK   n2008-05-25-02:39:17.rf.pcm: sb0:51al
[2026-05-15 12:58:51] [INFO]       OK   n2008-05-25-01:25:58.rf.pcm: sb0:68al
[2026-05-15 12:58:51] [INFO]       OK   n2008-06-13-23:08:42.rf.pcm: sb0:42al
[2026-05-15 12:58:51] [INFO]       OK   n2008-07-03-22:51:23.rf.pcm: sb0:5al
[2026-05-15 12:58:51] [INFO]       OK   n2008-06-26-23:50:53.rf.pcm: sb0:48al
[2026-05-15 12:58:51] [INFO]       OK   n2008-06-25-20:13:12.rf.pcm: sb0:54al
[2026-05-15 12:58:51] [INFO]       OK   n2008-06-15-00:09:37.rf.pcm: sb0:39al
[2026-05-15 12:58:51] [INFO]       OK   n2008-06-27-03:51:57.rf.pcm: sb0:66al
[2026-05-15 12:58:51] [INFO]       OK   n2008-06-27-23:57:16.rf.pcm: sb0:47al
[2026-05-15 12:58:51] [INFO]       OK   n2008-07-04-01:09:03.rf.pcm: sb0:47al
[2026-05-15 12:58:51] [INFO]       OK   n2008-07-04-02:33:32.rf.pcm: sb0:29al
[2026-05-15 12:58:51] [INFO]       OK   n2008-07-04-03:42:12.rf.pcm: sb0:35al
[2026-05-15 12:58:51] [INFO]       OK   n2008-07-05-22:43:22.rf.pcm: sb0:60al
[2026-05-15 12:58:51] [INFO]       OK   n2008-07-05-03:16:44.rf.pcm: sb0:59al
[2026-05-15 12:58:51] [INFO]       SKIP n2008-07-06-23:21:52.rf.pcm: too small (14x128)
[2026-05-15 12:58:51] [INFO]       OK   n2008-07-05-21:34:43.rf.pcm: sb0:37al
[2026-05-15 12:58:51] [INFO]       OK   n2008-07-06-01:00:42.rf.pcm: sb0:33al
[2026-05-15 12:58:51] [INFO]       OK   n2008-07-05-23:52:02.rf.pcm: sb0:57al
[2026-05-15 12:58:51] [INFO]       OK   n2008-07-06-04:26:42.rf.pcm: sb0:16al
[2026-05-15 12:58:51] [INFO]       OK   n2008-07-06-02:09:22.rf.pcm: sb0:48al
[2026-05-15 12:58:51] [INFO]       OK   n2008-07-06-03:18:03.rf.pcm: sb0:28al
[2026-05-15 12:58:51] [INFO]       OK   n2008-07-08-01:15:42.rf.pcm: sb0:4al
[2026-05-15 12:58:51] [INFO]       OK   n2008-07-06-22:13:12.rf.pcm: sb0:31al
[2026-05-15 12:58:51] [INFO]       OK   n2008-07-07-03:13:42.rf.pcm: sb0:37al
[2026-05-15 12:58:51] [INFO]       OK   n2008-07-07-21:49:44.rf.pcm: sb0:35al
[2026-05-15 12:58:51] [INFO]       OK   n2008-07-08-00:07:02.rf.pcm: sb0:25al
[2026-05-15 12:58:51] [INFO]       OK   n2008-07-08-01:42:02.rf.pcm: sb0:55al
[2026-05-15 12:58:51] [INFO]       OK   n2008-07-08-03:59:27.rf.pcm: sb0:18al
[2026-05-15 12:58:51] [INFO]       OK   n2008-07-08-02:50:42.rf.pcm: sb0:45al
[2026-05-15 12:58:51] [INFO]       OK   n2008-07-07-22:58:22.rf.pcm: sb0:41al
[2026-05-15 12:58:51] [INFO]       OK   n2008-07-08-21:49:23.rf.pcm: sb0:45al
[2026-05-15 12:58:51] [INFO]       OK   n2008-07-08-22:58:03.rf.pcm: sb0:48al
[2026-05-15 12:58:51] [INFO]       OK   n2008-07-09-00:06:42.rf.pcm: sb0:28al
[2026-05-15 12:58:51] [INFO]       OK   n2008-07-09-01:15:24.rf.pcm: sb0:27al
[2026-05-15 12:58:51] [INFO]       OK   n2008-07-09-02:28:42.rf.pcm: sb0:48al
[2026-05-15 12:58:51] [INFO]       OK   n2008-07-09-03:37:30.rf.pcm: sb0:30al
[2026-05-15 12:58:51] [INFO]       OK   n2008-07-09-22:20:24.rf.pcm: sb0:39al
[2026-05-15 12:58:51] [INFO]       OK   n2008-07-09-23:29:04.rf.pcm: sb0:50al
[2026-05-15 12:58:51] [INFO]       OK   n2008-07-10-02:55:04.rf.pcm: sb0:12al
[2026-05-15 12:58:51] [INFO]       OK   n2008-07-11-01:36:22.rf.pcm: sb0:3al
[2026-05-15 12:58:51] [INFO]       SKIP n2008-07-11-04:31:34.rf.pcm: too small (12x128)
[2026-05-15 12:58:51] [INFO]       OK   n2008-07-10-00:37:44.rf.pcm: sb0:42al
[2026-05-15 12:58:51] [INFO]       OK   n2008-07-10-01:46:23.rf.pcm: sb0:36al
[2026-05-15 12:58:51] [INFO]       OK   n2008-07-10-22:10:23.rf.pcm: sb0:29al
[2026-05-15 12:58:51] [INFO]       OK   n2008-07-11-23:35:53.rf.pcm: sb0:2al
[2026-05-15 12:58:51] [INFO]       OK   n2008-07-10-23:19:03.rf.pcm: sb0:32al
[2026-05-15 12:58:51] [INFO]       OK   n2008-07-11-00:27:43.rf.pcm: sb0:35al
[2026-05-15 12:58:51] [INFO]       OK   n2008-07-11-02:14:32.rf.pcm: sb0:28al
[2026-05-15 12:58:51] [INFO]       OK   n2008-07-12-04:11:03.rf.pcm: sb0:2al
[2026-05-15 12:58:51] [INFO]       OK   n2008-07-11-03:23:02.rf.pcm: sb0:45al
[2026-05-15 12:58:51] [INFO]       OK   n2008-07-12-00:03:33.rf.pcm: sb0:29al
[2026-05-15 12:58:51] [INFO]       OK   n2008-07-12-02:20:54.rf.pcm: sb0:15al
[2026-05-15 12:58:51] [INFO]       OK   n2008-07-11-21:52:00.rf.pcm: sb0:34al
[2026-05-15 12:58:51] [INFO]       OK   n2008-07-12-01:12:13.rf.pcm: sb0:44al
[2026-05-15 12:58:51] [INFO]       OK   n2008-07-12-03:02:24.rf.pcm: sb0:39al
[2026-05-15 12:58:51] [INFO]       OK   n2008-07-12-22:02:42.rf.pcm: sb0:24al
[2026-05-15 12:58:51] [INFO]       SKIP n2008-07-14-00:59:13.rf.pcm: too small (10x128)
[2026-05-15 12:58:51] [INFO]       SKIP n2008-07-14-01:14:53.rf.pcm: too small (13x128)
[2026-05-15 12:58:51] [INFO]       OK   n2008-07-13-01:28:42.rf.pcm: sb0:28al
[2026-05-15 12:58:51] [INFO]       OK   n2008-07-13-02:25:12.rf.pcm: sb0:19al
[2026-05-15 12:58:51] [INFO]       OK   n2008-07-13-00:20:02.rf.pcm: sb0:40al
[2026-05-15 12:58:51] [INFO]       OK   n2008-07-12-23:11:24.rf.pcm: sb0:26al
[2026-05-15 12:58:51] [INFO]       OK   n2008-07-14-03:05:33.rf.pcm: sb0:5al
[2026-05-15 12:58:51] [INFO]       OK   n2008-07-13-03:26:14.rf.pcm: sb0:51al
[2026-05-15 12:58:51] [INFO]       OK   n2008-07-13-21:51:25.rf.pcm: sb0:34al
[2026-05-15 12:58:51] [INFO]       OK   n2008-07-13-23:13:53.rf.pcm: sb0:41al
[2026-05-15 12:58:51] [INFO]       SKIP n2008-08-17-00:39:12.rf.pcm: too small (13x128)
[2026-05-15 12:58:51] [INFO]       OK   n2008-08-12-23:57:02.rf.pcm: sb0:10al
[2026-05-15 12:58:51] [INFO]       OK   n2008-07-14-01:56:52.rf.pcm: sb0:40al
[2026-05-15 12:58:51] [INFO]       OK   n2008-07-14-03:30:01.rf.pcm: sb0:6al
[2026-05-15 12:58:51] [INFO]       OK   n2008-07-22-23:34:21.rf.pcm: sb0:17al
[2026-05-15 12:58:51] [INFO]       OK   n2008-07-21-22:14:34.rf.pcm: sb0:50al
[2026-05-15 12:58:51] [INFO]       OK   n2008-08-13-21:32:19.rf.pcm: sb0:48al
[2026-05-15 12:58:51] [INFO]       OK   n2008-08-17-01:08:04.rf.pcm: sb0:92al
[2026-05-15 12:58:51] [INFO]       OK   n2008-08-14-22:06:14.rf.pcm: sb0:31al
[2026-05-15 12:58:51] [INFO]       OK   n2008-08-31-15:40:01.rf.pcm: sb0:32al
[2026-05-15 12:58:51] [INFO]       OK   n2008-08-31-20:05:01.rf.pcm: sb0:24al
[2026-05-15 12:58:51] [INFO]       OK   n2008-09-02-17:34:16.rf.pcm: sb0:99al
[2026-05-15 12:58:51] [INFO]       OK   n2008-09-04-16:36:16.rf.pcm: sb0:93al
[2026-05-15 12:58:51] [INFO]       OK   n2008-09-04-15:18:56.rf.pcm: sb0:97al
[2026-05-15 12:58:51] [INFO]       OK   n2008-09-04-17:49:56.rf.pcm: sb0:64al
[2026-05-15 12:58:51] [INFO]       OK   n2008-09-05-15:22:36.rf.pcm: sb0:62al
[2026-05-15 12:58:51] [INFO]       OK   n2008-09-04-19:28:16.rf.pcm: sb0:65al
[2026-05-15 12:58:51] [INFO]       OK   n2008-09-05-18:16:16.rf.pcm: sb0:87al
[2026-05-15 12:58:51] [INFO]       OK   n2008-09-06-17:49:36.rf.pcm: sb0:62al
[2026-05-15 12:58:51] [INFO]       OK   n2008-09-06-16:36:38.rf.pcm: sb0:47al
[2026-05-15 12:58:51] [INFO]       OK   n2008-09-06-20:08:07.rf.pcm: sb0:67al
[2026-05-15 12:58:51] [INFO]       OK   n2008-09-06-18:58:47.rf.pcm: sb0:54al
[2026-05-15 12:58:51] [INFO]       OK   n2008-09-07-18:38:46.rf.pcm: sb0:16al
[2026-05-15 12:58:51] [INFO]       OK   n2008-09-06-21:17:42.rf.pcm: sb0:68al
[2026-05-15 12:58:51] [INFO]       OK   n2008-09-07-21:07:56.rf.pcm: sb0:20al
[2026-05-15 12:58:51] [INFO]       OK   n2008-09-06-22:26:56.rf.pcm: sb0:55al
[2026-05-15 12:58:51] [INFO]       OK   n2008-09-07-15:02:56.rf.pcm: sb0:57al
[2026-05-15 12:58:51] [INFO]       OK   n2008-09-07-21:43:56.rf.pcm: sb0:15al
[2026-05-15 12:58:51] [INFO]       OK   n2008-09-07-16:16:38.rf.pcm: sb0:42al
[2026-05-15 12:58:51] [INFO]       OK   n2008-09-07-17:29:36.rf.pcm: sb0:70al
[2026-05-15 12:58:51] [INFO]       OK   n2008-09-08-20:56:16.rf.pcm: sb0:13al
[2026-05-15 12:58:51] [INFO]       SKIP n2008-09-22-20:24:00.rf.pcm: too small (12x128)
[2026-05-15 12:58:51] [INFO]       OK   n2008-09-08-14:52:36.rf.pcm: sb0:69al
[2026-05-15 12:58:51] [INFO]       OK   n2008-09-08-16:05:58.rf.pcm: sb0:56al
[2026-05-15 12:58:51] [INFO]       OK   n2008-09-08-19:46:56.rf.pcm: sb0:53al
[2026-05-15 12:58:51] [INFO]       OK   n2008-09-08-17:27:56.rf.pcm: sb0:54al
[2026-05-15 12:58:51] [INFO]       OK   n2008-09-08-18:37:38.rf.pcm: sb0:50al
[2026-05-15 12:58:52] [INFO]       OK   n2008-10-12-13:04:16.rf.pcm: sb0:1al
[2026-05-15 12:58:52] [INFO]       OK   n2008-10-12-13:23:49.rf.pcm: sb0:3al
[2026-05-15 12:58:52] [INFO]       OK   n2008-09-21-16:44:22.rf.pcm: sb0:60al
[2026-05-15 12:58:52] [INFO]       OK   n2008-09-22-13:40:19.rf.pcm: sb0:78al
[2026-05-15 12:58:52] [INFO]       OK   n2008-10-10-16:12:21.rf.pcm: sb0:35al
[2026-05-15 12:58:52] [INFO]       OK   n2008-10-10-17:35:16.rf.pcm: sb0:34al
[2026-05-15 12:58:52] [INFO]       OK   n2008-10-11-17:17:36.rf.pcm: sb0:16al
[2026-05-15 12:58:52] [INFO]       OK   n2008-10-12-16:47:16.rf.pcm: sb0:51al
[2026-05-15 12:58:52] [INFO]       OK   n2008-10-13-18:08:01.rf.pcm: sb0:4al
[2026-05-15 12:58:52] [INFO]       SKIP n2008-10-14-21:18:47.rf.pcm: too small (10x128)
[2026-05-15 12:58:52] [INFO]       OK   n2008-10-13-19:27:01.rf.pcm: sb0:18al
[2026-05-15 12:58:52] [INFO]       OK   n2008-10-13-16:54:11.rf.pcm: sb0:48al
[2026-05-15 12:58:52] [INFO]       OK   n2008-10-14-17:50:15.rf.pcm: sb0:4al
[2026-05-15 12:58:52] [INFO]       OK   n2008-10-14-14:09:56.rf.pcm: sb0:101al
[2026-05-15 12:58:52] [INFO]       OK   n2008-10-14-15:22:56.rf.pcm: sb0:50al
[2026-05-15 12:58:52] [INFO]       OK   n2008-10-14-20:09:11.rf.pcm: sb0:75al
[2026-05-15 12:58:52] [INFO]       OK   n2008-10-15-12:49:41.rf.pcm: sb0:55al
[2026-05-15 12:58:52] [INFO]       OK   n2008-10-14-18:59:44.rf.pcm: sb0:71al
[2026-05-15 12:58:52] [INFO]       OK   n2008-10-15-14:02:01.rf.pcm: sb0:49al
[2026-05-15 12:58:52] [INFO]       OK   n2008-10-15-21:37:23.rf.pcm: sb0:1al
[2026-05-15 12:58:52] [INFO]       OK   n2008-10-15-15:14:21.rf.pcm: sb0:50al
[2026-05-15 12:58:52] [INFO]       OK   n2008-10-15-16:27:01.rf.pcm: sb0:28al
[2026-05-15 12:58:52] [INFO]       OK   n2008-10-15-19:12:01.rf.pcm: sb0:31al
[2026-05-15 12:58:52] [INFO]       OK   n2008-10-15-17:39:21.rf.pcm: sb0:29al
[2026-05-15 12:58:52] [INFO]       OK   n2008-10-16-14:31:41.rf.pcm: sb0:31al
[2026-05-15 12:58:52] [INFO]       OK   n2008-10-15-20:25:11.rf.pcm: sb0:32al
[2026-05-15 12:58:52] [INFO]       OK   n2008-10-16-15:44:21.rf.pcm: sb0:40al
[2026-05-15 12:58:52] [INFO]       OK   n2008-10-16-16:56:41.rf.pcm: sb0:35al
[2026-05-15 12:58:52] [INFO]       OK   n2008-10-16-20:33:51.rf.pcm: sb0:31al
[2026-05-15 12:58:52] [INFO]       OK   n2008-10-16-18:09:11.rf.pcm: sb0:48al
[2026-05-15 12:58:52] [INFO]       OK   n2008-10-17-12:20:41.rf.pcm: sb0:37al
[2026-05-15 12:58:52] [INFO]       OK   n2008-10-16-19:21:31.rf.pcm: sb0:45al
[2026-05-15 12:58:52] [INFO]       OK   n2008-10-17-15:29:52.rf.pcm: sb0:32al
[2026-05-15 12:58:52] [INFO]       OK   n2008-10-17-13:36:43.rf.pcm: sb0:46al
[2026-05-15 12:58:52] [INFO]       OK   n2008-10-18-13:01:31.rf.pcm: sb0:6al
[2026-05-15 12:58:52] [INFO]       OK   n2008-10-17-16:42:21.rf.pcm: sb0:44al
[2026-05-15 12:58:52] [INFO]       OK   n2008-10-17-17:54:41.rf.pcm: sb0:32al
[2026-05-15 12:58:52] [INFO]       OK   n2008-10-17-19:07:11.rf.pcm: sb0:44al
[2026-05-15 12:58:52] [INFO]       OK   n2008-10-17-20:20:01.rf.pcm: sb0:39al
[2026-05-15 12:58:52] [INFO]       OK   n2008-10-18-11:49:09.rf.pcm: sb0:35al
[2026-05-15 12:58:52] [INFO]       OK   n2008-10-18-13:28:53.rf.pcm: sb0:30al
[2026-05-15 12:58:52] [INFO]       OK   n2008-10-24-18:16:56.rf.pcm: sb0:44al
[2026-05-15 12:58:52] [INFO]       OK   n2008-10-24-16:27:16.rf.pcm: sb0:43al
[2026-05-15 12:58:52] [INFO]       OK   n2008-10-18-14:37:41.rf.pcm: sb0:57al
[2026-05-15 12:58:52] [INFO]       OK   n2008-10-18-15:46:41.rf.pcm: sb0:62al
[2026-05-15 12:58:52] [INFO]       OK   n2008-10-18-16:55:41.rf.pcm: sb0:45al
[2026-05-15 12:58:52] [INFO]       OK   n2008-10-25-14:42:01.rf.pcm: sb0:51al
[2026-05-15 12:58:52] [INFO]       OK   n2008-11-15-17:12:17.rf.pcm: sb0:7al
[2026-05-15 12:58:52] [INFO]       OK   n2008-11-12-19:44:21.rf.pcm: sb0:19al
[2026-05-15 12:58:52] [INFO]       OK   n2008-10-26-11:37:31.rf.pcm: sb0:36al
[2026-05-15 12:58:52] [INFO]       OK   n2008-11-15-12:54:16.rf.pcm: sb0:73al
[2026-05-15 12:58:52] [INFO]       OK   n2008-10-26-14:27:36.rf.pcm: sb0:69al
[2026-05-15 12:58:52] [INFO]       OK   n2008-12-01-11:58:35.rf.pcm: sb0:44al
[2026-05-15 12:58:52] [INFO]       OK   n2008-12-12-08:21:40.rf.pcm: sb0:36al
[2026-05-15 12:58:52] [INFO]       OK   n2008-12-03-11:48:15.rf.pcm: sb0:33al
[2026-05-15 12:58:52] [INFO]       OK   n2008-12-02-15:32:42.rf.pcm: sb0:43al
[2026-05-15 12:58:52] [INFO]       OK   n2008-12-13-10:24:15.rf.pcm: sb0:42al
[2026-05-15 12:58:52] [INFO]       OK   n2008-12-14-10:54:35.rf.pcm: sb0:69al
[2026-05-15 12:58:52] [INFO]       OK   n2008-12-14-13:32:10.rf.pcm: sb0:39al
[2026-05-15 12:58:52] [INFO]       OK   n2008-12-21-07:47:15.rf.pcm: sb0:72al
[2026-05-15 12:58:52] [INFO]       OK   n2008-12-21-10:16:15.rf.pcm: sb0:102al
[2026-05-15 12:58:52] [INFO]       OK   n2008-12-21-12:42:15.rf.pcm: sb0:46al
[2026-05-15 12:58:52] [INFO]       OK   n2008-12-21-09:01:57.rf.pcm: sb0:62al
[2026-05-15 12:58:52] [INFO]       OK   n2008-12-21-13:55:15.rf.pcm: sb0:37al
[2026-05-15 12:58:52] [INFO]       OK   n2008-12-21-11:29:16.rf.pcm: sb0:80al
[2026-05-15 12:58:52] [INFO]       OK   n2008-12-21-15:08:57.rf.pcm: sb0:51al
[2026-05-15 12:58:52] [INFO]       OK   n2008-12-22-10:35:35.rf.pcm: sb0:64al
[2026-05-15 12:58:52] [INFO]       OK   n2008-12-22-08:22:17.rf.pcm: sb0:43al
[2026-05-15 12:58:52] [INFO]       OK   n2008-12-22-13:30:35.rf.pcm: sb0:9al
[2026-05-15 12:58:52] [INFO]       OK   n2008-12-22-17:13:59.rf.pcm: sb0:19al
[2026-05-15 12:58:52] [INFO]       OK   n2008-12-22-12:08:15.rf.pcm: sb0:69al
[2026-05-15 12:58:52] [INFO]       OK   n2008-12-22-14:47:37.rf.pcm: sb0:82al
[2026-05-15 12:58:52] [INFO]       OK   n2008-12-22-16:00:35.rf.pcm: sb0:71al
[2026-05-15 12:58:52] [INFO]       OK   n2008-12-23-07:48:21.rf.pcm: sb0:87al
[2026-05-15 12:58:52] [INFO]       OK   n2008-12-23-11:27:55.rf.pcm: sb0:64al
[2026-05-15 12:58:52] [INFO]       OK   n2008-12-23-10:14:55.rf.pcm: sb0:88al
[2026-05-15 12:58:52] [INFO]       OK   n2008-12-23-09:01:37.rf.pcm: sb0:92al
[2026-05-15 12:58:52] [INFO]       OK   n2008-12-23-12:41:55.rf.pcm: sb0:74al
[2026-05-15 12:58:52] [INFO]       OK   n2008-12-24-07:17:36.rf.pcm: sb0:8al
[2026-05-15 12:58:52] [INFO]       OK   n2008-12-23-13:54:55.rf.pcm: sb0:81al
[2026-05-15 12:58:52] [INFO]       OK   n2008-12-23-15:08:15.rf.pcm: sb0:58al
[2026-05-15 12:58:52] [INFO]       OK   n2008-12-23-16:21:15.rf.pcm: sb0:64al
[2026-05-15 12:58:52] [INFO]       SKIP n2008-12-24-16:38:17.rf.pcm: too small (15x128)
[2026-05-15 12:58:52] [INFO]       OK   n2008-12-24-07:52:19.rf.pcm: sb0:39al
[2026-05-15 12:58:52] [INFO]       OK   n2008-12-24-09:06:57.rf.pcm: sb0:57al
[2026-05-15 12:58:52] [INFO]       OK   n2008-12-24-12:58:35.rf.pcm: sb0:78al
[2026-05-15 12:58:52] [INFO]       OK   n2008-12-24-10:32:35.rf.pcm: sb0:62al
[2026-05-15 12:58:52] [INFO]       SKIP n2008-12-25-10:47:55.rf.pcm: too small (11x128)
[2026-05-15 12:58:52] [INFO]       OK   n2008-12-24-11:45:35.rf.pcm: sb0:73al
[2026-05-15 12:58:52] [INFO]       OK   n2008-12-24-15:24:37.rf.pcm: sb0:51al
[2026-05-15 12:58:52] [INFO]       OK   n2008-12-25-08:53:17.rf.pcm: sb0:7al
[2026-05-15 12:58:52] [INFO]       OK   n2008-12-24-14:11:37.rf.pcm: sb0:55al
[2026-05-15 12:58:52] [INFO]       OK   n2008-12-25-07:40:19.rf.pcm: sb0:41al
[2026-05-15 12:58:52] [INFO]       OK   n2008-12-25-13:49:17.rf.pcm: sb0:68al
[2026-05-15 12:58:52] [INFO]       OK   n2008-12-25-15:02:17.rf.pcm: sb0:45al
[2026-05-15 12:58:52] [INFO]       OK   n2008-12-25-09:34:57.rf.pcm: sb0:58al
[2026-05-15 12:58:52] [INFO]       OK   n2008-12-26-07:42:17.rf.pcm: sb0:66al
[2026-05-15 12:58:52] [INFO]       OK   n2008-12-25-16:15:17.rf.pcm: sb0:69al
[2026-05-15 12:58:52] [INFO]       SKIP n2008-12-26-17:27:01.rf.pcm: too small (12x128)
[2026-05-15 12:58:52] [INFO]       OK   n2008-12-26-11:21:35.rf.pcm: sb0:41al
[2026-05-15 12:58:52] [INFO]       OK   n2008-12-26-10:08:35.rf.pcm: sb0:89al
[2026-05-15 12:58:52] [INFO]       OK   n2008-12-26-08:55:37.rf.pcm: sb0:59al
[2026-05-15 12:58:52] [INFO]       OK   n2008-12-26-15:00:57.rf.pcm: sb0:44al
[2026-05-15 12:58:52] [INFO]       OK   n2008-12-26-13:47:55.rf.pcm: sb0:69al
[2026-05-15 12:58:52] [INFO]       OK   n2008-12-26-12:34:35.rf.pcm: sb0:65al
[2026-05-15 12:58:52] [INFO]       OK   n2008-12-27-08:27:38.rf.pcm: sb0:65al
[2026-05-15 12:58:52] [INFO]       OK   n2008-12-26-16:13:55.rf.pcm: sb0:65al
[2026-05-15 12:58:52] [INFO]       OK   n2008-12-27-10:53:35.rf.pcm: sb0:67al
[2026-05-15 12:58:52] [INFO]       OK   n2008-12-27-09:40:35.rf.pcm: sb0:85al
[2026-05-15 12:58:52] [INFO]       OK   n2008-12-27-12:42:15.rf.pcm: sb0:109al
[2026-05-15 12:58:52] [INFO]       OK   n2008-12-27-16:21:17.rf.pcm: sb0:56al
[2026-05-15 12:58:52] [INFO]       OK   n2008-12-27-13:55:16.rf.pcm: sb0:63al
[2026-05-15 12:58:52] [INFO]       OK   n2008-12-27-15:08:16.rf.pcm: sb0:43al
[2026-05-15 12:58:52] [INFO]       SKIP n2009-01-01-16:50:37.rf.pcm: too small (13x128)
[2026-05-15 12:58:52] [INFO]       OK   n2008-12-28-08:38:23.rf.pcm: sb0:48al
[2026-05-15 12:58:52] [INFO]       OK   n2008-12-30-09:58:30.rf.pcm: sb0:62al
[2026-05-15 12:58:52] [INFO]       OK   n2008-12-31-07:53:17.rf.pcm: sb0:63al
[2026-05-15 12:58:52] [INFO]       SKIP n2009-02-11-07:26:15.rf.pcm: too small (11x128)
[2026-05-15 12:58:52] [INFO]       OK   n2008-12-31-12:05:00.rf.pcm: sb0:16al
[2026-05-15 12:58:52] [INFO]       OK   n2009-01-01-10:09:35.rf.pcm: sb0:63al
[2026-05-15 12:58:52] [INFO]       OK   n2009-01-01-14:13:18.rf.pcm: sb0:50al
[2026-05-15 12:58:52] [INFO]       OK   n2009-01-01-11:23:15.rf.pcm: sb0:73al
[2026-05-15 12:58:52] [INFO]       OK   n2009-01-23-06:06:56.rf.pcm: sb0:58al
[2026-05-15 12:58:52] [INFO]       OK   n2009-01-25-07:31:00.rf.pcm: sb0:38al
[2026-05-15 12:58:52] [INFO]       OK   n2009-01-24-10:14:20.rf.pcm: sb0:49al
[2026-05-15 12:58:52] [INFO]       OK   n2009-02-20-07:24:50.rf.pcm: sb0:42al
[2026-05-15 12:58:52] [INFO]       OK   n2009-02-11-08:04:15.rf.pcm: sb0:91al
[2026-05-15 12:58:52] [INFO]       OK   n2009-02-20-09:07:55.rf.pcm: sb0:68al
[2026-05-15 12:58:52] [INFO]       OK   n2009-02-21-06:44:15.rf.pcm: sb0:57al
[2026-05-15 12:58:52] [INFO]       OK   n2009-02-22-05:27:57.rf.pcm: sb0:61al
[2026-05-15 12:58:52] [INFO]       OK   n2009-02-22-06:53:45.rf.pcm: sb0:44al
[2026-05-15 12:58:52] [INFO]       OK   n2009-03-06-02:59:41.rf.pcm: sb0:27al
[2026-05-15 12:58:52] [INFO]       OK   n2009-03-06-04:08:12.rf.pcm: sb0:50al
[2026-05-15 12:58:52] [INFO]       SKIP n2009-04-10-02:13:33.rf.pcm: too small (10x128)
[2026-05-15 12:58:52] [INFO]       SKIP n2009-04-10-02:25:08.rf.pcm: too small (10x128)
[2026-05-15 12:58:52] [INFO]       OK   n2009-03-06-05:25:31.rf.pcm: sb0:40al
[2026-05-15 12:58:52] [INFO]       OK   n2009-03-15-07:06:20.rf.pcm: sb0:31al
[2026-05-15 12:58:52] [INFO]       OK   n2009-04-10-02:54:10.rf.pcm: sb0:14al
[2026-05-15 12:58:52] [INFO]       OK   n2009-04-11-01:21:17.rf.pcm: sb0:9al
[2026-05-15 12:58:52] [INFO]       OK   n2009-03-17-06:58:20.rf.pcm: sb0:36al
[2026-05-15 12:58:52] [INFO]       OK   n2009-03-16-07:05:56.rf.pcm: sb0:51al
[2026-05-15 12:58:52] [INFO]       OK   n2009-04-09-06:23:00.rf.pcm: sb0:55al
[2026-05-15 12:58:52] [INFO]       OK   n2009-04-07-08:24:56.rf.pcm: sb0:73al
[2026-05-15 12:58:52] [INFO]       OK   n2009-03-17-08:14:00.rf.pcm: sb0:38al
[2026-05-15 12:58:52] [INFO]       OK   n2009-04-15-00:55:22.rf.pcm: sb0:56al
[2026-05-15 12:58:52] [INFO]       OK   n2009-04-15-02:04:12.rf.pcm: sb0:40al
[2026-05-15 12:58:52] [INFO]       OK   n2009-04-15-04:21:59.rf.pcm: sb0:41al
[2026-05-15 12:58:52] [INFO]       OK   n2009-04-15-05:30:30.rf.pcm: sb0:8al
[2026-05-15 12:58:52] [INFO]       OK   n2009-04-15-03:12:54.rf.pcm: sb0:40al
[2026-05-15 12:58:52] [INFO]       OK   n2009-04-16-01:09:32.rf.pcm: sb0:52al
[2026-05-15 12:58:52] [INFO]       OK   n2009-04-15-06:39:02.rf.pcm: sb0:26al
[2026-05-15 12:58:52] [INFO]       OK   n2009-04-16-02:18:08.rf.pcm: sb0:36al
[2026-05-15 12:58:52] [INFO]       OK   n2009-04-16-03:26:41.rf.pcm: sb0:39al
[2026-05-15 12:58:52] [INFO]       OK   n2009-04-16-04:35:10.rf.pcm: sb0:59al
[2026-05-15 12:58:52] [INFO]       OK   n2009-04-17-03:47:31.rf.pcm: sb0:5al
[2026-05-15 12:58:52] [INFO]       OK   n2009-04-16-05:43:42.rf.pcm: sb0:50al
[2026-05-15 12:58:52] [INFO]       OK   n2009-04-16-08:00:52.rf.pcm: sb0:48al
[2026-05-15 12:58:52] [INFO]       OK   n2009-04-16-06:52:21.rf.pcm: sb0:41al
[2026-05-15 12:58:53] [INFO]       OK   n2009-04-17-05:02:24.rf.pcm: sb0:46al
[2026-05-15 12:58:53] [INFO]       OK   n2009-04-17-02:37:11.rf.pcm: sb0:32al
[2026-05-15 12:58:53] [INFO]       OK   n2009-04-17-08:32:25.rf.pcm: sb0:9al
[2026-05-15 12:58:53] [INFO]       OK   n2009-04-17-06:15:02.rf.pcm: sb0:38al
[2026-05-15 12:58:53] [INFO]       OK   n2009-04-17-07:23:36.rf.pcm: sb0:32al
[2026-05-15 12:58:53] [INFO]       OK   n2009-04-18-03:20:42.rf.pcm: sb0:42al
[2026-05-15 12:58:53] [INFO]       OK   n2009-04-18-02:12:18.rf.pcm: sb0:47al
[2026-05-15 12:58:53] [INFO]       OK   n2009-04-18-04:39:48.rf.pcm: sb0:38al
[2026-05-15 12:58:53] [INFO]       OK   n2009-04-18-00:18:52.rf.pcm: sb0:33al
[2026-05-15 12:58:53] [INFO]       OK   n2009-04-18-05:48:22.rf.pcm: sb0:58al
[2026-05-15 12:58:53] [INFO]       OK   n2009-04-18-08:05:41.rf.pcm: sb0:30al
[2026-05-15 12:58:53] [INFO]       OK   n2009-04-18-06:57:02.rf.pcm: sb0:43al
[2026-05-15 12:58:53] [INFO]       OK   n2009-04-19-02:16:31.rf.pcm: sb0:46al
[2026-05-15 12:58:53] [INFO]       OK   n2009-04-19-03:31:50.rf.pcm: sb0:42al
[2026-05-15 12:58:53] [INFO]       OK   n2009-04-19-04:40:20.rf.pcm: sb0:39al
[2026-05-15 12:58:53] [INFO]       OK   n2009-04-20-02:01:30.rf.pcm: sb0:5al
[2026-05-15 12:58:53] [INFO]       OK   n2009-04-19-05:48:50.rf.pcm: sb0:69al
[2026-05-15 12:58:53] [INFO]       OK   n2009-04-19-06:57:22.rf.pcm: sb0:46al
[2026-05-15 12:58:53] [INFO]       OK   n2009-04-19-08:06:02.rf.pcm: sb0:21al
[2026-05-15 12:58:53] [INFO]       OK   n2009-04-20-03:10:35.rf.pcm: sb0:23al
[2026-05-15 12:58:53] [INFO]       OK   n2009-04-20-04:22:41.rf.pcm: sb0:30al
[2026-05-15 12:58:53] [INFO]       OK   n2009-04-20-07:48:22.rf.pcm: sb0:31al
[2026-05-15 12:58:53] [INFO]       OK   n2009-04-20-06:39:52.rf.pcm: sb0:34al
[2026-05-15 12:58:53] [INFO]       OK   n2009-04-21-00:32:57.rf.pcm: sb0:63al
[2026-05-15 12:58:53] [INFO]       OK   n2009-04-21-01:43:05.rf.pcm: sb0:54al
[2026-05-15 12:58:53] [INFO]       SKIP n2009-04-24-00:06:53.rf.pcm: too small (14x128)
[2026-05-15 12:58:53] [INFO]       OK   n2009-04-20-05:31:14.rf.pcm: sb0:74al
[2026-05-15 12:58:53] [INFO]       OK   n2009-04-21-02:52:16.rf.pcm: sb0:62al
[2026-05-15 12:58:53] [INFO]       SKIP n2009-05-20-07:55:04.rf.pcm: too small (14x128)
[2026-05-15 12:58:53] [INFO]       OK   n2009-04-21-04:34:35.rf.pcm: sb0:62al
[2026-05-15 12:58:53] [INFO]       OK   n2009-04-21-05:43:55.rf.pcm: sb0:4al
[2026-05-15 12:58:53] [INFO]       OK   n2009-04-26-07:26:31.rf.pcm: sb0:3al
[2026-05-15 12:58:53] [INFO]       OK   n2009-05-21-21:34:51.rf.pcm: sb0:3al
[2026-05-15 12:58:53] [INFO]       OK   n2009-04-21-07:39:56.rf.pcm: sb0:30al
[2026-05-15 12:58:53] [INFO]       OK   n2009-04-21-06:26:56.rf.pcm: sb0:56al
[2026-05-15 12:58:53] [INFO]       OK   n2009-04-24-00:35:02.rf.pcm: sb0:41al
[2026-05-15 12:58:53] [INFO]       OK   n2009-05-21-04:24:42.rf.pcm: sb0:11al
[2026-05-15 12:58:53] [INFO]       OK   n2009-04-25-03:52:16.rf.pcm: sb0:69al
[2026-05-15 12:58:53] [INFO]       OK   n2009-06-04-21:34:02.rf.pcm: sb0:45al
[2026-05-15 12:58:53] [INFO]       OK   n2009-06-04-22:42:30.rf.pcm: sb0:30al
[2026-05-15 12:58:53] [INFO]       SKIP n2009-06-30-20:48:10.rf.pcm: too small (10x128)
[2026-05-15 12:58:53] [INFO]       OK   n2009-06-04-23:51:01.rf.pcm: sb0:39al
[2026-05-15 12:58:53] [INFO]       OK   n2009-06-08-00:24:12.rf.pcm: sb0:17al
[2026-05-15 12:58:53] [INFO]       OK   n2009-06-09-21:31:02.rf.pcm: sb0:25al
[2026-05-15 12:58:53] [INFO]       OK   n2009-06-05-00:59:30.rf.pcm: sb0:39al
[2026-05-15 12:58:53] [INFO]       OK   n2009-06-06-22:22:30.rf.pcm: sb0:27al
[2026-05-15 12:58:53] [INFO]       SKIP n2009-07-27-20:36:16.rf.pcm: too small (11x128)
[2026-05-15 12:58:53] [INFO]       OK   n2009-06-08-01:43:55.rf.pcm: sb0:68al
[2026-05-15 12:58:53] [INFO]       OK   n2009-06-08-20:26:28.rf.pcm: sb0:37al
[2026-05-15 12:58:53] [INFO]       OK   n2009-07-29-20:34:41.rf.pcm: sb0:5al
[2026-05-15 12:58:53] [INFO]       OK   n2009-07-24-22:07:01.rf.pcm: sb0:12al
[2026-05-15 12:58:53] [INFO]       OK   n2009-06-30-22:44:52.rf.pcm: sb0:37al
[2026-05-15 12:58:53] [INFO]       OK   n2009-08-21-16:53:02.rf.pcm: sb0:6al
[2026-05-15 12:58:53] [INFO]       OK   n2009-07-25-21:23:50.rf.pcm: sb0:33al
[2026-05-15 12:58:53] [INFO]       OK   n2009-07-24-22:52:21.rf.pcm: sb0:41al
[2026-05-15 12:58:53] [INFO]       OK   n2009-08-11-20:10:21.rf.pcm: sb0:47al
[2026-05-15 12:58:53] [INFO]       OK   n2009-07-25-20:07:20.rf.pcm: sb0:24al
[2026-05-15 12:58:53] [INFO]       OK   n2009-08-12-19:19:31.rf.pcm: sb0:11al
[2026-05-15 12:58:53] [INFO]       OK   n2009-08-21-17:26:50.rf.pcm: sb0:32al
[2026-05-15 12:58:53] [INFO]       OK   n2009-08-13-20:28:20.rf.pcm: sb0:47al
[2026-05-15 12:58:53] [INFO]       OK   n2009-08-21-19:44:20.rf.pcm: sb0:12al
[2026-05-15 12:58:53] [INFO]       OK   n2009-08-21-21:32:50.rf.pcm: sb0:7al
[2026-05-15 12:58:53] [INFO]       OK   n2009-08-21-18:35:50.rf.pcm: sb0:31al
[2026-05-15 12:58:53] [INFO]       SKIP n2009-08-23-00:19:22.rf.pcm: too small (13x128)
[2026-05-15 12:58:53] [INFO]       OK   n2009-08-21-20:24:20.rf.pcm: sb0:38al
[2026-05-15 12:58:53] [INFO]       OK   n2009-08-22-17:38:01.rf.pcm: sb0:7al
[2026-05-15 12:58:53] [INFO]       OK   n2009-08-22-18:46:32.rf.pcm: sb0:38al
[2026-05-15 12:58:53] [INFO]       OK   n2009-08-22-19:55:00.rf.pcm: sb0:19al
[2026-05-15 12:58:53] [INFO]       OK   n2009-08-22-20:51:42.rf.pcm: sb0:41al
[2026-05-15 12:58:53] [INFO]       OK   n2009-08-22-22:02:02.rf.pcm: sb0:17al
[2026-05-15 12:58:53] [INFO]       OK   n2009-08-22-23:10:42.rf.pcm: sb0:45al
[2026-05-15 12:58:53] [INFO]       OK   n2009-08-23-17:33:08.rf.pcm: sb0:50al
[2026-05-15 12:58:53] [INFO]       OK   n2009-08-23-18:41:18.rf.pcm: sb0:42al
[2026-05-15 12:58:53] [INFO]       OK   n2009-08-23-19:49:28.rf.pcm: sb0:44al
[2026-05-15 12:58:53] [INFO]       OK   n2009-08-23-20:57:37.rf.pcm: sb0:55al
[2026-05-15 12:58:53] [INFO]       OK   n2009-08-24-18:44:02.rf.pcm: sb0:43al
[2026-05-15 12:58:53] [INFO]       OK   n2009-08-24-19:52:30.rf.pcm: sb0:35al
[2026-05-15 12:58:53] [INFO]       OK   n2009-08-24-21:01:00.rf.pcm: sb0:35al
[2026-05-15 12:58:53] [INFO]       OK   n2009-08-24-22:09:34.rf.pcm: sb0:41al
[2026-05-15 12:58:53] [INFO]       OK   n2009-08-24-23:18:11.rf.pcm: sb0:46al
[2026-05-15 12:58:53] [INFO]       OK   n2009-08-25-00:26:42.rf.pcm: sb0:51al
[2026-05-15 12:58:53] [INFO]       OK   n2009-08-25-16:18:30.rf.pcm: sb0:61al
[2026-05-15 12:58:53] [INFO]       OK   n2009-08-25-17:27:02.rf.pcm: sb0:39al
[2026-05-15 12:58:53] [INFO]       OK   n2009-08-25-22:07:35.rf.pcm: sb0:9al
[2026-05-15 12:58:53] [INFO]       OK   n2009-08-25-18:35:32.rf.pcm: sb0:32al
[2026-05-15 12:58:53] [INFO]       OK   n2009-08-25-20:59:02.rf.pcm: sb0:40al
[2026-05-15 12:58:53] [INFO]       OK   n2009-08-25-19:49:42.rf.pcm: sb0:23al
[2026-05-15 12:58:53] [INFO]       OK   n2009-08-25-23:57:12.rf.pcm: sb0:51al
[2026-05-15 12:58:53] [INFO]       OK   n2009-08-25-22:48:42.rf.pcm: sb0:50al
[2026-05-15 12:58:53] [INFO]       OK   n2009-08-26-16:35:00.rf.pcm: sb0:48al
[2026-05-15 12:58:53] [INFO]       OK   n2009-08-26-17:44:18.rf.pcm: sb0:22al
[2026-05-15 12:58:53] [INFO]       OK   n2009-08-26-18:52:52.rf.pcm: sb0:29al
[2026-05-15 12:58:53] [INFO]       OK   n2009-08-26-22:18:22.rf.pcm: sb0:3al
[2026-05-15 12:58:53] [INFO]       OK   n2009-08-26-20:01:20.rf.pcm: sb0:32al
[2026-05-15 12:58:53] [INFO]       OK   n2009-08-26-21:09:52.rf.pcm: sb0:38al
[2026-05-15 12:58:53] [INFO]       OK   n2009-08-27-22:12:26.rf.pcm: sb0:2al
[2026-05-15 12:58:53] [INFO]       OK   n2009-08-27-19:57:50.rf.pcm: sb0:14al
[2026-05-15 12:58:53] [INFO]       OK   n2009-08-27-16:32:20.rf.pcm: sb0:47al
[2026-05-15 12:58:53] [INFO]       OK   n2009-08-27-17:40:50.rf.pcm: sb0:36al
[2026-05-15 12:58:53] [INFO]       SKIP n2009-09-01-00:45:02.rf.pcm: too small (15x128)
[2026-05-15 12:58:53] [INFO]       OK   n2009-08-27-22:45:22.rf.pcm: sb0:3al
[2026-05-15 12:58:53] [INFO]       OK   n2009-08-27-20:56:59.rf.pcm: sb0:31al
[2026-05-15 12:58:53] [INFO]       OK   n2009-08-27-18:49:22.rf.pcm: sb0:48al
[2026-05-15 12:58:53] [INFO]       OK   n2009-08-30-20:12:41.rf.pcm: sb0:58al
[2026-05-15 12:58:53] [INFO]       OK   n2009-08-31-22:41:02.rf.pcm: sb0:25al
[2026-05-15 12:58:53] [INFO]       OK   n2009-08-29-18:41:41.rf.pcm: sb0:35al
[2026-05-15 12:58:53] [INFO]       OK   n2009-09-22-17:41:01.rf.pcm: sb0:46al
[2026-05-15 12:58:53] [INFO]       OK   n2009-10-03-17:29:51.rf.pcm: sb0:35al
[2026-05-15 12:58:53] [INFO]       OK   n2009-10-03-16:17:31.rf.pcm: sb0:55al
[2026-05-15 12:58:53] [INFO]       OK   n2009-09-21-17:03:13.rf.pcm: sb0:36al
[2026-05-15 12:58:53] [INFO]       OK   n2009-10-04-13:01:31.rf.pcm: sb0:63al
[2026-05-15 12:58:53] [INFO]       OK   n2009-10-04-16:41:43.rf.pcm: sb0:40al
[2026-05-15 12:58:53] [INFO]       OK   n2009-10-04-14:14:00.rf.pcm: sb0:37al
[2026-05-15 12:58:53] [INFO]       OK   n2009-10-04-17:54:22.rf.pcm: sb0:29al
[2026-05-15 12:58:53] [INFO]       OK   n2009-10-04-15:29:21.rf.pcm: sb0:78al
[2026-05-15 12:58:53] [INFO]       OK   n2009-10-04-20:19:22.rf.pcm: sb0:78al
[2026-05-15 12:58:53] [INFO]       OK   n2009-10-04-19:07:02.rf.pcm: sb0:30al
[2026-05-15 12:58:53] [INFO]       OK   n2009-10-04-21:32:01.rf.pcm: sb0:64al
[2026-05-15 12:58:53] [INFO]       SKIP n2009-10-06-13:02:21.rf.pcm: too small (13x128)
[2026-05-15 12:58:53] [INFO]       OK   n2009-10-05-13:57:52.rf.pcm: sb0:36al
[2026-05-15 12:58:53] [INFO]       OK   n2009-10-05-15:07:40.rf.pcm: sb0:42al
[2026-05-15 12:58:53] [INFO]       OK   n2009-10-05-16:16:31.rf.pcm: sb0:32al
[2026-05-15 12:58:53] [INFO]       OK   n2009-10-05-19:42:52.rf.pcm: sb0:11al
[2026-05-15 12:58:53] [INFO]       OK   n2009-10-05-18:34:02.rf.pcm: sb0:36al
[2026-05-15 12:58:53] [INFO]       OK   n2009-10-05-17:25:12.rf.pcm: sb0:45al
[2026-05-15 12:58:53] [INFO]       OK   n2009-10-05-20:51:41.rf.pcm: sb0:41al
[2026-05-15 12:58:53] [INFO]       OK   n2009-10-06-13:23:32.rf.pcm: sb0:37al
[2026-05-15 12:58:53] [INFO]       OK   n2009-10-06-20:16:22.rf.pcm: sb0:4al
[2026-05-15 12:58:53] [INFO]       OK   n2009-10-06-14:32:21.rf.pcm: sb0:55al
[2026-05-15 12:58:53] [INFO]       OK   n2009-10-06-15:41:02.rf.pcm: sb0:28al
[2026-05-15 12:58:53] [INFO]       OK   n2009-10-06-16:49:50.rf.pcm: sb0:42al
[2026-05-15 12:58:53] [INFO]       OK   n2009-10-06-19:07:31.rf.pcm: sb0:29al
[2026-05-15 12:58:53] [INFO]       OK   n2009-10-06-17:58:42.rf.pcm: sb0:65al
[2026-05-15 12:58:53] [INFO]       OK   n2009-10-07-12:59:50.rf.pcm: sb0:40al
[2026-05-15 12:58:53] [INFO]       OK   n2009-10-07-15:24:21.rf.pcm: sb0:64al
[2026-05-15 12:58:53] [INFO]       OK   n2009-10-07-16:36:50.rf.pcm: sb0:32al
[2026-05-15 12:58:53] [INFO]       OK   n2009-10-07-14:12:00.rf.pcm: sb0:46al
[2026-05-15 12:58:53] [INFO]       OK   n2009-10-07-17:54:22.rf.pcm: sb0:35al
[2026-05-15 12:58:53] [INFO]       OK   n2009-10-07-21:26:42.rf.pcm: sb0:38al
[2026-05-15 12:58:53] [INFO]       OK   n2009-10-07-19:03:12.rf.pcm: sb0:34al
[2026-05-15 12:58:53] [INFO]       OK   n2009-10-07-20:18:02.rf.pcm: sb0:28al
[2026-05-15 12:58:53] [INFO]       OK   n2009-10-08-15:15:12.rf.pcm: sb0:22al
[2026-05-15 12:58:53] [INFO]       OK   n2009-10-09-19:53:52.rf.pcm: sb0:14al
[2026-05-15 12:58:53] [INFO]       OK   n2009-10-08-12:57:23.rf.pcm: sb0:35al
[2026-05-15 12:58:53] [INFO]       OK   n2009-10-10-12:48:33.rf.pcm: sb0:13al
[2026-05-15 12:58:53] [INFO]       OK   n2009-10-08-14:06:44.rf.pcm: sb0:52al
[2026-05-15 12:58:53] [INFO]       OK   n2009-10-09-13:00:22.rf.pcm: sb0:43al
[2026-05-15 12:58:53] [INFO]       OK   n2009-10-08-16:48:00.rf.pcm: sb0:50al
[2026-05-15 12:58:53] [INFO]       OK   n2009-10-09-14:12:41.rf.pcm: sb0:36al
[2026-05-15 12:58:53] [INFO]       OK   n2009-10-10-13:56:00.rf.pcm: sb0:16al
[2026-05-15 12:58:53] [INFO]       OK   n2009-10-12-17:48:50.rf.pcm: sb0:22al
[2026-05-15 12:58:53] [INFO]       OK   n2009-10-28-20:01:30.rf.pcm: sb0:12al
[2026-05-15 12:58:53] [INFO]       OK   n2009-10-29-19:59:28.rf.pcm: sb0:10al
[2026-05-15 12:58:53] [INFO]       OK   n2009-10-10-19:31:03.rf.pcm: sb0:65al
[2026-05-15 12:58:53] [INFO]       OK   n2009-10-28-20:40:18.rf.pcm: sb0:19al
[2026-05-15 12:58:53] [INFO]       SKIP n2009-11-28-10:26:49.rf.pcm: too small (10x128)
[2026-05-15 12:58:53] [INFO]       OK   n2009-11-12-14:40:48.rf.pcm: sb0:0al
[2026-05-15 12:58:53] [INFO]       OK   n2009-10-12-19:04:12.rf.pcm: sb0:49al
[2026-05-15 12:58:53] [INFO]       OK   n2009-10-11-15:25:12.rf.pcm: sb0:33al
[2026-05-15 12:58:53] [INFO]       OK   n2009-11-11-12:24:51.rf.pcm: sb0:28al
[2026-05-15 12:58:53] [INFO]       OK   n2010-02-11-04:57:16.rf.pcm: sb0:11al
[2026-05-15 12:58:53] [INFO]       OK   n2010-02-04-09:07:11.rf.pcm: sb0:3al
[2026-05-15 12:58:53] [INFO]       SKIP n2010-02-11-10:07:23.rf.pcm: too small (12x128)
[2026-05-15 12:58:53] [INFO]       OK   n2009-11-12-10:43:59.rf.pcm: sb0:73al
[2026-05-15 12:58:53] [INFO]       OK   n2009-11-28-17:52:19.rf.pcm: sb0:37al
[2026-05-15 12:58:53] [INFO]       OK   n2010-02-11-06:42:02.rf.pcm: sb0:5al
[2026-05-15 12:58:53] [INFO]       OK   n2009-11-27-14:12:20.rf.pcm: sb0:19al
[2026-05-15 12:58:53] [INFO]       OK   n2010-02-11-05:33:42.rf.pcm: sb0:20al
[2026-05-15 12:58:53] [INFO]       OK   n2010-02-12-05:54:43.rf.pcm: sb0:18al
[2026-05-15 12:58:53] [INFO]       OK   n2010-02-12-10:02:31.rf.pcm: sb0:13al
[2026-05-15 12:58:54] [INFO]       OK   n2010-02-11-08:59:00.rf.pcm: sb0:48al
[2026-05-15 12:58:54] [INFO]       OK   n2010-02-11-07:50:29.rf.pcm: sb0:32al
[2026-05-15 12:58:54] [INFO]       OK   n2010-02-12-07:45:30.rf.pcm: sb0:51al
[2026-05-15 12:58:54] [INFO]       OK   n2010-02-12-06:37:01.rf.pcm: sb0:49al
[2026-05-15 12:58:54] [INFO]       OK   n2010-02-12-08:54:01.rf.pcm: sb0:29al
[2026-05-15 12:58:54] [INFO]       OK   n2010-02-13-05:23:52.rf.pcm: sb0:39al
[2026-05-15 12:58:54] [INFO]       OK   n2010-02-13-06:32:12.rf.pcm: sb0:25al
[2026-05-15 12:58:54] [INFO]       OK   n2010-02-13-07:40:32.rf.pcm: sb0:43al
[2026-05-15 12:58:54] [INFO]       OK   n2010-02-13-08:49:02.rf.pcm: sb0:54al
[2026-05-15 12:58:54] [INFO]       OK   n2010-02-14-04:34:57.rf.pcm: sb0:49al
[2026-05-15 12:58:54] [INFO]       OK   n2010-02-14-06:50:51.rf.pcm: sb0:19al
[2026-05-15 12:58:54] [INFO]       OK   n2010-02-14-07:59:40.rf.pcm: sb0:19al
[2026-05-15 12:58:54] [INFO]       OK   n2010-02-14-05:42:41.rf.pcm: sb0:37al
[2026-05-15 12:58:54] [INFO]       OK   n2010-02-14-09:07:51.rf.pcm: sb0:25al
[2026-05-15 12:58:54] [INFO]       OK   n2010-02-15-09:22:02.rf.pcm: sb0:3al
[2026-05-15 12:58:54] [INFO]       OK   n2010-02-15-08:13:33.rf.pcm: sb0:13al
[2026-05-15 12:58:54] [INFO]       OK   n2010-02-15-05:42:42.rf.pcm: sb0:31al
[2026-05-15 12:58:54] [INFO]       OK   n2010-02-15-04:34:03.rf.pcm: sb0:70al
[2026-05-15 12:58:54] [INFO]       OK   n2010-02-16-09:00:49.rf.pcm: sb0:7al
[2026-05-15 12:58:54] [INFO]       OK   n2010-02-16-06:43:49.rf.pcm: sb0:3al
[2026-05-15 12:58:54] [INFO]       OK   n2010-02-16-05:35:22.rf.pcm: sb0:26al
[2026-05-15 12:58:54] [INFO]       OK   n2010-02-16-07:52:19.rf.pcm: sb0:26al
[2026-05-15 12:58:54] [INFO]       OK   n2010-02-16-04:27:01.rf.pcm: sb0:69al
[2026-05-15 12:58:54] [INFO]       OK   n2010-02-17-08:53:11.rf.pcm: sb0:6al
[2026-05-15 12:58:54] [INFO]       OK   n2010-02-17-07:44:49.rf.pcm: sb0:42al
[2026-05-15 12:58:54] [INFO]       OK   n2010-02-17-04:18:11.rf.pcm: sb0:47al
[2026-05-15 12:58:54] [INFO]       OK   n2010-02-18-05:53:19.rf.pcm: sb0:34al
[2026-05-15 12:58:54] [INFO]       OK   n2010-02-17-06:36:21.rf.pcm: sb0:35al
[2026-05-15 12:58:54] [INFO]       OK   n2010-02-17-05:27:51.rf.pcm: sb0:47al
[2026-05-15 12:58:54] [INFO]       OK   n2010-02-18-07:01:51.rf.pcm: sb0:25al
[2026-05-15 12:58:54] [INFO]       OK   n2010-02-18-08:10:19.rf.pcm: sb0:41al
[2026-05-15 12:58:54] [INFO]       OK   n2010-02-20-09:07:42.rf.pcm: sb0:55al
[2026-05-15 12:58:54] [INFO]       OK   n2010-02-22-03:43:31.rf.pcm: sb0:51al
[2026-05-15 12:58:54] [INFO]       OK   n2010-03-17-02:39:31.rf.pcm: sb0:38al
[2026-05-15 12:58:54] [INFO]       OK   n2010-03-15-05:18:34.rf.pcm: sb0:41al
[2026-05-15 12:58:54] [INFO]       OK   n2010-04-08-00:25:09.rf.pcm: sb0:5al
[2026-05-15 12:58:54] [INFO]       OK   n2010-04-05-03:16:27.rf.pcm: sb0:37al
[2026-05-15 12:58:54] [INFO]       OK   n2010-03-16-05:28:28.rf.pcm: sb0:36al
[2026-05-15 12:58:54] [INFO]       OK   n2010-04-08-06:58:28.rf.pcm: sb0:36al
[2026-05-15 12:58:54] [INFO]       OK   n2010-04-07-03:26:48.rf.pcm: sb0:49al
[2026-05-15 12:58:54] [INFO]       OK   n2010-04-23-06:21:09.rf.pcm: sb0:36al
[2026-05-15 12:58:54] [INFO]       OK   n2010-04-25-07:58:21.rf.pcm: sb0:36al
[2026-05-15 12:58:54] [INFO]       OK   n2010-05-31-00:05:09.rf.pcm: sb0:1al
[2026-05-15 12:58:54] [INFO]       OK   n2010-05-13-00:18:29.rf.pcm: sb0:21al
[2026-05-15 12:58:54] [INFO]       OK   n2010-05-10-23:27:07.rf.pcm: sb0:37al
[2026-05-15 12:58:54] [INFO]       OK   n2010-05-11-23:52:49.rf.pcm: sb0:46al
[2026-05-15 12:58:54] [INFO]       OK   n2010-05-03-07:55:50.rf.pcm: sb0:65al
[2026-05-15 12:58:54] [INFO]       SKIP n2010-06-03-00:26:19.rf.pcm: too small (10x128)
[2026-05-15 12:58:54] [INFO]       OK   n2010-05-28-06:30:29.rf.pcm: sb0:54al
[2026-05-15 12:58:54] [INFO]       OK   n2010-05-28-22:28:09.rf.pcm: sb0:52al
[2026-05-15 12:58:54] [INFO]       SKIP p100603_001306.rf.pcm: too small (14x512)
[2026-05-15 12:58:54] [INFO]       OK   n2010-05-31-21:57:39.rf.pcm: sb0:26al
[2026-05-15 12:58:54] [INFO]       SKIP p100611_145116.rf.pcm: too small (12x512)
[2026-05-15 12:58:54] [INFO]       OK   n2010-06-02-21:57:47.rf.pcm: sb0:8al
[2026-05-15 12:58:54] [INFO]       OK   n2010-06-01-21:07:59.rf.pcm: sb0:30al
[2026-05-15 12:58:54] [INFO]       OK   n2010-06-19-00:45:47.rf.pcm: sb0:31al
[2026-05-15 12:58:54] [INFO]       OK   n2010-06-02-20:45:39.rf.pcm: sb0:36al
[2026-05-15 12:58:54] [INFO]       OK   n2010-06-16-20:36:09.rf.pcm: sb0:40al
[2026-05-15 12:58:54] [INFO]       OK   n2010-06-18-19:42:07.rf.pcm: sb0:66al
[2026-05-15 12:58:54] [INFO]       OK   p100721_024432.rf.pcm: sb0:104al
[2026-05-15 12:58:54] [INFO]       OK   p100616_065647.rf.pcm: sb0:13al
[2026-05-15 12:58:54] [INFO]       OK   p100617_221528.rf.pcm: sb0:182al
[2026-05-15 12:58:54] [INFO]       OK   p100730_194928.rf.pcm: sb0:4al
[2026-05-15 12:58:54] [INFO]       OK   p100730_173224.rf.pcm: sb0:303al
[2026-05-15 12:58:54] [INFO]       OK   p100730_202024.rf.pcm: sb0:232al
[2026-05-15 12:58:54] [INFO]       OK   p100731_193008.rf.pcm: sb0:217al
[2026-05-15 12:58:54] [INFO]       OK   p100731_185920.rf.pcm: sb0:274al
[2026-05-15 12:58:54] [INFO]       OK   p100730_205120.rf.pcm: sb0:272al
[2026-05-15 12:58:54] [INFO]       OK   p100730_180320.rf.pcm: sb0:283al
[2026-05-15 12:58:54] [INFO]       OK   p100731_213040.rf.pcm: sb0:289al
[2026-05-15 12:58:54] [INFO]       OK   p100731_220128.rf.pcm: sb0:238al
[2026-05-15 12:58:54] [INFO]       OK   p100801_020416.rf.pcm: sb0:243al
[2026-05-15 12:58:54] [INFO]       OK   p100801_204512.rf.pcm: sb0:266al
[2026-05-15 12:58:54] [INFO]       OK   p100801_023512.rf.pcm: sb0:329al
[2026-05-15 12:58:54] [INFO]       OK   p100802_173840.rf.pcm: sb0:243al
[2026-05-15 12:58:54] [INFO]       OK   p100801_211600.rf.pcm: sb0:244al
[2026-05-15 12:58:54] [INFO]       OK   p100801_215336.rf.pcm: sb0:312al
[2026-05-15 12:58:54] [INFO]       OK   p100802_210952.rf.pcm: sb0:55al
[2026-05-15 12:58:55] [INFO]       OK   p100802_180928.rf.pcm: sb0:203al
[2026-05-15 12:58:55] [INFO]       OK   p100802_200744.rf.pcm: sb0:187al
[2026-05-15 12:58:55] [INFO]       OK   p100803_180936.rf.pcm: sb0:3al
[2026-05-15 12:58:55] [INFO]       OK   p100802_203840.rf.pcm: sb0:334al
[2026-05-15 12:58:55] [INFO]       OK   p100803_203832.rf.pcm: sb0:3al
[2026-05-15 12:58:55] [INFO]       OK   p100803_173304.rf.pcm: sb0:220al
[2026-05-15 12:58:55] [INFO]       OK   p100803_200736.rf.pcm: sb0:132al
[2026-05-15 12:58:55] [INFO]       OK   p100803_210952.rf.pcm: sb0:222al
[2026-05-15 12:58:55] [INFO]       OK   p100804_173600.rf.pcm: sb0:361al
[2026-05-15 12:58:55] [INFO]       OK   p100804_192240.rf.pcm: sb0:189al
[2026-05-15 12:58:55] [INFO]       OK   p100804_180648.rf.pcm: sb0:319al
[2026-05-15 12:58:55] [INFO]       OK   p100804_205720.rf.pcm: sb0:132al
[2026-05-15 12:58:55] [INFO]       OK   p100804_195328.rf.pcm: sb0:236al
[2026-05-15 12:58:55] [INFO]       OK   p100804_202624.rf.pcm: sb0:290al
[2026-05-15 12:58:55] [INFO]       OK   p101002_171712.rf.pcm: sb0:58al
[2026-05-15 12:58:55] [INFO]       OK   p100916_051952.rf.pcm: sb0:273al
[2026-05-15 12:58:55] [INFO]       OK   p100819_000816.rf.pcm: sb0:435al
[2026-05-15 12:58:55] [INFO]       OK   p100904_221232.rf.pcm: sb0:824al
[2026-05-15 12:58:55] [INFO]       OK   p101103_163704.rf.pcm: sb0:3al
[2026-05-15 12:58:55] [INFO]       OK   p101002_180000.rf.pcm: sb0:722al
[2026-05-15 12:58:55] [INFO]       OK   p101103_141832.rf.pcm: sb0:726al
[2026-05-15 12:58:56] [INFO]       OK   p101023_160920.rf.pcm: sb0:742al
[2026-05-15 12:58:56] [INFO]       OK   p101103_130928.rf.pcm: sb0:854al
[2026-05-15 12:58:56] [INFO]       OK   p100905_214840.rf.pcm: sb0:768al
[2026-05-15 12:58:56] [INFO]       OK   p101109_171200.rf.pcm: sb0:30al
[2026-05-15 12:58:56] [INFO]       OK   p101109_173616.rf.pcm: sb0:19al
[2026-05-15 12:58:56] [INFO]       OK   p101104_114856.rf.pcm: sb0:618al
[2026-05-15 12:58:56] [INFO]       OK   p101104_134328.rf.pcm: sb0:300al
[2026-05-15 12:58:56] [INFO]       OK   p101109_180024.rf.pcm: sb0:46al
[2026-05-15 12:58:56] [INFO]       OK   p101109_182128.rf.pcm: sb0:22al
[2026-05-15 12:58:56] [INFO]       OK   p101109_184600.rf.pcm: sb0:43al
[2026-05-15 12:58:56] [INFO]       OK   p101109_134112.rf.pcm: sb0:9al
[2026-05-15 12:58:56] [INFO]       OK   p101104_163944.rf.pcm: sb0:651al
[2026-05-15 12:58:56] [INFO]       OK   p101223_133944.rf.pcm: sb0:5al
[2026-05-15 12:58:56] [INFO]       OK   p101222_132344.rf.pcm: sb0:283al
[2026-05-15 12:58:56] [INFO]       OK   p101221_153320.rf.pcm: sb0:6al
[2026-05-15 12:58:56] [INFO]       OK   p101109_145416.rf.pcm: sb0:894al
[2026-05-15 12:58:56] [INFO]       OK   p101109_185720.rf.pcm: sb0:563al
[2026-05-15 12:58:56] [INFO]       OK   p110201_091320.rf.pcm: sb0:241al
[2026-05-15 12:58:56] [INFO]       OK   p101223_112000.rf.pcm: sb0:760al
[2026-05-15 12:58:56] [INFO]       OK   p110201_094432.rf.pcm: sb0:230al
[2026-05-15 12:58:56] [INFO]       OK   p110203_054816.rf.pcm: sb0:5al
[2026-05-15 12:58:56] [INFO]       OK   p110201_101824.rf.pcm: sb0:4al
[2026-05-15 12:58:56] [INFO]       OK   p110121_092952.rf.pcm: sb0:818al
[2026-05-15 12:58:56] [INFO]       OK   p110203_051920.rf.pcm: sb0:4al
[2026-05-15 12:58:56] [INFO]       OK   p110203_061824.rf.pcm: sb0:0al
[2026-05-15 12:58:56] [INFO]       OK   p101218_132848.rf.pcm: sb0:924al
[2026-05-15 12:58:56] [INFO]       OK   p110203_073056.rf.pcm: sb0:4al
[2026-05-15 12:58:56] [INFO]       OK   p110121_104104.rf.pcm: sb0:819al
[2026-05-15 12:58:57] [INFO]       OK   p110203_070648.rf.pcm: sb0:5al
[2026-05-15 12:58:57] [INFO]       OK   p110203_064240.rf.pcm: sb0:99al
[2026-05-15 12:58:57] [INFO]       OK   p110203_075504.rf.pcm: sb0:7al
[2026-05-15 12:58:57] [INFO]       OK   p110119_120208.rf.pcm: sb0:730al
[2026-05-15 12:58:57] [INFO]       OK   p110203_082136.rf.pcm: sb0:85al
[2026-05-15 12:58:57] [INFO]       OK   p110203_091128.rf.pcm: sb0:4al
[2026-05-15 12:58:57] [INFO]       OK   p110203_094128.rf.pcm: sb0:0al
[2026-05-15 12:58:57] [INFO]       OK   p110203_100536.rf.pcm: sb0:8al
[2026-05-15 12:58:57] [INFO]       OK   p110203_084656.rf.pcm: sb0:10al
[2026-05-15 12:58:57] [INFO]       OK   p110203_105408.rf.pcm: sb0:3al
[2026-05-15 12:58:57] [INFO]       OK   p110203_124856.rf.pcm: sb0:5al
[2026-05-15 12:58:57] [INFO]       OK   p110203_102944.rf.pcm: sb0:7al
[2026-05-15 12:58:57] [INFO]       OK   p110203_122424.rf.pcm: sb0:8al
[2026-05-15 12:58:57] [INFO]       OK   p110203_111816.rf.pcm: sb0:4al
[2026-05-15 12:58:57] [INFO]       OK   p110203_114736.rf.pcm: sb0:71al
[2026-05-15 12:58:57] [INFO]       OK   p110203_133736.rf.pcm: sb0:77al
[2026-05-15 12:58:57] [INFO]       OK   p110203_140152.rf.pcm: sb0:6al
[2026-05-15 12:58:57] [INFO]       OK   p110203_131312.rf.pcm: sb0:11al
[2026-05-15 12:58:57] [INFO]       OK   p110204_090936.rf.pcm: sb0:0al
[2026-05-15 12:58:57] [INFO]       OK   p110204_084752.rf.pcm: sb0:2al
[2026-05-15 12:58:57] [INFO]       OK   p110203_142616.rf.pcm: sb0:83al
[2026-05-15 12:58:57] [INFO]       OK   p110203_145016.rf.pcm: sb0:8al
[2026-05-15 12:58:57] [INFO]       OK   p110204_093024.rf.pcm: sb0:3al
[2026-05-15 12:58:57] [INFO]       OK   p110204_101056.rf.pcm: sb0:1al
[2026-05-15 12:58:57] [INFO]       OK   p110204_103504.rf.pcm: sb0:3al
[2026-05-15 12:58:57] [INFO]       OK   p110204_112632.rf.pcm: sb0:0al
[2026-05-15 12:58:57] [INFO]       OK   p110204_095040.rf.pcm: sb0:8al
[2026-05-15 12:58:57] [INFO]       OK   p110204_105912.rf.pcm: sb0:8al
[2026-05-15 12:58:57] [INFO]       OK   p110204_132448.rf.pcm: sb0:2al
[2026-05-15 12:58:57] [INFO]       OK   p110204_114656.rf.pcm: sb0:6al
[2026-05-15 12:58:57] [INFO]       OK   p110204_130440.rf.pcm: sb0:2al
[2026-05-15 12:58:57] [INFO]       OK   p110204_121144.rf.pcm: sb0:114al
[2026-05-15 12:58:57] [INFO]       OK   p110225_063304.rf.pcm: sb0:0al
[2026-05-15 12:58:57] [INFO]       SKIP p110225_065536.rf.pcm: too small (13x256)
[2026-05-15 12:58:57] [INFO]       OK   p110204_124256.rf.pcm: sb0:5al
[2026-05-15 12:58:57] [INFO]       OK   p110207_101320.rf.pcm: sb0:12al
[2026-05-15 12:58:57] [INFO]       OK   p110204_134456.rf.pcm: sb0:4al
[2026-05-15 12:58:57] [INFO]       OK   p110225_083752.rf.pcm: sb0:34al
[2026-05-15 12:58:57] [INFO]       OK   p110207_102608.rf.pcm: sb0:4al
[2026-05-15 12:58:57] [INFO]       OK   p110207_063248.rf.pcm: sb0:163al
[2026-05-15 12:58:57] [INFO]       SKIP p110326_072400.rf.pcm: too small (15x256)
[2026-05-15 12:58:57] [INFO]       OK   p110226_080352.rf.pcm: sb0:127al
[2026-05-15 12:58:57] [INFO]       OK   p110326_054624.rf.pcm: sb0:143al
[2026-05-15 12:58:57] [INFO]       OK   p110207_105048.rf.pcm: sb0:11al
[2026-05-15 12:58:58] [INFO]       OK   p110410_060632.rf.pcm: sb0:42al
[2026-05-15 12:58:58] [INFO]       OK   p110207_085952.rf.pcm: sb0:759al
[2026-05-15 12:58:58] [INFO]       OK   p110410_064040.rf.pcm: sb0:33al
[2026-05-15 12:58:58] [INFO]       OK   p110410_025112.rf.pcm: sb0:128al
[2026-05-15 12:58:58] [INFO]       OK   p110411_001632.rf.pcm: sb0:41al
[2026-05-15 12:58:58] [INFO]       SKIP p110411_033432.rf.pcm: too small (13x512)
[2026-05-15 12:58:58] [INFO]       OK   p110411_035824.rf.pcm: sb0:4al
[2026-05-15 12:58:58] [INFO]       OK   p110411_031032.rf.pcm: sb0:7al
[2026-05-15 12:58:58] [INFO]       OK   p110411_045000.rf.pcm: sb0:12al
[2026-05-15 12:58:58] [INFO]       OK   p110411_012928.rf.pcm: sb0:8al
[2026-05-15 12:58:58] [INFO]       OK   p110324_043640.rf.pcm: sb0:599al
[2026-05-15 12:58:58] [INFO]       OK   p110325_031728.rf.pcm: sb0:562al
[2026-05-15 12:58:58] [INFO]       OK   p110411_042216.rf.pcm: sb0:76al
[2026-05-15 12:58:58] [INFO]       OK   p110411_075832.rf.pcm: sb0:18al
[2026-05-15 12:58:58] [INFO]       OK   p110411_061416.rf.pcm: sb0:18al
[2026-05-15 12:58:58] [INFO]       OK   p110227_041120.rf.pcm: sb0:742al
[2026-05-15 12:58:58] [INFO]       OK   p110411_084552.rf.pcm: sb0:7al
[2026-05-15 12:58:58] [INFO]       OK   p110411_082232.rf.pcm: sb0:6al
[2026-05-15 12:58:58] [INFO]       OK   p110410_012256.rf.pcm: sb0:810al
[2026-05-15 12:58:58] [INFO]       OK   p110411_022656.rf.pcm: sb0:270al
[2026-05-15 12:58:58] [INFO]       OK   p110411_090832.rf.pcm: sb0:84al
[2026-05-15 12:58:58] [INFO]       OK   p110430_015016.rf.pcm: sb0:143al
[2026-05-15 12:58:58] [INFO]       OK   p110521_023216.rf.pcm: sb0:125al
[2026-05-15 12:58:58] [INFO]       OK   p110521_232120.rf.pcm: sb0:133al
[2026-05-15 12:58:58] [INFO]       OK   p110612_010640.rf.pcm: sb0:156al
[2026-05-15 12:58:58] [INFO]       OK   p110612_213840.rf.pcm: sb0:97al
[2026-05-15 12:58:58] [INFO]       OK   p110612_202320.rf.pcm: sb0:121al
[2026-05-15 12:58:58] [INFO]       OK   p110429_043136.rf.pcm: sb0:591al
[2026-05-15 12:58:58] [INFO]       OK   p110613_002312.rf.pcm: sb0:156al
[2026-05-15 12:58:58] [INFO]       OK   p110613_040056.rf.pcm: sb0:21al
[2026-05-15 12:58:58] [INFO]       OK   p110613_013600.rf.pcm: sb0:159al
[2026-05-15 12:58:58] [INFO]       OK   p110613_042024.rf.pcm: sb0:14al
[2026-05-15 12:58:58] [INFO]       OK   p110613_043952.rf.pcm: sb0:11al
[2026-05-15 12:58:58] [INFO]       OK   p110613_045912.rf.pcm: sb0:5al
[2026-05-15 12:58:58] [INFO]       OK   p110611_013824.rf.pcm: sb0:661al
[2026-05-15 12:58:58] [INFO]       OK   p110612_030432.rf.pcm: sb0:528al
[2026-05-15 12:58:58] [INFO]       OK   p110613_051832.rf.pcm: sb0:9al
[2026-05-15 12:58:58] [INFO]       OK   p110613_053824.rf.pcm: sb0:16al
[2026-05-15 12:58:58] [INFO]       OK   p110613_024840.rf.pcm: sb0:150al
[2026-05-15 12:58:58] [INFO]       OK   p110613_055744.rf.pcm: sb0:9al
[2026-05-15 12:58:58] [INFO]       OK   p110522_032240.rf.pcm: sb0:912al
[2026-05-15 12:58:58] [INFO]       OK   p110613_061704.rf.pcm: sb0:8al
[2026-05-15 12:58:59] [INFO]       OK   p110624_052144.rf.pcm: sb0:61al
[2026-05-15 12:58:59] [INFO]       OK   p110709_225008.rf.pcm: sb0:106al
[2026-05-15 12:58:59] [INFO]       OK   p110624_043744.rf.pcm: sb0:378al
[2026-05-15 12:58:59] [INFO]       OK   p110710_222520.rf.pcm: sb0:68al
[2026-05-15 12:58:59] [INFO]       OK   p110616_072840.rf.pcm: sb0:24al
[2026-05-15 12:58:59] [INFO]       OK   p110710_210504.rf.pcm: sb0:7al
[2026-05-15 12:58:59] [INFO]       OK   p110613_223400.rf.pcm: sb0:658al
[2026-05-15 12:58:59] [INFO]       OK   p110712_042536.rf.pcm: sb0:14al
[2026-05-15 12:58:59] [INFO]       OK   p110710_011952.rf.pcm: sb0:636al
[2026-05-15 12:58:59] [INFO]       OK   p110622_210832.rf.pcm: sb0:652al
[2026-05-15 12:58:59] [INFO]       OK   p110712_031320.rf.pcm: sb0:122al
[2026-05-15 12:58:59] [INFO]       OK   p110719_024648.rf.pcm: sb0:5al
[2026-05-15 12:58:59] [INFO]       OK   p110711_181232.rf.pcm: sb0:782al
[2026-05-15 12:58:59] [INFO]       OK   p110711_192504.rf.pcm: sb0:487al
[2026-05-15 12:58:59] [INFO]       OK   p110719_020704.rf.pcm: sb0:35al
[2026-05-15 12:58:59] [INFO]       OK   p110711_230944.rf.pcm: sb0:518al
[2026-05-15 12:58:59] [INFO]       OK   p110730_212512.rf.pcm: sb0:149al
[2026-05-15 12:58:59] [INFO]       OK   p110711_215656.rf.pcm: sb0:930al
[2026-05-15 12:59:00] [INFO]       OK   p110731_232648.rf.pcm: sb0:161al
[2026-05-15 12:59:00] [INFO]       OK   p110801_200752.rf.pcm: sb0:139al
[2026-05-15 12:59:00] [INFO]       OK   p110731_181840.rf.pcm: sb0:7al
[2026-05-15 12:59:00] [INFO]       OK   p110801_224432.rf.pcm: sb0:69al
[2026-05-15 12:59:00] [INFO]       OK   p110729_222056.rf.pcm: sb0:768al
[2026-05-15 12:59:00] [INFO]       OK   p110802_012136.rf.pcm: sb0:129al
[2026-05-15 12:59:00] [INFO]       OK   p110802_023752.rf.pcm: sb0:5al
[2026-05-15 12:59:00] [INFO]       OK   p110822_202128.rf.pcm: sb0:111al
[2026-05-15 12:59:00] [INFO]       OK   p110801_185136.rf.pcm: sb0:805al
[2026-05-15 12:59:00] [INFO]       OK   p110821_193200.rf.pcm: sb0:3al
[2026-05-15 12:59:00] [INFO]       OK   p110802_000112.rf.pcm: sb0:766al
[2026-05-15 12:59:00] [INFO]       SKIP p110924_182344.rf.pcm: too small (14x512)
[2026-05-15 12:59:00] [INFO]       OK   p110801_212408.rf.pcm: sb0:948al
[2026-05-15 12:59:00] [INFO]       OK   p110912_165440.rf.pcm: sb0:103al
[2026-05-15 12:59:00] [INFO]       OK   p110924_183456.rf.pcm: sb0:3al
[2026-05-15 12:59:00] [INFO]       OK   p110914_141152.rf.pcm: sb0:120al
[2026-05-15 12:59:00] [INFO]       OK   p110822_232824.rf.pcm: sb0:454al
[2026-05-15 12:59:01] [INFO]       OK   p110823_200024.rf.pcm: sb0:771al
[2026-05-15 12:59:01] [INFO]       OK   p111015_115512.rf.pcm: sb0:85al
[2026-05-15 12:59:01] [INFO]       OK   p110927_133800.rf.pcm: sb0:178al
[2026-05-15 12:59:01] [INFO]       OK   p110913_175040.rf.pcm: sb0:662al
[2026-05-15 12:59:01] [INFO]       OK   p110929_194640.rf.pcm: sb0:132al
[2026-05-15 12:59:01] [INFO]       OK   p110823_223216.rf.pcm: sb0:797al
[2026-05-15 12:59:01] [INFO]       OK   p110925_181936.rf.pcm: sb0:519al
[2026-05-15 12:59:01] [INFO]       OK   p111016_162440.rf.pcm: sb0:104al
[2026-05-15 12:59:01] [INFO]       OK   p110924_193744.rf.pcm: sb0:549al
[2026-05-15 12:59:01] [INFO]       OK   p111016_173712.rf.pcm: sb0:114al
[2026-05-15 12:59:01] [INFO]       OK   p111016_124752.rf.pcm: sb0:512al
[2026-05-15 12:59:01] [INFO]       OK   p111029_205232.rf.pcm: sb0:8al
[2026-05-15 12:59:01] [INFO]       OK   p111118_154824.rf.pcm: sb0:152al
[2026-05-15 12:59:01] [INFO]       OK   p111015_163856.rf.pcm: sb0:879al
[2026-05-15 12:59:01] [INFO]       OK   p111018_120256.rf.pcm: sb0:314al
[2026-05-15 12:59:01] [INFO]       OK   p111203_182032.rf.pcm: sb0:88al
[2026-05-15 12:59:01] [INFO]       OK   p111028_195032.rf.pcm: sb0:727al
[2026-05-15 12:59:01] [INFO]       OK   p111119_182824.rf.pcm: sb0:724al
[2026-05-15 12:59:02] [INFO]       OK   p111120_125432.rf.pcm: sb0:606al
[2026-05-15 12:59:02] [INFO]       OK   p111119_154552.rf.pcm: sb0:790al
[2026-05-15 12:59:02] [INFO]       OK   p111218_113752.rf.pcm: sb0:111al
[2026-05-15 12:59:02] [INFO]       OK   p111219_111800.rf.pcm: sb0:124al
[2026-05-15 12:59:02] [INFO]       OK   p111202_110016.rf.pcm: sb0:649al
[2026-05-15 12:59:02] [INFO]       OK   p111219_161800.rf.pcm: sb0:130al
[2026-05-15 12:59:02] [INFO]       OK   p111204_131952.rf.pcm: sb0:558al
[2026-05-15 12:59:02] [INFO]       OK   p111217_111016.rf.pcm: sb0:895al
[2026-05-15 12:59:02] [INFO]       OK   p111220_121536.rf.pcm: sb0:8al
[2026-05-15 12:59:02] [INFO]       OK   p111220_165000.rf.pcm: sb0:77al
[2026-05-15 12:59:02] [INFO]       OK   p111220_084944.rf.pcm: sb0:443al
[2026-05-15 12:59:02] [INFO]       OK   p111220_074112.rf.pcm: sb0:453al
[2026-05-15 12:59:02] [INFO]       OK   p111220_143248.rf.pcm: sb0:569al
[2026-05-15 12:59:02] [INFO]       OK   p111220_095816.rf.pcm: sb0:666al
[2026-05-15 12:59:02] [INFO]       OK   p111220_132416.rf.pcm: sb0:597al
[2026-05-15 12:59:02] [INFO]       OK   p111220_110656.rf.pcm: sb0:1034al
[2026-05-15 12:59:02] [INFO]       OK   p111220_154120.rf.pcm: sb0:498al
[2026-05-15 12:59:03] [INFO]       OK   p120105_141120.rf.pcm: sb0:12al
[2026-05-15 12:59:03] [INFO]       OK   p120106_091608.rf.pcm: sb0:142al
[2026-05-15 12:59:03] [INFO]       OK   p120107_080400.rf.pcm: sb0:82al
[2026-05-15 12:59:03] [INFO]       OK   p120115_080624.rf.pcm: sb0:4al
[2026-05-15 12:59:03] [INFO]       OK   p111221_073432.rf.pcm: sb0:346al
[2026-05-15 12:59:03] [INFO]       SKIP p120206_065544.rf.pcm: too small (11x512)
[2026-05-15 12:59:03] [INFO]       OK   p120120_065824.rf.pcm: sb0:47al
[2026-05-15 12:59:03] [INFO]       SKIP p120223_034304.rf.pcm: too small (10x512)
[2026-05-15 12:59:03] [INFO]       OK   p111221_084520.rf.pcm: sb0:612al
[2026-05-15 12:59:03] [INFO]       OK   p120205_083640.rf.pcm: sb0:177al
[2026-05-15 12:59:03] [INFO]       OK   p120108_093032.rf.pcm: sb0:628al
[2026-05-15 12:59:03] [INFO]       OK   p120203_055144.rf.pcm: sb0:366al
[2026-05-15 12:59:03] [INFO]       OK   p120204_121152.rf.pcm: sb0:751al
[2026-05-15 12:59:03] [INFO]       OK   p120302_040752.rf.pcm: sb0:4al
[2026-05-15 12:59:03] [INFO]       OK   p120229_045808.rf.pcm: sb0:118al
[2026-05-15 12:59:03] [INFO]       OK   p120301_072224.rf.pcm: sb0:180al
[2026-05-15 12:59:03] [INFO]       OK   p120302_042728.rf.pcm: sb0:4al
[2026-05-15 12:59:03] [INFO]       OK   p120121_075304.rf.pcm: sb0:613al
[2026-05-15 12:59:03] [INFO]       SKIP p120316_022832.rf.pcm: too small (14x512)
[2026-05-15 12:59:03] [INFO]       OK   p120302_053224.rf.pcm: sb0:3al
[2026-05-15 12:59:03] [INFO]       OK   p120302_063000.rf.pcm: sb0:3al
[2026-05-15 12:59:03] [INFO]       OK   p120302_055200.rf.pcm: sb0:86al
[2026-05-15 12:59:03] [INFO]       OK   p120319_052152.rf.pcm: sb0:82al
[2026-05-15 12:59:03] [INFO]       OK   p120206_070544.rf.pcm: sb0:887al
[2026-05-15 12:59:03] [INFO]       OK   p120228_051752.rf.pcm: sb0:730al
[2026-05-15 12:59:03] [INFO]       OK   p120303_053920.rf.pcm: sb0:154al
[2026-05-15 12:59:03] [INFO]       OK   p120317_032816.rf.pcm: sb0:158al
[2026-05-15 12:59:03] [INFO]       OK   p120319_110904.rf.pcm: sb0:147al
[2026-05-15 12:59:04] [INFO]       OK   p120302_070512.rf.pcm: sb0:393al
[2026-05-15 12:59:04] [INFO]       OK   p120408_022040.rf.pcm: sb0:134al
[2026-05-15 12:59:04] [INFO]       OK   p120407_031824.rf.pcm: sb0:154al
[2026-05-15 12:59:04] [INFO]       OK   p120502_063904.rf.pcm: sb0:3al
[2026-05-15 12:59:04] [INFO]       OK   p120408_051416.rf.pcm: sb0:146al
[2026-05-15 12:59:04] [INFO]       OK   p120319_054616.rf.pcm: sb0:448al
[2026-05-15 12:59:04] [INFO]       OK   p120421_044736.rf.pcm: sb0:175al
[2026-05-15 12:59:04] [INFO]       OK   p120502_231216.rf.pcm: sb0:171al
[2026-05-15 12:59:04] [INFO]       OK   p120406_022016.rf.pcm: sb0:548al
[2026-05-15 12:59:04] [INFO]       OK   p120504_032352.rf.pcm: sb0:162al
[2026-05-15 12:59:04] [INFO]       OK   p120505_024432.rf.pcm: sb0:137al
[2026-05-15 12:59:04] [INFO]       OK   p120420_063552.rf.pcm: sb0:538al
[2026-05-15 12:59:04] [INFO]       OK   p120524_215656.rf.pcm: sb0:176al
[2026-05-15 12:59:04] [INFO]       OK   p120524_012152.rf.pcm: sb0:5al
[2026-05-15 12:59:04] [INFO]       OK   p120502_065736.rf.pcm: sb0:464al
[2026-05-15 12:59:04] [INFO]       OK   p120422_005720.rf.pcm: sb0:891al
[2026-05-15 12:59:04] [INFO]       OK   p120505_052120.rf.pcm: sb0:305al
[2026-05-15 12:59:04] [INFO]       OK   p120526_014208.rf.pcm: sb0:244al
[2026-05-15 12:59:05] [INFO]       OK   p120615_010312.rf.pcm: sb0:5al
[2026-05-15 12:59:05] [INFO]       OK   p120525_234504.rf.pcm: sb0:841al
[2026-05-15 12:59:05] [INFO]       OK   p120615_053424.rf.pcm: sb0:4al
[2026-05-15 12:59:05] [INFO]       OK   p120526_022936.rf.pcm: sb0:479al
[2026-05-15 12:59:05] [INFO]       OK   p120615_031856.rf.pcm: sb0:586al
[2026-05-15 12:59:05] [INFO]       OK   p120615_021056.rf.pcm: sb0:613al
[2026-05-15 12:59:05] [INFO]       OK   p120615_042624.rf.pcm: sb0:420al
[2026-05-15 12:59:05] [INFO]       OK   p120616_201304.rf.pcm: sb0:533al
[2026-05-15 12:59:05] [INFO]       OK   p120616_212504.rf.pcm: sb0:628al
[2026-05-15 12:59:05] [INFO]       OK   p120616_223704.rf.pcm: sb0:686al
[2026-05-15 12:59:05] [INFO]       OK   p120617_010136.rf.pcm: sb0:15al
[2026-05-15 12:59:05] [INFO]       OK   p120616_234912.rf.pcm: sb0:517al
[2026-05-15 12:59:05] [INFO]       OK   p120727_011848.rf.pcm: sb0:3al
[2026-05-15 12:59:05] [INFO]       OK   p120707_003216.rf.pcm: sb0:110al
[2026-05-15 12:59:06] [INFO]       OK   p120617_033232.rf.pcm: sb0:442al
[2026-05-15 12:59:06] [INFO]       OK   p120617_022024.rf.pcm: sb0:485al
[2026-05-15 12:59:06] [INFO]       OK   p120708_215752.rf.pcm: sb0:181al
[2026-05-15 12:59:06] [INFO]       OK   p120730_003144.rf.pcm: sb0:48al
[2026-05-15 12:59:06] [INFO]       OK   p120705_230928.rf.pcm: sb0:596al
[2026-05-15 12:59:06] [INFO]       OK   p120728_224752.rf.pcm: sb0:181al
[2026-05-15 12:59:06] [INFO]       OK   p120729_232304.rf.pcm: sb0:163al
[2026-05-15 12:59:06] [INFO]       OK   p120707_224424.rf.pcm: sb0:386al
[2026-05-15 12:59:06] [INFO]       OK   p120617_044432.rf.pcm: sb0:860al
[2026-05-15 12:59:06] [INFO]       OK   p120810_215544.rf.pcm: sb0:156al
[2026-05-15 12:59:06] [INFO]       OK   p120727_014944.rf.pcm: sb0:723al
[2026-05-15 12:59:06] [INFO]       OK   p120811_181512.rf.pcm: sb0:156al
[2026-05-15 12:59:06] [INFO]       OK   p120812_173536.rf.pcm: sb0:176al
[2026-05-15 12:59:06] [INFO]       OK   p120729_192944.rf.pcm: sb0:480al
[2026-05-15 12:59:06] [INFO]       OK   p120809_182728.rf.pcm: sb0:602al
[2026-05-15 12:59:06] [INFO]       OK   p120812_204216.rf.pcm: sb0:138al
[2026-05-15 12:59:06] [INFO]       OK   p120901_162656.rf.pcm: sb0:122al
[2026-05-15 12:59:06] [INFO]       OK   p120810_180600.rf.pcm: sb0:812al
[2026-05-15 12:59:06] [INFO]       OK   p120811_193944.rf.pcm: sb0:461al
[2026-05-15 12:59:06] [INFO]       OK   p120922_135128.rf.pcm: sb0:61al
[2026-05-15 12:59:07] [INFO]       OK   p120921_184552.rf.pcm: sb0:160al
[2026-05-15 12:59:07] [INFO]       OK   p120830_162824.rf.pcm: sb0:407al
[2026-05-15 12:59:07] [INFO]       OK   p120920_170640.rf.pcm: sb0:343al
[2026-05-15 12:59:07] [INFO]       OK   p121007_141032.rf.pcm: sb0:153al
[2026-05-15 12:59:07] [INFO]       OK   p121007_151856.rf.pcm: sb0:154al
[2026-05-15 12:59:07] [INFO]       OK   p120901_174744.rf.pcm: sb0:865al
[2026-05-15 12:59:07] [INFO]       OK   p121020_115352.rf.pcm: sb0:47al
[2026-05-15 12:59:07] [INFO]       OK   p121020_121352.rf.pcm: sb0:41al
[2026-05-15 12:59:07] [INFO]       OK   p120922_151248.rf.pcm: sb0:423al
[2026-05-15 12:59:07] [INFO]       OK   p121020_123312.rf.pcm: sb0:40al
[2026-05-15 12:59:07] [INFO]       OK   p121005_162720.rf.pcm: sb0:333al
[2026-05-15 12:59:07] [INFO]       OK   p121008_140920.rf.pcm: sb0:14al
[2026-05-15 12:59:07] [INFO]       OK   p121020_125232.rf.pcm: sb0:44al
[2026-05-15 12:59:07] [INFO]       OK   p121020_133112.rf.pcm: sb0:48al
[2026-05-15 12:59:07] [INFO]       OK   p121020_131152.rf.pcm: sb0:75al
[2026-05-15 12:59:07] [INFO]       OK   p121020_135032.rf.pcm: sb0:44al
[2026-05-15 12:59:07] [INFO]       OK   p121020_142912.rf.pcm: sb0:58al
[2026-05-15 12:59:07] [INFO]       OK   p121020_140952.rf.pcm: sb0:58al
[2026-05-15 12:59:07] [INFO]       OK   p121020_150752.rf.pcm: sb0:57al
[2026-05-15 12:59:07] [INFO]       OK   p121020_144832.rf.pcm: sb0:66al
[2026-05-15 12:59:07] [INFO]       OK   p121020_154640.rf.pcm: sb0:56al
[2026-05-15 12:59:07] [INFO]       OK   p121020_152712.rf.pcm: sb0:57al
[2026-05-15 12:59:07] [INFO]       OK   p121020_160600.rf.pcm: sb0:49al
[2026-05-15 12:59:08] [INFO]       OK   p121020_162528.rf.pcm: sb0:54al
[2026-05-15 12:59:08] [INFO]       OK   p121008_152152.rf.pcm: sb0:599al
[2026-05-15 12:59:08] [INFO]       OK   p121020_170240.rf.pcm: sb0:77al
[2026-05-15 12:59:08] [INFO]       OK   p121020_172240.rf.pcm: sb0:97al
[2026-05-15 12:59:08] [INFO]       OK   p121020_182040.rf.pcm: sb0:4al
[2026-05-15 12:59:08] [INFO]       OK   p121020_180120.rf.pcm: sb0:78al
[2026-05-15 12:59:08] [INFO]       OK   p121020_174200.rf.pcm: sb0:106al
[2026-05-15 12:59:08] [INFO]       OK   p121020_184000.rf.pcm: sb0:54al
[2026-05-15 12:59:08] [INFO]       OK   p121020_185952.rf.pcm: sb0:92al
[2026-05-15 12:59:08] [INFO]       OK   p121020_193840.rf.pcm: sb0:3al
[2026-05-15 12:59:08] [INFO]       OK   p121020_191920.rf.pcm: sb0:6al
[2026-05-15 12:59:08] [INFO]       OK   p121019_161320.rf.pcm: sb0:971al
[2026-05-15 12:59:08] [INFO]       OK   p121020_203640.rf.pcm: sb0:3al
[2026-05-15 12:59:08] [INFO]       OK   p121020_195800.rf.pcm: sb0:55al
[2026-05-15 12:59:08] [INFO]       OK   p121020_205600.rf.pcm: sb0:3al
[2026-05-15 12:59:08] [INFO]       OK   p121020_213440.rf.pcm: sb0:4al
[2026-05-15 12:59:08] [INFO]       OK   p121020_201720.rf.pcm: sb0:77al
[2026-05-15 12:59:08] [INFO]       OK   p121020_215400.rf.pcm: sb0:23al
[2026-05-15 12:59:08] [INFO]       OK   p121020_211520.rf.pcm: sb0:86al
[2026-05-15 12:59:08] [INFO]       OK   p121023_141416.rf.pcm: sb0:4al
[2026-05-15 12:59:08] [INFO]       OK   p121021_131104.rf.pcm: sb0:101al
[2026-05-15 12:59:08] [INFO]       OK   p121117_130128.rf.pcm: sb0:155al
[2026-05-15 12:59:08] [INFO]       OK   p121206_180840.rf.pcm: sb0:139al
[2026-05-15 12:59:08] [INFO]       OK   p121118_130008.rf.pcm: sb0:146al
[2026-05-15 12:59:08] [INFO]       OK   p121221_113032.rf.pcm: sb0:7al
[2026-05-15 12:59:08] [INFO]       OK   p121207_172408.rf.pcm: sb0:162al
[2026-05-15 12:59:08] [INFO]       OK   p121022_153248.rf.pcm: sb0:572al
[2026-05-15 12:59:08] [INFO]       OK   p121208_140544.rf.pcm: sb0:276al
[2026-05-15 12:59:08] [INFO]       OK   p121208_125336.rf.pcm: sb0:5al
[2026-05-15 12:59:08] [INFO]       OK   p121116_132640.rf.pcm: sb0:499al
[2026-05-15 12:59:09] [INFO]       OK   p121222_104824.rf.pcm: sb0:92al
[2026-05-15 12:59:09] [INFO]       OK   p121119_122512.rf.pcm: sb0:623al
[2026-05-15 12:59:09] [INFO]       OK   p121223_101712.rf.pcm: sb0:79al
[2026-05-15 12:59:09] [INFO]       OK   p121023_155600.rf.pcm: sb0:811al
[2026-05-15 12:59:09] [INFO]       OK   p121222_142544.rf.pcm: sb0:104al
[2026-05-15 12:59:09] [INFO]       OK   p121223_090424.rf.pcm: sb0:157al
[2026-05-15 12:59:09] [INFO]       OK   p121223_124720.rf.pcm: sb0:128al
[2026-05-15 12:59:09] [INFO]       OK   p130111_102648.rf.pcm: sb0:175al
[2026-05-15 12:59:09] [INFO]       OK   p130113_111040.rf.pcm: sb0:41al
[2026-05-15 12:59:09] [INFO]       OK   p121221_115616.rf.pcm: sb0:547al
[2026-05-15 12:59:09] [INFO]       OK   p130111_113536.rf.pcm: sb0:146al
[2026-05-15 12:59:09] [INFO]       OK   p130125_092248.rf.pcm: sb0:180al
[2026-05-15 12:59:09] [INFO]       OK   p130127_090848.rf.pcm: sb0:187al
[2026-05-15 12:59:09] [INFO]       OK   p130112_095616.rf.pcm: sb0:7al
[2026-05-15 12:59:09] [INFO]       OK   p130112_084608.rf.pcm: sb0:655al
[2026-05-15 12:59:09] [INFO]       OK   p130128_053528.rf.pcm: sb0:3al
[2026-05-15 12:59:09] [INFO]       OK   p130205_101040.rf.pcm: sb0:135al
[2026-05-15 12:59:09] [INFO]       OK   p130126_092056.rf.pcm: sb0:467al
[2026-05-15 12:59:09] [INFO]       SKIP p130321_063032.rf.pcm: too small (11x512)
[2026-05-15 12:59:09] [INFO]       OK   p130113_112624.rf.pcm: sb0:667al
[2026-05-15 12:59:09] [INFO]       OK   p130126_111928.rf.pcm: sb0:589al
[2026-05-15 12:59:09] [INFO]       OK   p130127_135024.rf.pcm: sb0:488al
[2026-05-15 12:59:09] [INFO]       OK   p130209_093216.rf.pcm: sb0:195al
[2026-05-15 12:59:09] [INFO]       OK   p130411_001824.rf.pcm: sb0:29al
[2026-05-15 12:59:10] [INFO]       OK   p130411_004000.rf.pcm: sb0:34al
[2026-05-15 12:59:10] [INFO]       OK   p130210_092504.rf.pcm: sb0:130al
[2026-05-15 12:59:10] [INFO]       OK   p130411_005952.rf.pcm: sb0:40al
[2026-05-15 12:59:10] [INFO]       OK   p130322_063736.rf.pcm: sb0:175al
[2026-05-15 12:59:10] [INFO]       OK   p130411_011224.rf.pcm: sb0:30al
[2026-05-15 12:59:10] [INFO]       OK   p130411_012448.rf.pcm: sb0:39al
[2026-05-15 12:59:10] [INFO]       OK   p130411_013720.rf.pcm: sb0:34al
[2026-05-15 12:59:10] [INFO]       OK   p130321_071112.rf.pcm: sb0:3al
[2026-05-15 12:59:10] [INFO]       OK   p130411_020248.rf.pcm: sb0:48al
[2026-05-15 12:59:10] [INFO]       OK   p130411_021520.rf.pcm: sb0:19al
[2026-05-15 12:59:10] [INFO]       OK   p130323_085008.rf.pcm: sb0:168al
[2026-05-15 12:59:10] [INFO]       OK   p130208_092456.rf.pcm: sb0:466al
[2026-05-15 12:59:10] [INFO]       OK   p130411_025248.rf.pcm: sb0:36al
[2026-05-15 12:59:10] [INFO]       OK   p130411_024024.rf.pcm: sb0:45al
[2026-05-15 12:59:10] [INFO]       OK   p130411_030520.rf.pcm: sb0:36al
[2026-05-15 12:59:10] [INFO]       OK   p130411_022752.rf.pcm: sb0:20al
[2026-05-15 12:59:10] [INFO]       OK   p130411_034800.rf.pcm: sb0:46al
[2026-05-15 12:59:10] [INFO]       OK   p130411_033528.rf.pcm: sb0:21al
[2026-05-15 12:59:10] [INFO]       OK   p130411_045544.rf.pcm: sb0:4al
[2026-05-15 12:59:10] [INFO]       OK   p130411_040424.rf.pcm: sb0:37al
[2026-05-15 12:59:10] [INFO]       OK   p130411_042920.rf.pcm: sb0:44al
[2026-05-15 12:59:10] [INFO]       OK   p130411_041648.rf.pcm: sb0:48al
[2026-05-15 12:59:10] [INFO]       OK   p130411_044312.rf.pcm: sb0:31al
[2026-05-15 12:59:10] [INFO]       OK   p130411_050808.rf.pcm: sb0:31al
[2026-05-15 12:59:10] [INFO]       OK   p130411_052048.rf.pcm: sb0:18al
[2026-05-15 12:59:10] [INFO]       OK   p130301_061144.rf.pcm: sb0:622al
[2026-05-15 12:59:10] [INFO]       OK   p130411_054552.rf.pcm: sb0:27al
[2026-05-15 12:59:10] [INFO]       OK   p130411_053320.rf.pcm: sb0:39al
[2026-05-15 12:59:10] [INFO]       OK   p130411_061048.rf.pcm: sb0:35al
[2026-05-15 12:59:10] [INFO]       OK   p130411_062320.rf.pcm: sb0:26al
[2026-05-15 12:59:10] [INFO]       OK   p130411_063552.rf.pcm: sb0:41al
[2026-05-15 12:59:10] [INFO]       OK   p130411_064824.rf.pcm: sb0:36al
[2026-05-15 12:59:10] [INFO]       OK   p130411_070048.rf.pcm: sb0:40al
[2026-05-15 12:59:10] [INFO]       OK   p130411_071320.rf.pcm: sb0:24al
[2026-05-15 12:59:10] [INFO]       OK   p130411_075104.rf.pcm: sb0:49al
[2026-05-15 12:59:10] [INFO]       OK   p130411_080328.rf.pcm: sb0:56al
[2026-05-15 12:59:10] [INFO]       OK   p130411_081600.rf.pcm: sb0:37al
[2026-05-15 12:59:10] [INFO]       OK   p130411_082832.rf.pcm: sb0:19al
[2026-05-15 12:59:10] [INFO]       OK   p130411_073824.rf.pcm: sb0:20al
[2026-05-15 12:59:10] [INFO]       OK   p130411_085320.rf.pcm: sb0:48al
[2026-05-15 12:59:10] [INFO]       OK   p130411_090552.rf.pcm: sb0:18al
[2026-05-15 12:59:10] [INFO]       OK   p130411_091808.rf.pcm: sb0:47al
[2026-05-15 12:59:10] [INFO]       OK   p130411_103344.rf.pcm: sb0:31al
[2026-05-15 12:59:10] [INFO]       OK   p130411_093032.rf.pcm: sb0:41al
[2026-05-15 12:59:10] [INFO]       OK   p130411_100824.rf.pcm: sb0:40al
[2026-05-15 12:59:10] [INFO]       OK   p130411_094312.rf.pcm: sb0:31al
[2026-05-15 12:59:10] [INFO]       OK   p130411_102120.rf.pcm: sb0:62al
[2026-05-15 12:59:10] [INFO]       OK   p130414_034520.rf.pcm: sb0:3al
[2026-05-15 12:59:10] [INFO]       OK   p130412_101744.rf.pcm: sb0:62al
[2026-05-15 12:59:10] [INFO]       OK   p130414_032024.rf.pcm: sb0:37al
[2026-05-15 12:59:10] [INFO]       OK   p130414_033248.rf.pcm: sb0:39al
[2026-05-15 12:59:10] [INFO]       OK   p130414_035912.rf.pcm: sb0:31al
[2026-05-15 12:59:10] [INFO]       SKIP p130414_043640.rf.pcm: too small (11x512)
[2026-05-15 12:59:10] [INFO]       OK   p130414_042408.rf.pcm: sb0:47al
[2026-05-15 12:59:10] [INFO]       OK   p130414_045504.rf.pcm: sb0:37al
[2026-05-15 12:59:10] [INFO]       OK   p130414_044232.rf.pcm: sb0:35al
[2026-05-15 12:59:11] [INFO]       OK   p130414_052000.rf.pcm: sb0:42al
[2026-05-15 12:59:11] [INFO]       OK   p130414_050736.rf.pcm: sb0:25al
[2026-05-15 12:59:11] [INFO]       OK   p130414_054032.rf.pcm: sb0:33al
[2026-05-15 12:59:11] [INFO]       OK   p130414_060528.rf.pcm: sb0:36al
[2026-05-15 12:59:11] [INFO]       OK   p130414_063032.rf.pcm: sb0:45al
[2026-05-15 12:59:11] [INFO]       OK   p130414_061800.rf.pcm: sb0:30al
[2026-05-15 12:59:11] [INFO]       OK   p130414_064304.rf.pcm: sb0:28al
[2026-05-15 12:59:11] [INFO]       OK   p130413_071208.rf.pcm: sb0:175al
[2026-05-15 12:59:11] [INFO]       OK   p130414_065528.rf.pcm: sb0:46al
[2026-05-15 12:59:11] [INFO]       OK   p130430_061144.rf.pcm: sb0:9al
[2026-05-15 12:59:11] [INFO]       OK   p130428_035232.rf.pcm: sb0:168al
[2026-05-15 12:59:11] [INFO]       OK   p130429_042400.rf.pcm: sb0:176al
[2026-05-15 12:59:11] [INFO]       OK   p130412_050544.rf.pcm: sb0:362al
[2026-05-15 12:59:11] [INFO]       OK   p130430_010312.rf.pcm: sb0:217al
[2026-05-15 12:59:11] [INFO]       OK   p130412_062648.rf.pcm: sb0:560al
[2026-05-15 12:59:11] [INFO]       OK   p130510_043752.rf.pcm: sb0:4al
[2026-05-15 12:59:11] [INFO]       OK   p130511_012408.rf.pcm: sb0:160al
[2026-05-15 12:59:11] [INFO]       OK   p130512_000352.rf.pcm: sb0:159al
[2026-05-15 12:59:11] [INFO]       SKIP p130517_015008.rf.pcm: too small (15x512)
[2026-05-15 12:59:11] [INFO]       OK   p130427_023920.rf.pcm: sb0:526al
[2026-05-15 12:59:11] [INFO]       OK   p130513_034320.rf.pcm: sb0:210al
[2026-05-15 12:59:11] [INFO]       OK   p130429_004944.rf.pcm: sb0:748al
[2026-05-15 12:59:12] [INFO]       OK   p130512_060632.rf.pcm: sb0:8al
[2026-05-15 12:59:12] [INFO]       OK   p130517_061344.rf.pcm: sb0:0al
[2026-05-15 12:59:12] [INFO]       OK   p130509_222008.rf.pcm: sb0:946al
[2026-05-15 12:59:12] [INFO]       OK   p130516_234944.rf.pcm: sb0:427al
[2026-05-15 12:59:12] [INFO]       OK   p130510_030056.rf.pcm: sb0:759al
[2026-05-15 12:59:12] [INFO]       OK   p130603_062936.rf.pcm: sb0:4al
[2026-05-15 12:59:12] [INFO]       OK   p130517_020432.rf.pcm: sb0:120al
[2026-05-15 12:59:12] [INFO]       OK   p130517_031224.rf.pcm: sb0:96al
[2026-05-15 12:59:12] [INFO]       OK   p130517_042000.rf.pcm: sb0:179al
[2026-05-15 12:59:12] [INFO]       OK   p130517_071104.rf.pcm: sb0:10al
[2026-05-15 12:59:12] [INFO]       OK   p130518_223112.rf.pcm: sb0:6al
[2026-05-15 12:59:12] [INFO]       OK   p130619_234920.rf.pcm: sb0:189al
[2026-05-15 12:59:12] [INFO]       OK   p130603_052040.rf.pcm: sb0:708al
[2026-05-15 12:59:12] [INFO]       OK   p130603_234424.rf.pcm: sb0:489al
[2026-05-15 12:59:12] [INFO]       OK   p130628_062200.rf.pcm: sb0:3al
[2026-05-15 12:59:12] [INFO]       OK   p130621_220640.rf.pcm: sb0:192al
[2026-05-15 12:59:12] [INFO]       OK   p130618_231632.rf.pcm: sb0:544al
[2026-05-15 12:59:12] [INFO]       OK   p130620_231024.rf.pcm: sb0:6al
[2026-05-15 12:59:13] [INFO]       OK   p130619_030048.rf.pcm: sb0:506al
[2026-05-15 12:59:13] [INFO]       OK   p130706_031104.rf.pcm: sb0:151al
[2026-05-15 12:59:13] [INFO]       OK   p130706_014312.rf.pcm: sb0:166al
[2026-05-15 12:59:13] [INFO]       OK   p130704_014400.rf.pcm: sb0:5al
[2026-05-15 12:59:13] [INFO]       OK   p130711_232848.rf.pcm: sb0:248al
[2026-05-15 12:59:13] [INFO]       OK   p130724_002832.rf.pcm: sb0:55al
[2026-05-15 12:59:13] [INFO]       OK   p130722_192544.rf.pcm: sb0:143al
[2026-05-15 12:59:13] [INFO]       OK   p130722_203408.rf.pcm: sb0:198al
[2026-05-15 12:59:13] [INFO]       OK   p130704_233240.rf.pcm: sb0:628al
[2026-05-15 12:59:13] [INFO]       OK   p130706_191832.rf.pcm: sb0:548al
[2026-05-15 12:59:13] [INFO]       OK   p130711_001232.rf.pcm: sb0:544al
[2026-05-15 12:59:13] [INFO]       OK   p130709_204800.rf.pcm: sb0:698al
[2026-05-15 12:59:14] [INFO]       OK   p130810_190352.rf.pcm: sb0:95al
[2026-05-15 12:59:14] [INFO]       OK   p130811_184848.rf.pcm: sb0:136al
[2026-05-15 12:59:14] [INFO]       OK   p130811_200152.rf.pcm: sb0:173al
[2026-05-15 12:59:14] [INFO]       OK   p130721_193528.rf.pcm: sb0:718al
[2026-05-15 12:59:14] [INFO]       OK   p130808_194928.rf.pcm: sb0:4al
[2026-05-15 12:59:14] [INFO]       OK   p130811_211432.rf.pcm: sb0:163al
[2026-05-15 12:59:14] [INFO]       OK   p130825_001048.rf.pcm: sb0:9al
[2026-05-15 12:59:14] [INFO]       OK   p130809_183904.rf.pcm: sb0:693al
[2026-05-15 12:59:15] [INFO]       OK   p130811_223520.rf.pcm: sb0:495al
[2026-05-15 12:59:15] [INFO]       OK   p130824_231240.rf.pcm: sb0:3al
[2026-05-15 12:59:15] [INFO]       OK   p130827_002032.rf.pcm: sb0:21al
[2026-05-15 12:59:15] [INFO]       OK   p130823_194520.rf.pcm: sb0:4al
[2026-05-15 12:59:15] [INFO]       OK   p130824_183544.rf.pcm: sb0:4al
[2026-05-15 12:59:15] [INFO]       OK   p130826_230056.rf.pcm: sb0:0al
[2026-05-15 12:59:15] [INFO]       OK   p130830_210608.rf.pcm: sb0:5al
[2026-05-15 12:59:15] [INFO]       OK   p130926_134744.rf.pcm: sb0:3al
[2026-05-15 12:59:15] [INFO]       OK   p130912_181144.rf.pcm: sb0:180al
[2026-05-15 12:59:15] [INFO]       OK   p130912_192032.rf.pcm: sb0:185al
[2026-05-15 12:59:15] [INFO]       OK   p130831_183328.rf.pcm: sb0:340al
[2026-05-15 12:59:15] [INFO]       OK   p130914_192712.rf.pcm: sb0:123al
[2026-05-15 12:59:15] [INFO]       OK   p130926_142704.rf.pcm: sb0:67al
[2026-05-15 12:59:15] [INFO]       OK   p130926_144712.rf.pcm: sb0:73al
[2026-05-15 12:59:15] [INFO]       OK   p130926_150704.rf.pcm: sb0:108al
[2026-05-15 12:59:15] [INFO]       OK   p130926_152648.rf.pcm: sb0:101al
[2026-05-15 12:59:15] [INFO]       OK   p130926_154640.rf.pcm: sb0:87al
[2026-05-15 12:59:15] [INFO]       OK   p130926_170512.rf.pcm: sb0:6al
[2026-05-15 12:59:15] [INFO]       OK   p130926_160624.rf.pcm: sb0:98al
[2026-05-15 12:59:15] [INFO]       OK   p130926_164552.rf.pcm: sb0:106al
[2026-05-15 12:59:15] [INFO]       OK   p130926_162632.rf.pcm: sb0:109al
[2026-05-15 12:59:15] [INFO]       OK   p130913_201952.rf.pcm: sb0:422al
[2026-05-15 12:59:15] [INFO]       OK   p130831_193944.rf.pcm: sb0:784al
[2026-05-15 12:59:15] [INFO]       OK   p130926_172432.rf.pcm: sb0:69al
[2026-05-15 12:59:15] [INFO]       OK   p130926_184200.rf.pcm: sb0:9al
[2026-05-15 12:59:15] [INFO]       OK   p130924_210840.rf.pcm: sb0:423al
[2026-05-15 12:59:15] [INFO]       OK   p130926_182240.rf.pcm: sb0:86al
[2026-05-15 12:59:15] [INFO]       OK   p130926_180320.rf.pcm: sb0:119al
[2026-05-15 12:59:15] [INFO]       OK   p130926_193632.rf.pcm: sb0:81al
[2026-05-15 12:59:15] [INFO]       OK   p130926_191712.rf.pcm: sb0:103al
[2026-05-15 12:59:15] [INFO]       OK   p130926_201512.rf.pcm: sb0:3al
[2026-05-15 12:59:15] [INFO]       OK   p130926_203432.rf.pcm: sb0:4al
[2026-05-15 12:59:15] [INFO]       OK   p130926_174352.rf.pcm: sb0:157al
[2026-05-15 12:59:15] [INFO]       OK   p130926_195552.rf.pcm: sb0:74al
[2026-05-15 12:59:15] [INFO]       OK   p130926_215216.rf.pcm: sb0:4al
[2026-05-15 12:59:15] [INFO]       OK   p130926_211320.rf.pcm: sb0:78al
[2026-05-15 12:59:15] [INFO]       OK   p130926_205352.rf.pcm: sb0:52al
[2026-05-15 12:59:15] [INFO]       OK   p130926_213240.rf.pcm: sb0:105al
[2026-05-15 12:59:15] [INFO]       OK   p130926_223112.rf.pcm: sb0:4al
[2026-05-15 12:59:16] [INFO]       OK   p130926_221136.rf.pcm: sb0:155al
[2026-05-15 12:59:16] [INFO]       OK   p130926_232912.rf.pcm: sb0:44al
[2026-05-15 12:59:16] [INFO]       OK   p130926_225032.rf.pcm: sb0:83al
[2026-05-15 12:59:16] [INFO]       OK   p130928_151328.rf.pcm: sb0:37al
[2026-05-15 12:59:16] [INFO]       OK   p130926_230952.rf.pcm: sb0:65al
[2026-05-15 12:59:16] [INFO]       OK   p130928_193552.rf.pcm: sb0:121al
[2026-05-15 12:59:16] [INFO]       OK   p130928_182920.rf.pcm: sb0:144al
[2026-05-15 12:59:16] [INFO]       OK   p130929_175632.rf.pcm: sb0:183al
[2026-05-15 12:59:16] [INFO]       OK   p130929_190448.rf.pcm: sb0:161al
[2026-05-15 12:59:16] [INFO]       OK   p131008_142128.rf.pcm: sb0:204al
[2026-05-15 12:59:16] [INFO]       OK   p131008_153040.rf.pcm: sb0:158al
[2026-05-15 12:59:16] [INFO]       OK   p131008_131224.rf.pcm: sb0:158al
[2026-05-15 12:59:16] [INFO]       OK   p131008_163920.rf.pcm: sb0:221al
[2026-05-15 12:59:16] [INFO]       OK   p131008_200528.rf.pcm: sb0:153al
[2026-05-15 12:59:16] [INFO]       OK   p131008_174800.rf.pcm: sb0:125al
[2026-05-15 12:59:16] [INFO]       OK   p131008_185648.rf.pcm: sb0:161al
[2026-05-15 12:59:16] [INFO]       OK   p130927_153728.rf.pcm: sb0:604al
[2026-05-15 12:59:16] [INFO]       OK   p131014_153512.rf.pcm: sb0:218al
[2026-05-15 12:59:16] [INFO]       OK   p131015_145312.rf.pcm: sb0:168al
[2026-05-15 12:59:16] [INFO]       OK   p131015_160200.rf.pcm: sb0:191al
[2026-05-15 12:59:16] [INFO]       OK   p131024_144344.rf.pcm: sb0:230al
[2026-05-15 12:59:16] [INFO]       OK   p131027_140032.rf.pcm: sb0:149al
[2026-05-15 12:59:16] [INFO]       OK   p131027_182232.rf.pcm: sb0:141al
[2026-05-15 12:59:16] [INFO]       OK   p131126_132528.rf.pcm: sb0:137al
[2026-05-15 12:59:17] [INFO]       OK   p131013_160144.rf.pcm: sb0:631al
[2026-05-15 12:59:17] [INFO]       OK   p131025_142232.rf.pcm: sb0:318al
[2026-05-15 12:59:17] [INFO]       OK   p131026_133032.rf.pcm: sb0:734al
[2026-05-15 12:59:17] [INFO]       OK   p131128_113904.rf.pcm: sb0:9al
[2026-05-15 12:59:17] [INFO]       OK   p131129_181200.rf.pcm: sb0:179al
[2026-05-15 12:59:17] [INFO]       OK   p131129_153320.rf.pcm: sb0:162al
[2026-05-15 12:59:17] [INFO]       SKIP p131219_112920.rf.pcm: too small (11x512)
[2026-05-15 12:59:17] [INFO]       OK   p131203_104208.rf.pcm: sb0:210al
[2026-05-15 12:59:17] [INFO]       OK   p131219_160216.rf.pcm: sb0:2al
[2026-05-15 12:59:17] [INFO]       OK   p131128_102944.rf.pcm: sb0:765al
[2026-05-15 12:59:17] [INFO]       OK   p131218_112032.rf.pcm: sb0:154al
[2026-05-15 12:59:17] [INFO]       OK   p131128_124736.rf.pcm: sb0:666al
[2026-05-15 12:59:17] [INFO]       OK   p131127_143312.rf.pcm: sb0:738al
[2026-05-15 12:59:17] [INFO]       OK   p131219_093504.rf.pcm: sb0:160al
[2026-05-15 12:59:17] [INFO]       OK   p140107_100048.rf.pcm: sb0:70al
[2026-05-15 12:59:17] [INFO]       OK   p131220_110144.rf.pcm: sb0:197al
[2026-05-15 12:59:17] [INFO]       OK   p131217_095512.rf.pcm: sb0:694al
[2026-05-15 12:59:17] [INFO]       OK   p140109_094832.rf.pcm: sb0:4al
[2026-05-15 12:59:17] [INFO]       OK   p140131_091544.rf.pcm: sb0:3al
[2026-05-15 12:59:17] [INFO]       OK   p140108_081824.rf.pcm: sb0:174al
[2026-05-15 12:59:17] [INFO]       OK   p131219_125200.rf.pcm: sb0:676al
[2026-05-15 12:59:17] [INFO]       OK   p131219_163240.rf.pcm: sb0:601al
[2026-05-15 12:59:18] [INFO]       OK   p140201_055408.rf.pcm: sb0:160al
[2026-05-15 12:59:18] [INFO]       OK   p140202_085200.rf.pcm: sb0:80al
[2026-05-15 12:59:18] [INFO]       OK   p140202_065416.rf.pcm: sb0:185al
[2026-05-15 12:59:18] [INFO]       OK   p140110_093032.rf.pcm: sb0:591al
[2026-05-15 12:59:18] [INFO]       OK   p140320_073208.rf.pcm: sb0:219al
[2026-05-15 12:59:18] [INFO]       OK   p140130_080504.rf.pcm: sb0:375al
[2026-05-15 12:59:18] [INFO]       OK   p140322_041512.rf.pcm: sb0:225al
[2026-05-15 12:59:18] [INFO]       OK   p140201_075440.rf.pcm: sb0:421al
[2026-05-15 12:59:18] [INFO]       OK   p140322_052712.rf.pcm: sb0:140al
[2026-05-15 12:59:18] [INFO]       OK   p140219_052424.rf.pcm: sb0:646al
[2026-05-15 12:59:18] [INFO]       OK   p140324_023232.rf.pcm: sb0:5al
[2026-05-15 12:59:18] [INFO]       OK   p140321_040008.rf.pcm: sb0:568al
[2026-05-15 12:59:18] [INFO]       OK   p140323_040440.rf.pcm: sb0:674al
[2026-05-15 12:59:18] [INFO]       OK   p140324_082328.rf.pcm: sb0:107al
[2026-05-15 12:59:18] [INFO]       OK   p140323_051712.rf.pcm: sb0:738al
[2026-05-15 12:59:18] [INFO]       OK   p140324_034224.rf.pcm: sb0:574al
[2026-05-15 12:59:18] [INFO]       OK   p140405_051248.rf.pcm: sb0:4al
[2026-05-15 12:59:18] [INFO]       OK   p140324_060352.rf.pcm: sb0:329al
[2026-05-15 12:59:18] [INFO]       OK   p140324_045400.rf.pcm: sb0:803al
[2026-05-15 12:59:19] [INFO]       OK   p140324_071352.rf.pcm: sb0:417al
[2026-05-15 12:59:19] [INFO]       OK   p140411_032624.rf.pcm: sb0:161al
[2026-05-15 12:59:19] [INFO]       OK   p140407_063248.rf.pcm: sb0:367al
[2026-05-15 12:59:19] [INFO]       OK   p140405_035752.rf.pcm: sb0:781al
[2026-05-15 12:59:19] [INFO]       OK   p140406_040424.rf.pcm: sb0:690al
[2026-05-15 12:59:19] [INFO]       OK   p140409_050016.rf.pcm: sb0:634al
[2026-05-15 12:59:19] [INFO]       OK   p140415_071232.rf.pcm: sb0:85al
[2026-05-15 12:59:19] [INFO]       OK   p140412_042656.rf.pcm: sb0:554al
[2026-05-15 12:59:19] [INFO]       OK   p140415_074048.rf.pcm: sb0:73al
[2026-05-15 12:59:19] [INFO]       OK   p140410_051832.rf.pcm: sb0:686al
[2026-05-15 12:59:19] [INFO]       OK   p140415_043944.rf.pcm: sb0:370al
[2026-05-15 12:59:19] [INFO]       OK   p140415_085928.rf.pcm: sb0:6al
[2026-05-15 12:59:19] [INFO]       OK   p140413_035528.rf.pcm: sb0:456al
[2026-05-15 12:59:19] [INFO]       OK   p140415_080024.rf.pcm: sb0:118al
[2026-05-15 12:59:19] [INFO]       OK   p140415_083952.rf.pcm: sb0:109al
[2026-05-15 12:59:19] [INFO]       OK   p140413_061208.rf.pcm: sb0:399al
[2026-05-15 12:59:19] [INFO]       OK   p140415_082008.rf.pcm: sb0:123al
[2026-05-15 12:59:19] [INFO]       OK   p140415_093848.rf.pcm: sb0:8al
[2026-05-15 12:59:19] [INFO]       OK   p140415_095832.rf.pcm: sb0:4al
[2026-05-15 12:59:19] [INFO]       OK   p140415_091904.rf.pcm: sb0:80al
[2026-05-15 12:59:19] [INFO]       OK   p140415_101808.rf.pcm: sb0:59al
[2026-05-15 12:59:19] [INFO]       OK   p140415_031208.rf.pcm: sb0:568al
[2026-05-15 12:59:19] [INFO]       OK   p140416_032112.rf.pcm: sb0:3al
[2026-05-15 12:59:19] [INFO]       OK   p140416_034624.rf.pcm: sb0:173al
[2026-05-15 12:59:20] [INFO]       OK   p140416_061048.rf.pcm: sb0:93al
[2026-05-15 12:59:20] [INFO]       OK   p140416_045840.rf.pcm: sb0:163al
[2026-05-15 12:59:20] [INFO]       OK   p140421_031128.rf.pcm: sb0:7al
[2026-05-15 12:59:20] [INFO]       OK   p140416_021320.rf.pcm: sb0:391al
[2026-05-15 12:59:20] [INFO]       OK   p140421_042016.rf.pcm: sb0:6al
[2026-05-15 12:59:20] [INFO]       OK   p140415_235736.rf.pcm: sb0:631al
[2026-05-15 12:59:20] [INFO]       SKIP p140514_031200.rf.pcm: too small (11x256)
[2026-05-15 12:59:20] [INFO]       OK   p140417_054800.rf.pcm: sb0:381al
[2026-05-15 12:59:20] [INFO]       OK   p140416_010528.rf.pcm: sb0:639al
[2026-05-15 12:59:20] [INFO]       OK   p140519_052104.rf.pcm: sb0:34al
[2026-05-15 12:59:20] [INFO]       OK   p140419_044648.rf.pcm: sb0:493al
[2026-05-15 12:59:20] [INFO]       OK   p140417_033208.rf.pcm: sb0:657al
[2026-05-15 12:59:20] [INFO]       OK   p140519_054448.rf.pcm: sb0:47al
[2026-05-15 12:59:20] [INFO]       OK   p140601_211552.rf.pcm: sb0:103al
[2026-05-15 12:59:20] [INFO]       OK   p140426_022400.rf.pcm: sb0:4al
[2026-05-15 12:59:20] [INFO]       SKIP p140608_024744.rf.pcm: too small (14x512)
[2026-05-15 12:59:20] [INFO]       OK   p140425_033632.rf.pcm: sb0:135al
[2026-05-15 12:59:20] [INFO]       SKIP p140620_040624.rf.pcm: too small (12x256)
[2026-05-15 12:59:20] [INFO]       OK   p140620_041328.rf.pcm: sb0:9al
[2026-05-15 12:59:20] [INFO]       OK   p140521_021032.rf.pcm: sb0:131al
[2026-05-15 12:59:20] [INFO]       OK   p140520_045832.rf.pcm: sb0:245al
[2026-05-15 12:59:20] [INFO]       OK   p140520_033136.rf.pcm: sb0:7al
[2026-05-15 12:59:20] [INFO]       OK   p140427_021512.rf.pcm: sb0:667al
[2026-05-15 12:59:20] [INFO]       OK   p140605_211504.rf.pcm: sb0:4al
[2026-05-15 12:59:20] [INFO]       OK   p140621_004848.rf.pcm: sb0:163al
[2026-05-15 12:59:20] [INFO]       OK   p140519_061144.rf.pcm: sb0:641al
[2026-05-15 12:59:20] [INFO]       OK   p140620_043728.rf.pcm: sb0:151al
[2026-05-15 12:59:20] [INFO]       SKIP p140729_234008.rf.pcm: too small (11x512)
[2026-05-15 12:59:21] [INFO]       OK   p140730_000312.rf.pcm: sb0:1al
[2026-05-15 12:59:21] [INFO]       SKIP p140730_004120.rf.pcm: too small (12x256)
[2026-05-15 12:59:21] [INFO]       OK   p140729_215048.rf.pcm: sb0:55al
[2026-05-15 12:59:21] [INFO]       OK   p140729_204800.rf.pcm: sb0:80al
[2026-05-15 12:59:21] [INFO]       OK   p140621_045048.rf.pcm: sb0:7al
[2026-05-15 12:59:21] [INFO]       OK   p140717_200632.rf.pcm: sb0:189al
[2026-05-15 12:59:21] [INFO]       OK   p140619_025008.rf.pcm: sb0:565al
[2026-05-15 12:59:21] [INFO]       OK   p140714_202920.rf.pcm: sb0:9al
[2026-05-15 12:59:21] [INFO]       OK   p140730_005840.rf.pcm: sb0:130al
[2026-05-15 12:59:21] [INFO]       OK   p140621_215048.rf.pcm: sb0:617al
[2026-05-15 12:59:21] [INFO]       OK   p140822_175752.rf.pcm: sb0:165al
[2026-05-15 12:59:21] [INFO]       OK   p140924_162312.rf.pcm: sb0:44al
[2026-05-15 12:59:21] [INFO]       OK   p140823_184240.rf.pcm: sb0:163al
[2026-05-15 12:59:21] [INFO]       OK   p140924_151056.rf.pcm: sb0:168al
[2026-05-15 12:59:21] [INFO]       SKIP p140927_162752.rf.pcm: too small (10x512)
[2026-05-15 12:59:21] [INFO]       OK   p140821_200136.rf.pcm: sb0:515al
[2026-05-15 12:59:21] [INFO]       OK   p140731_191520.rf.pcm: sb0:577al
[2026-05-15 12:59:21] [INFO]       OK   p140730_201608.rf.pcm: sb0:757al
[2026-05-15 12:59:21] [INFO]       OK   p140822_162904.rf.pcm: sb0:636al
[2026-05-15 12:59:21] [INFO]       OK   p141007_205112.rf.pcm: sb0:140al
[2026-05-15 12:59:22] [INFO]       OK   p140926_162136.rf.pcm: sb0:15al
[2026-05-15 12:59:22] [INFO]       OK   p141008_165008.rf.pcm: sb0:150al
[2026-05-15 12:59:22] [INFO]       OK   p140925_180312.rf.pcm: sb0:858al
[2026-05-15 12:59:22] [INFO]       OK   p140926_135408.rf.pcm: sb0:808al
[2026-05-15 12:59:22] [INFO]       OK   p141009_163512.rf.pcm: sb0:496al
[2026-05-15 12:59:22] [INFO]       OK   p141010_130600.rf.pcm: sb0:531al
[2026-05-15 12:59:22] [INFO]       OK   p141010_163504.rf.pcm: sb0:674al
[2026-05-15 12:59:22] [INFO]       OK   p141011_122352.rf.pcm: sb0:181al
[2026-05-15 12:59:22] [INFO]       OK   p141010_174440.rf.pcm: sb0:684al
[2026-05-15 12:59:22] [INFO]       OK   p141010_141544.rf.pcm: sb0:677al
[2026-05-15 12:59:22] [INFO]       OK   p141010_152520.rf.pcm: sb0:707al
[2026-05-15 12:59:22] [INFO]       OK   p141010_211344.rf.pcm: sb0:11al
[2026-05-15 12:59:22] [INFO]       OK   p141010_185424.rf.pcm: sb0:617al
[2026-05-15 12:59:22] [INFO]       OK   p141011_155904.rf.pcm: sb0:180al
[2026-05-15 12:59:22] [INFO]       OK   p141011_133600.rf.pcm: sb0:163al
[2026-05-15 12:59:22] [INFO]       OK   p141011_171048.rf.pcm: sb0:131al
[2026-05-15 12:59:22] [INFO]       OK   p141011_144432.rf.pcm: sb0:205al
[2026-05-15 12:59:23] [INFO]       OK   p141010_200400.rf.pcm: sb0:295al
[2026-05-15 12:59:23] [INFO]       OK   p141011_182208.rf.pcm: sb0:184al
[2026-05-15 12:59:23] [INFO]       OK   p141011_193328.rf.pcm: sb0:154al
[2026-05-15 12:59:23] [INFO]       OK   p141011_204504.rf.pcm: sb0:145al
[2026-05-15 12:59:23] [INFO]       OK   p141011_215624.rf.pcm: sb0:80al
[2026-05-15 12:59:23] [INFO]       OK   p141014_141424.rf.pcm: sb0:7al
[2026-05-15 12:59:23] [INFO]       OK   p141014_130440.rf.pcm: sb0:460al
[2026-05-15 12:59:23] [INFO]       OK   p141014_174320.rf.pcm: sb0:420al
[2026-05-15 12:59:23] [INFO]       OK   p141014_152400.rf.pcm: sb0:741al
[2026-05-15 12:59:23] [INFO]       OK   p141014_200240.rf.pcm: sb0:572al
[2026-05-15 12:59:23] [INFO]       OK   p141014_163344.rf.pcm: sb0:744al
[2026-05-15 12:59:23] [INFO]       OK   p141014_185304.rf.pcm: sb0:760al
[2026-05-15 12:59:23] [INFO]       OK   p141016_115248.rf.pcm: sb0:869al
[2026-05-15 12:59:24] [INFO]       OK   p141016_185048.rf.pcm: sb0:4al
[2026-05-15 12:59:24] [INFO]       OK   p141016_130232.rf.pcm: sb0:336al
[2026-05-15 12:59:24] [INFO]       OK   p141016_174112.rf.pcm: sb0:3al
[2026-05-15 12:59:24] [INFO]       OK   p141016_141208.rf.pcm: sb0:618al
[2026-05-15 12:59:24] [INFO]       OK   p141025_160216.rf.pcm: sb0:9al
[2026-05-15 12:59:24] [INFO]       OK   p141024_145904.rf.pcm: sb0:176al
[2026-05-15 12:59:24] [INFO]       OK   p141016_152152.rf.pcm: sb0:732al
[2026-05-15 12:59:24] [INFO]       OK   p141026_140144.rf.pcm: sb0:173al
[2026-05-15 12:59:24] [INFO]       OK   p141026_151400.rf.pcm: sb0:180al
[2026-05-15 12:59:24] [INFO]       OK   p141016_163128.rf.pcm: sb0:488al
[2026-05-15 12:59:24] [INFO]       OK   p141114_132120.rf.pcm: sb0:183al
[2026-05-15 12:59:24] [INFO]       OK   p141115_141704.rf.pcm: sb0:196al
[2026-05-15 12:59:24] [INFO]       OK   p141025_171448.rf.pcm: sb0:496al
[2026-05-15 12:59:24] [INFO]       OK   p141116_132352.rf.pcm: sb0:194al
[2026-05-15 12:59:24] [INFO]       OK   p141116_121144.rf.pcm: sb0:142al
[2026-05-15 12:59:24] [INFO]       OK   p141116_155952.rf.pcm: sb0:158al
[2026-05-15 12:59:24] [INFO]       OK   p141201_095544.rf.pcm: sb0:23al
[2026-05-15 12:59:24] [INFO]       OK   p141129_131312.rf.pcm: sb0:161al
[2026-05-15 12:59:24] [INFO]       OK   p141201_092416.rf.pcm: sb0:45al
[2026-05-15 12:59:24] [INFO]       OK   p141130_113112.rf.pcm: sb0:121al
[2026-05-15 12:59:24] [INFO]       OK   p141113_135152.rf.pcm: sb0:648al
[2026-05-15 12:59:24] [INFO]       OK   p141201_112528.rf.pcm: sb0:3al
[2026-05-15 12:59:24] [INFO]       OK   p141130_162520.rf.pcm: sb0:156al
[2026-05-15 12:59:25] [INFO]       OK   p141201_101648.rf.pcm: sb0:6al
[2026-05-15 12:59:25] [INFO]       OK   p141201_153856.rf.pcm: sb0:155al
[2026-05-15 12:59:25] [INFO]       OK   p141201_164816.rf.pcm: sb0:184al
[2026-05-15 12:59:25] [INFO]       OK   p141219_111632.rf.pcm: sb0:167al
[2026-05-15 12:59:25] [INFO]       OK   p141128_125832.rf.pcm: sb0:374al
[2026-05-15 12:59:25] [INFO]       OK   p141220_093904.rf.pcm: sb0:178al
[2026-05-15 12:59:25] [INFO]       OK   p141220_105904.rf.pcm: sb0:163al
[2026-05-15 12:59:25] [INFO]       OK   p141220_121136.rf.pcm: sb0:175al
[2026-05-15 12:59:25] [INFO]       OK   p150105_110624.rf.pcm: sb0:185al
[2026-05-15 12:59:25] [INFO]       OK   p141220_132544.rf.pcm: sb0:170al
[2026-05-15 12:59:25] [INFO]       OK   p141218_135728.rf.pcm: sb0:536al
[2026-05-15 12:59:25] [INFO]       OK   p141218_124512.rf.pcm: sb0:478al
[2026-05-15 12:59:25] [INFO]       OK   p150108_081920.rf.pcm: sb0:135al
[2026-05-15 12:59:25] [INFO]       OK   p150108_093120.rf.pcm: sb0:163al
[2026-05-15 12:59:25] [INFO]       OK   p150130_071624.rf.pcm: sb0:175al
[2026-05-15 12:59:26] [INFO]       OK   p150130_082824.rf.pcm: sb0:183al
[2026-05-15 12:59:26] [INFO]       OK   p150106_091120.rf.pcm: sb0:665al
[2026-05-15 12:59:26] [INFO]       OK   p150107_092912.rf.pcm: sb0:608al
[2026-05-15 12:59:26] [INFO]       OK   p150106_102336.rf.pcm: sb0:909al
[2026-05-15 12:59:26] [INFO]       OK   p150201_061040.rf.pcm: sb0:181al
[2026-05-15 12:59:26] [INFO]       OK   p150201_072240.rf.pcm: sb0:164al
[2026-05-15 12:59:26] [INFO]       OK   p150201_091736.rf.pcm: sb0:177al
[2026-05-15 12:59:26] [INFO]       OK   p150131_075328.rf.pcm: sb0:682al
[2026-05-15 12:59:27] [INFO]       OK   p150202_050848.rf.pcm: sb0:4al
[2026-05-15 12:59:27] [INFO]       OK   p150131_090544.rf.pcm: sb0:541al
[2026-05-15 12:59:27] [INFO]       OK   p150202_093624.rf.pcm: sb0:9al
[2026-05-15 12:59:27] [INFO]       OK   p150202_061328.rf.pcm: sb0:467al
[2026-05-15 12:59:27] [INFO]       SKIP p150210_061528.rf.pcm: too small (13x256)
[2026-05-15 12:59:27] [INFO]       OK   p150210_055808.rf.pcm: sb0:6al
[2026-05-15 12:59:27] [INFO]       OK   p150202_072112.rf.pcm: sb0:521al
[2026-05-15 12:59:27] [INFO]       OK   p150202_082840.rf.pcm: sb0:684al
[2026-05-15 12:59:27] [INFO]       OK   p150202_125840.rf.pcm: sb0:4al
[2026-05-15 12:59:27] [INFO]       OK   p150202_104344.rf.pcm: sb0:541al
[2026-05-15 12:59:27] [INFO]       OK   p150202_115112.rf.pcm: sb0:539al
[2026-05-15 12:59:27] [INFO]       OK   p150221_054320.rf.pcm: sb0:191al
[2026-05-15 12:59:27] [INFO]       OK   p150202_140600.rf.pcm: sb0:629al
[2026-05-15 12:59:28] [INFO]       OK   p150307_075704.rf.pcm: sb0:177al
[2026-05-15 12:59:28] [INFO]       OK   p150308_054712.rf.pcm: sb0:200al
[2026-05-15 12:59:28] [INFO]       OK   p150220_110432.rf.pcm: sb0:439al
[2026-05-15 12:59:28] [INFO]       OK   p150220_081720.rf.pcm: sb0:615al
[2026-05-15 12:59:28] [INFO]       OK   p150308_070240.rf.pcm: sb0:170al
[2026-05-15 12:59:28] [INFO]       OK   p150223_041648.rf.pcm: sb0:549al
[2026-05-15 12:59:28] [INFO]       OK   p150222_080840.rf.pcm: sb0:736al
[2026-05-15 12:59:28] [INFO]       OK   p150306_080952.rf.pcm: sb0:527al
[2026-05-15 12:59:28] [INFO]       OK   p150319_050552.rf.pcm: sb0:153al
[2026-05-15 12:59:28] [INFO]       OK   p150319_061800.rf.pcm: sb0:180al
[2026-05-15 12:59:28] [INFO]       OK   p150309_060112.rf.pcm: sb0:5al
[2026-05-15 12:59:28] [INFO]       OK   p150309_071008.rf.pcm: sb0:375al
[2026-05-15 12:59:29] [INFO]       OK   p150321_064616.rf.pcm: sb0:183al
[2026-05-15 12:59:29] [INFO]       OK   p150322_052600.rf.pcm: sb0:196al
[2026-05-15 12:59:29] [INFO]       OK   p150320_033720.rf.pcm: sb0:477al
[2026-05-15 12:59:29] [INFO]       OK   p150417_021400.rf.pcm: sb0:3al
[2026-05-15 12:59:29] [INFO]       OK   p150416_094944.rf.pcm: sb0:87al
[2026-05-15 12:59:29] [INFO]       OK   p150416_022048.rf.pcm: sb0:147al
[2026-05-15 12:59:29] [INFO]       OK   p150415_064432.rf.pcm: sb0:150al
[2026-05-15 12:59:29] [INFO]       OK   p150416_071408.rf.pcm: sb0:159al
[2026-05-15 12:59:29] [INFO]       OK   p150318_055744.rf.pcm: sb0:763al
[2026-05-15 12:59:30] [INFO]       OK   p150427_004640.rf.pcm: sb0:22al
[2026-05-15 12:59:30] [INFO]       OK   p150426_234648.rf.pcm: sb0:101al
[2026-05-15 12:59:30] [INFO]       OK   p150425_023616.rf.pcm: sb0:79al
[2026-05-15 12:59:30] [INFO]       OK   p150425_002552.rf.pcm: sb0:89al
[2026-05-15 12:59:30] [INFO]       OK   p150427_030000.rf.pcm: sb0:41al
[2026-05-15 12:59:30] [INFO]       OK   p150414_051432.rf.pcm: sb0:522al
[2026-05-15 12:59:30] [INFO]       SKIP p150612_043544.rf.pcm: too small (15x256)
[2026-05-15 12:59:30] [INFO]       OK   p150522_052512.rf.pcm: sb0:32al
[2026-05-15 12:59:30] [INFO]       OK   p150520_041632.rf.pcm: sb0:17al
[2026-05-15 12:59:30] [INFO]       SKIP p150613_214520.rf.pcm: too small (10x256)
[2026-05-15 12:59:30] [INFO]       OK   p150522_041256.rf.pcm: sb0:83al
[2026-05-15 12:59:30] [INFO]       SKIP p150614_224424.rf.pcm: too small (14x512)
[2026-05-15 12:59:30] [INFO]       OK   p150522_060520.rf.pcm: sb0:88al
[2026-05-15 12:59:30] [INFO]       OK   p150612_052208.rf.pcm: sb0:41al
[2026-05-15 12:59:30] [INFO]       OK   p150519_053712.rf.pcm: sb0:15al
[2026-05-15 12:59:30] [INFO]       OK   p150426_021104.rf.pcm: sb0:599al
[2026-05-15 12:59:30] [INFO]       OK   p150428_031544.rf.pcm: sb0:712al
[2026-05-15 12:59:30] [INFO]       OK   p150627_222832.rf.pcm: sb0:15al
[2026-05-15 12:59:30] [INFO]       OK   p150615_000456.rf.pcm: sb0:7al
[2026-05-15 12:59:30] [INFO]       OK   p150630_003928.rf.pcm: sb0:11al
[2026-05-15 12:59:30] [INFO]       OK   p150628_190808.rf.pcm: sb0:82al
[2026-05-15 12:59:30] [INFO]       OK   p150612_214448.rf.pcm: sb0:431al
[2026-05-15 12:59:31] [INFO]       OK   p150613_221008.rf.pcm: sb0:462al
[2026-05-15 12:59:31] [INFO]       OK   p150702_025112.rf.pcm: sb0:33al
[2026-05-15 12:59:31] [INFO]       OK   p150629_014416.rf.pcm: sb0:37al
[2026-05-15 12:59:31] [INFO]       OK   p150614_225608.rf.pcm: sb0:498al
[2026-05-15 12:59:31] [INFO]       OK   p150702_194640.rf.pcm: sb0:141al
[2026-05-15 12:59:31] [INFO]       OK   p150627_010912.rf.pcm: sb0:527al
[2026-05-15 12:59:31] [INFO]       OK   p150714_192144.rf.pcm: sb0:132al
[2026-05-15 12:59:31] [INFO]       OK   p150715_014656.rf.pcm: sb0:5al
[2026-05-15 12:59:31] [INFO]       OK   p150714_203352.rf.pcm: sb0:113al
[2026-05-15 12:59:31] [INFO]       OK   p150720_234936.rf.pcm: sb0:7al
[2026-05-15 12:59:31] [INFO]       OK   p150703_021632.rf.pcm: sb0:301al
[2026-05-15 12:59:31] [INFO]       OK   p150721_211544.rf.pcm: sb0:16al
[2026-05-15 12:59:31] [INFO]       SKIP p150722_003632.rf.pcm: too small (11x512)
[2026-05-15 12:59:31] [INFO]       SKIP p150722_004208.rf.pcm: too small (10x512)
[2026-05-15 12:59:31] [INFO]       SKIP p150722_004752.rf.pcm: too small (11x512)
[2026-05-15 12:59:31] [INFO]       SKIP p150722_005328.rf.pcm: too small (11x512)
[2026-05-15 12:59:31] [INFO]       SKIP p150722_005912.rf.pcm: too small (10x512)
[2026-05-15 12:59:31] [INFO]       SKIP p150722_010448.rf.pcm: too small (11x512)
[2026-05-15 12:59:31] [INFO]       SKIP p150722_011032.rf.pcm: too small (10x512)
[2026-05-15 12:59:31] [INFO]       SKIP p150722_011608.rf.pcm: too small (11x512)
[2026-05-15 12:59:31] [INFO]       SKIP p150722_012152.rf.pcm: too small (11x512)
[2026-05-15 12:59:31] [INFO]       SKIP p150722_012728.rf.pcm: too small (10x512)
[2026-05-15 12:59:31] [INFO]       SKIP p150722_013312.rf.pcm: too small (11x512)
[2026-05-15 12:59:31] [INFO]       SKIP p150722_013848.rf.pcm: too small (11x512)
[2026-05-15 12:59:31] [INFO]       SKIP p150722_014432.rf.pcm: too small (10x512)
[2026-05-15 12:59:31] [INFO]       OK   p150720_214952.rf.pcm: sb0:110al
[2026-05-15 12:59:31] [INFO]       SKIP p150723_005840.rf.pcm: too small (10x512)
[2026-05-15 12:59:31] [INFO]       SKIP p150723_010424.rf.pcm: too small (11x512)
[2026-05-15 12:59:31] [INFO]       SKIP p150723_011000.rf.pcm: too small (11x512)
[2026-05-15 12:59:31] [INFO]       SKIP p150723_011544.rf.pcm: too small (10x512)
[2026-05-15 12:59:31] [INFO]       SKIP p150723_012120.rf.pcm: too small (11x512)
[2026-05-15 12:59:31] [INFO]       SKIP p150723_012704.rf.pcm: too small (10x512)
[2026-05-15 12:59:31] [INFO]       SKIP p150723_024504.rf.pcm: too small (11x512)
[2026-05-15 12:59:31] [INFO]       SKIP p150723_025104.rf.pcm: too small (11x512)
[2026-05-15 12:59:31] [INFO]       SKIP p150723_025656.rf.pcm: too small (11x512)
[2026-05-15 12:59:31] [INFO]       SKIP p150723_030240.rf.pcm: too small (11x512)
[2026-05-15 12:59:31] [INFO]       SKIP p150723_030832.rf.pcm: too small (11x512)
[2026-05-15 12:59:31] [INFO]       SKIP p150723_031424.rf.pcm: too small (11x512)
[2026-05-15 12:59:31] [INFO]       SKIP p150723_032016.rf.pcm: too small (11x512)
[2026-05-15 12:59:31] [INFO]       SKIP p150723_032624.rf.pcm: too small (10x512)
[2026-05-15 12:59:31] [INFO]       OK   p150721_184744.rf.pcm: sb0:199al
[2026-05-15 12:59:31] [INFO]       OK   p150703_010336.rf.pcm: sb0:577al
[2026-05-15 12:59:31] [INFO]       OK   p150721_200008.rf.pcm: sb0:188al
[2026-05-15 12:59:31] [INFO]       OK   p150721_213144.rf.pcm: sb0:171al
[2026-05-15 12:59:31] [INFO]       OK   p150715_003816.rf.pcm: sb0:658al
[2026-05-15 12:59:31] [INFO]       OK   p150802_222352.rf.pcm: sb0:3al
[2026-05-15 12:59:32] [INFO]       OK   p150722_221520.rf.pcm: sb0:9al
[2026-05-15 12:59:32] [INFO]       OK   p150721_001840.rf.pcm: sb0:551al
[2026-05-15 12:59:32] [INFO]       OK   p150811_234312.rf.pcm: sb0:5al
[2026-05-15 12:59:32] [INFO]       OK   p150812_002704.rf.pcm: sb0:101al
[2026-05-15 12:59:32] [INFO]       OK   p150812_013520.rf.pcm: sb0:168al
[2026-05-15 12:59:32] [INFO]       OK   p150723_191528.rf.pcm: sb0:729al
[2026-05-15 12:59:32] [INFO]       OK   p150829_010832.rf.pcm: sb0:30al
[2026-05-15 12:59:32] [INFO]       OK   p150803_170000.rf.pcm: sb0:684al
[2026-05-15 12:59:32] [INFO]       OK   p150723_202744.rf.pcm: sb0:813al
[2026-05-15 12:59:32] [INFO]       OK   p150811_221200.rf.pcm: sb0:609al
[2026-05-15 12:59:32] [INFO]       OK   p150828_235232.rf.pcm: sb0:146al
[2026-05-15 12:59:32] [INFO]       OK   p150829_164648.rf.pcm: sb0:98al
[2026-05-15 12:59:32] [INFO]       OK   p150814_214912.rf.pcm: sb0:670al
[2026-05-15 12:59:32] [INFO]       OK   p150814_192200.rf.pcm: sb0:739al
[2026-05-15 12:59:33] [INFO]       OK   p150830_173904.rf.pcm: sb0:25al
[2026-05-15 12:59:33] [INFO]       OK   p150829_215800.rf.pcm: sb0:632al
[2026-05-15 12:59:33] [INFO]       OK   p150830_185136.rf.pcm: sb0:619al
[2026-05-15 12:59:33] [INFO]       OK   p150831_190536.rf.pcm: sb0:387al
[2026-05-15 12:59:33] [INFO]       OK   p150831_175256.rf.pcm: sb0:865al
[2026-05-15 12:59:33] [INFO]       OK   p150831_201752.rf.pcm: sb0:599al
[2026-05-15 12:59:33] [INFO]       OK   p150901_180232.rf.pcm: sb0:810al
[2026-05-15 12:59:33] [INFO]       OK   p150903_145112.rf.pcm: sb0:728al
[2026-05-15 12:59:33] [INFO]       OK   p150903_160048.rf.pcm: sb0:643al
[2026-05-15 12:59:34] [INFO]       OK   p150903_171032.rf.pcm: sb0:787al
[2026-05-15 12:59:34] [INFO]       OK   p150903_214912.rf.pcm: sb0:6al
[2026-05-15 12:59:34] [INFO]       OK   p150903_182008.rf.pcm: sb0:824al
[2026-05-15 12:59:34] [INFO]       OK   p150903_192952.rf.pcm: sb0:671al
[2026-05-15 12:59:34] [INFO]       OK   p150921_194456.rf.pcm: sb0:132al
[2026-05-15 12:59:34] [INFO]       OK   p150903_203928.rf.pcm: sb0:770al
[2026-05-15 12:59:34] [INFO]       OK   p150904_000832.rf.pcm: sb0:483al
[2026-05-15 12:59:34] [INFO]       OK   p150923_161048.rf.pcm: sb0:144al
[2026-05-15 12:59:34] [INFO]       OK   p150903_225848.rf.pcm: sb0:576al
[2026-05-15 12:59:34] [INFO]       OK   p150919_203128.rf.pcm: sb0:549al
[2026-05-15 12:59:34] [INFO]       OK   p151006_204552.rf.pcm: sb0:248al
[2026-05-15 12:59:34] [INFO]       OK   p151009_161424.rf.pcm: sb0:182al
[2026-05-15 12:59:34] [INFO]       OK   p150922_162440.rf.pcm: sb0:858al
[2026-05-15 12:59:34] [INFO]       OK   p151010_145544.rf.pcm: sb0:127al
[2026-05-15 12:59:35] [INFO]       OK   p151006_193352.rf.pcm: sb0:6al
[2026-05-15 12:59:35] [INFO]       OK   p151005_211248.rf.pcm: sb0:826al
[2026-05-15 12:59:35] [INFO]       OK   p151010_172920.rf.pcm: sb0:229al
[2026-05-15 12:59:35] [INFO]       OK   p151006_170856.rf.pcm: sb0:649al
[2026-05-15 12:59:35] [INFO]       OK   p151006_182144.rf.pcm: sb0:905al
[2026-05-15 12:59:35] [INFO]       OK   p151025_172104.rf.pcm: sb0:167al
[2026-05-15 12:59:35] [INFO]       OK   p151025_142856.rf.pcm: sb0:127al
[2026-05-15 12:59:35] [INFO]       OK   p151026_132824.rf.pcm: sb0:164al
[2026-05-15 12:59:35] [INFO]       OK   p151026_155816.rf.pcm: sb0:200al
[2026-05-15 12:59:35] [INFO]       OK   p151028_235256.rf.pcm: sb0:8al
[2026-05-15 12:59:35] [INFO]       OK   p151011_164904.rf.pcm: sb0:812al
[2026-05-15 12:59:35] [INFO]       SKIP p151109_130712.rf.pcm: too small (11x512)
[2026-05-15 12:59:35] [INFO]       SKIP p151109_132824.rf.pcm: too small (13x512)
[2026-05-15 12:59:35] [INFO]       OK   p151024_161720.rf.pcm: sb0:490al
[2026-05-15 12:59:35] [INFO]       OK   p151023_155128.rf.pcm: sb0:757al
[2026-05-15 12:59:35] [INFO]       OK   p151107_121240.rf.pcm: sb0:60al
[2026-05-15 12:59:35] [INFO]       OK   p151028_224800.rf.pcm: sb0:15al
[2026-05-15 12:59:35] [INFO]       OK   p151107_132456.rf.pcm: sb0:115al
[2026-05-15 12:59:35] [INFO]       OK   p151108_131312.rf.pcm: sb0:65al
[2026-05-15 12:59:36] [INFO]       OK   p151106_143120.rf.pcm: sb0:469al
[2026-05-15 12:59:36] [INFO]       OK   p151109_180352.rf.pcm: sb0:530al
[2026-05-15 12:59:36] [INFO]       OK   p151109_151352.rf.pcm: sb0:768al
[2026-05-15 12:59:36] [INFO]       SKIP p151116_034432.rf.pcm: too small (15x512)
[2026-05-15 12:59:36] [INFO]       OK   p151111_135920.rf.pcm: sb0:692al
[2026-05-15 12:59:36] [INFO]       OK   p151109_133928.rf.pcm: sb0:307al
[2026-05-15 12:59:36] [INFO]       OK   p151111_104848.rf.pcm: sb0:34al
[2026-05-15 12:59:36] [INFO]       OK   p151109_164024.rf.pcm: sb0:187al
[2026-05-15 12:59:37] [INFO]       OK   p151109_193128.rf.pcm: sb0:190al
[2026-05-15 12:59:37] [INFO]       OK   p151120_132216.rf.pcm: sb0:5al
[2026-05-15 12:59:37] [INFO]       OK   p151111_151944.rf.pcm: sb0:302al
[2026-05-15 12:59:37] [INFO]       OK   p151120_134824.rf.pcm: sb0:227al
[2026-05-15 12:59:37] [INFO]       OK   p151214_095752.rf.pcm: sb0:103al
[2026-05-15 12:59:37] [INFO]       OK   p151211_151656.rf.pcm: sb0:5al
[2026-05-15 12:59:37] [INFO]       OK   p151221_101840.rf.pcm: sb0:63al
[2026-05-15 12:59:37] [INFO]       OK   p151122_161616.rf.pcm: sb0:396al
[2026-05-15 12:59:37] [INFO]       OK   p151223_172328.rf.pcm: sb0:57al
[2026-05-15 12:59:37] [INFO]       OK   p151223_100912.rf.pcm: sb0:119al
[2026-05-15 12:59:37] [INFO]       OK   p151111_163232.rf.pcm: sb0:18al
[2026-05-15 12:59:37] [INFO]       OK   p151122_172904.rf.pcm: sb0:139al
[2026-05-15 12:59:37] [INFO]       OK   p160110_091008.rf.pcm: sb0:88al
[2026-05-15 12:59:37] [INFO]       OK   p151220_141936.rf.pcm: sb0:749al
[2026-05-15 12:59:38] [INFO]       OK   p160111_081920.rf.pcm: sb0:120al
[2026-05-15 12:59:38] [INFO]       OK   p160129_133840.rf.pcm: sb0:5al
[2026-05-15 12:59:38] [INFO]       OK   p151222_120032.rf.pcm: sb0:786al
[2026-05-15 12:59:38] [INFO]       OK   p160109_141704.rf.pcm: sb0:447al
[2026-05-15 12:59:38] [INFO]       OK   p160220_075112.rf.pcm: sb0:7al
[2026-05-15 12:59:38] [INFO]       OK   p160129_141752.rf.pcm: sb0:142al
[2026-05-15 12:59:38] [INFO]       OK   p160130_091232.rf.pcm: sb0:243al
[2026-05-15 12:59:38] [INFO]       SKIP p160222_071144.rf.pcm: too small (10x512)
[2026-05-15 12:59:38] [INFO]       OK   p160129_121952.rf.pcm: sb0:407al
[2026-05-15 12:59:38] [INFO]       OK   p160222_065616.rf.pcm: sb0:21al
[2026-05-15 12:59:38] [INFO]       OK   p160112_070328.rf.pcm: sb0:571al
[2026-05-15 12:59:38] [INFO]       OK   p160128_090120.rf.pcm: sb0:685al
[2026-05-15 12:59:38] [INFO]       OK   p160221_040528.rf.pcm: sb0:144al
[2026-05-15 12:59:38] [INFO]       OK   p160221_091304.rf.pcm: sb0:172al
[2026-05-15 12:59:38] [INFO]       OK   p160129_083440.rf.pcm: sb0:733al
[2026-05-15 12:59:38] [INFO]       OK   p160223_092944.rf.pcm: sb0:30al
[2026-05-15 12:59:38] [INFO]       OK   p160223_074216.rf.pcm: sb0:157al
[2026-05-15 12:59:39] [INFO]       OK   p160307_120552.rf.pcm: sb0:112al
[2026-05-15 12:59:39] [INFO]       OK   p160307_070832.rf.pcm: sb0:18al
[2026-05-15 12:59:39] [INFO]       OK   p160308_113248.rf.pcm: sb0:143al
[2026-05-15 12:59:39] [INFO]       OK   p160316_061944.rf.pcm: sb0:183al
[2026-05-15 12:59:39] [INFO]       OK   p160222_074320.rf.pcm: sb0:326al
[2026-05-15 12:59:39] [INFO]       OK   p160222_085312.rf.pcm: sb0:286al
[2026-05-15 12:59:39] [INFO]       OK   p160223_082024.rf.pcm: sb0:302al
[2026-05-15 12:59:39] [INFO]       OK   p160305_053224.rf.pcm: sb0:220al
[2026-05-15 12:59:39] [INFO]       OK   p160223_094648.rf.pcm: sb0:229al
[2026-05-15 12:59:39] [INFO]       OK   p160306_062552.rf.pcm: sb0:323al
[2026-05-15 12:59:39] [INFO]       OK   p160317_060344.rf.pcm: sb0:4al
[2026-05-15 12:59:39] [INFO]       OK   p160318_055424.rf.pcm: sb0:3al
[2026-05-15 12:59:39] [INFO]       OK   p160319_035720.rf.pcm: sb0:4al
[2026-05-15 12:59:39] [INFO]       OK   p160319_051024.rf.pcm: sb0:152al
[2026-05-15 12:59:40] [INFO]       OK   p160402_050144.rf.pcm: sb0:259al
[2026-05-15 12:59:40] [INFO]       OK   p160401_054648.rf.pcm: sb0:282al
[2026-05-15 12:59:40] [INFO]       OK   p160403_034840.rf.pcm: sb0:207al
[2026-05-15 12:59:40] [INFO]       OK   p160403_061400.rf.pcm: sb0:172al
[2026-05-15 12:59:40] [INFO]       OK   p160410_031224.rf.pcm: sb0:169al
[2026-05-15 12:59:40] [INFO]       OK   p160410_020448.rf.pcm: sb0:258al
[2026-05-15 12:59:40] [INFO]       OK   p160410_005728.rf.pcm: sb0:249al
[2026-05-15 12:59:40] [INFO]       OK   p160410_041952.rf.pcm: sb0:166al
[2026-05-15 12:59:40] [INFO]       OK   p160410_052736.rf.pcm: sb0:264al
[2026-05-15 12:59:41] [INFO]       OK   p160410_063504.rf.pcm: sb0:216al
[2026-05-15 12:59:41] [INFO]       OK   p160410_074232.rf.pcm: sb0:267al
[2026-05-15 12:59:41] [INFO]       OK   p160417_021112.rf.pcm: sb0:8al
[2026-05-15 12:59:41] [INFO]       OK   p160410_090328.rf.pcm: sb0:180al
[2026-05-15 12:59:41] [INFO]       OK   p160416_014152.rf.pcm: sb0:194al
[2026-05-15 12:59:41] [INFO]       OK   p160415_025728.rf.pcm: sb0:197al
[2026-05-15 12:59:41] [INFO]       OK   p160416_040616.rf.pcm: sb0:362al
[2026-05-15 12:59:41] [INFO]       OK   p160416_025400.rf.pcm: sb0:336al
[2026-05-15 12:59:41] [INFO]       OK   p160506_001544.rf.pcm: sb0:4al
[2026-05-15 12:59:41] [INFO]       OK   p160505_031800.rf.pcm: sb0:156al
[2026-05-15 12:59:41] [INFO]       OK   p160506_014040.rf.pcm: sb0:151al
[2026-05-15 12:59:41] [INFO]       OK   p160506_232520.rf.pcm: sb0:86al
[2026-05-15 12:59:41] [INFO]       OK   p160515_004032.rf.pcm: sb0:10al
[2026-05-15 12:59:41] [INFO]       OK   p160507_015432.rf.pcm: sb0:80al
[2026-05-15 12:59:41] [INFO]       SKIP p160531_050600.rf.pcm: too small (11x512)
[2026-05-15 12:59:41] [INFO]       OK   p160514_225720.rf.pcm: sb0:147al
[2026-05-15 12:59:41] [INFO]       OK   p160502_071000.rf.pcm: sb0:278al
[2026-05-15 12:59:41] [INFO]       OK   p160503_042752.rf.pcm: sb0:152al
[2026-05-15 12:59:41] [INFO]       OK   p160624_005744.rf.pcm: sb0:57al
[2026-05-15 12:59:41] [INFO]       OK   p160630_205840.rf.pcm: sb0:108al
[2026-05-15 12:59:41] [INFO]       OK   p160520_050312.rf.pcm: sb0:274al
[2026-05-15 12:59:42] [INFO]       OK   p160521_042512.rf.pcm: sb0:243al
[2026-05-15 12:59:42] [INFO]       OK   p160701_224344.rf.pcm: sb0:4al
[2026-05-15 12:59:42] [INFO]       OK   p160521_031256.rf.pcm: sb0:194al
[2026-05-15 12:59:42] [INFO]       OK   p160701_213128.rf.pcm: sb0:88al
[2026-05-15 12:59:42] [INFO]       OK   p160623_212144.rf.pcm: sb0:274al
[2026-05-15 12:59:42] [INFO]       OK   p160606_000720.rf.pcm: sb0:274al
[2026-05-15 12:59:42] [INFO]       OK   p160623_200944.rf.pcm: sb0:196al
[2026-05-15 12:59:42] [INFO]       OK   p160702_190944.rf.pcm: sb0:388al
[2026-05-15 12:59:42] [INFO]       OK   p160706_043624.rf.pcm: sb0:19al
[2026-05-15 12:59:42] [INFO]       OK   p160706_002616.rf.pcm: sb0:254al
[2026-05-15 12:59:42] [INFO]       OK   p160702_201808.rf.pcm: sb0:73al
[2026-05-15 12:59:42] [INFO]       OK   p160702_212640.rf.pcm: sb0:301al
[2026-05-15 12:59:42] [INFO]       OK   p160706_022704.rf.pcm: sb0:259al
[2026-05-15 12:59:42] [INFO]       OK   p160702_223512.rf.pcm: sb0:343al
[2026-05-15 12:59:42] [INFO]       OK   p160703_213448.rf.pcm: sb0:397al
[2026-05-15 12:59:42] [INFO]       OK   p160711_002744.rf.pcm: sb0:22al
[2026-05-15 12:59:42] [INFO]       OK   p160709_195720.rf.pcm: sb0:113al
[2026-05-15 12:59:42] [INFO]       OK   p160709_210944.rf.pcm: sb0:385al
[2026-05-15 12:59:42] [INFO]       OK   p160710_202208.rf.pcm: sb0:351al
[2026-05-15 12:59:42] [INFO]       OK   p160710_213424.rf.pcm: sb0:390al
[2026-05-15 12:59:42] [INFO]       OK   p160709_221824.rf.pcm: sb0:379al
[2026-05-15 12:59:43] [INFO]       OK   p160726_203544.rf.pcm: sb0:4al
[2026-05-15 12:59:43] [INFO]       OK   p160715_203216.rf.pcm: sb0:521al
[2026-05-15 12:59:43] [INFO]       OK   p160716_215240.rf.pcm: sb0:231al
[2026-05-15 12:59:43] [INFO]       OK   p160717_024104.rf.pcm: sb0:168al
[2026-05-15 12:59:43] [INFO]       OK   p160717_213040.rf.pcm: sb0:292al
[2026-05-15 12:59:43] [INFO]       OK   p160717_201048.rf.pcm: sb0:221al
[2026-05-15 12:59:43] [INFO]       OK   p160725_210320.rf.pcm: sb0:172al
[2026-05-15 12:59:43] [INFO]       OK   p160725_194912.rf.pcm: sb0:234al
[2026-05-15 12:59:43] [INFO]       OK   p160815_010704.rf.pcm: sb0:78al
[2026-05-15 12:59:43] [INFO]       SKIP p160815_013536.rf.pcm: too small (12x512)
[2026-05-15 12:59:43] [INFO]       OK   p160812_181904.rf.pcm: sb0:4al
[2026-05-15 12:59:43] [INFO]       OK   p160726_214752.rf.pcm: sb0:188al
[2026-05-15 12:59:43] [INFO]       OK   p160811_193400.rf.pcm: sb0:362al
[2026-05-15 12:59:43] [INFO]       OK   p160812_170648.rf.pcm: sb0:167al
[2026-05-15 12:59:43] [INFO]       OK   p160813_165800.rf.pcm: sb0:159al
[2026-05-15 12:59:43] [INFO]       OK   p160813_181008.rf.pcm: sb0:219al
[2026-05-15 12:59:43] [INFO]       OK   p160813_204112.rf.pcm: sb0:241al
[2026-05-15 12:59:44] [INFO]       OK   p160825_181608.rf.pcm: sb0:133al
[2026-05-15 12:59:44] [INFO]       OK   p160825_192840.rf.pcm: sb0:180al
[2026-05-15 12:59:44] [INFO]       OK   p160825_203736.rf.pcm: sb0:211al
[2026-05-15 12:59:44] [INFO]       OK   p160827_152352.rf.pcm: sb0:252al
[2026-05-15 12:59:44] [INFO]       OK   p160826_185936.rf.pcm: sb0:243al
[2026-05-15 12:59:44] [INFO]       OK   p160827_163112.rf.pcm: sb0:142al
[2026-05-15 12:59:44] [INFO]       OK   p160827_173832.rf.pcm: sb0:193al
[2026-05-15 12:59:44] [INFO]       OK   p160827_184600.rf.pcm: sb0:301al
[2026-05-15 12:59:44] [INFO]       OK   p160827_195336.rf.pcm: sb0:215al
[2026-05-15 12:59:44] [INFO]       OK   p160828_002312.rf.pcm: sb0:125al
[2026-05-15 12:59:44] [INFO]       OK   p160827_210056.rf.pcm: sb0:199al
[2026-05-15 12:59:45] [INFO]       OK   p160827_220824.rf.pcm: sb0:186al
[2026-05-15 12:59:45] [INFO]       OK   p160912_143400.rf.pcm: sb0:238al
[2026-05-15 12:59:45] [INFO]       OK   p160827_231552.rf.pcm: sb0:277al
[2026-05-15 12:59:45] [INFO]       OK   p160912_154248.rf.pcm: sb0:130al
[2026-05-15 12:59:45] [INFO]       OK   p160911_162032.rf.pcm: sb0:291al
[2026-05-15 12:59:45] [INFO]       OK   p160909_191000.rf.pcm: sb0:181al
[2026-05-15 12:59:45] [INFO]       OK   p160911_173240.rf.pcm: sb0:265al
[2026-05-15 12:59:45] [INFO]       OK   p161001_193016.rf.pcm: sb0:262al
[2026-05-15 12:59:45] [INFO]       OK   p160929_130104.rf.pcm: sb0:183al
[2026-05-15 12:59:45] [INFO]       OK   p160929_145632.rf.pcm: sb0:240al
[2026-05-15 12:59:45] [INFO]       OK   p160930_174640.rf.pcm: sb0:137al
[2026-05-15 12:59:45] [INFO]       OK   p161001_155504.rf.pcm: sb0:380al
[2026-05-15 12:59:45] [INFO]       OK   p161021_142304.rf.pcm: sb0:277al
[2026-05-15 12:59:46] [INFO]       OK   p161021_153512.rf.pcm: sb0:216al
[2026-05-15 12:59:46] [INFO]       OK   p161022_120912.rf.pcm: sb0:261al
[2026-05-15 12:59:46] [INFO]       OK   p161022_132120.rf.pcm: sb0:197al
[2026-05-15 12:59:46] [INFO]       OK   p161115_122200.rf.pcm: sb0:128al
[2026-05-15 12:59:46] [INFO]       OK   p161023_162704.rf.pcm: sb0:145al
[2026-05-15 12:59:46] [INFO]       OK   p161115_133424.rf.pcm: sb0:120al
[2026-05-15 12:59:46] [INFO]       OK   p161114_144904.rf.pcm: sb0:127al
[2026-05-15 12:59:46] [INFO]       OK   p161113_142552.rf.pcm: sb0:197al
[2026-05-15 12:59:46] [INFO]       OK   p161113_104848.rf.pcm: sb0:179al
[2026-05-15 12:59:46] [INFO]       OK   p161116_122744.rf.pcm: sb0:164al
[2026-05-15 12:59:46] [INFO]       OK   p161116_134000.rf.pcm: sb0:170al
[2026-05-15 12:59:46] [INFO]       OK   p161114_133656.rf.pcm: sb0:345al
[2026-05-15 12:59:46] [INFO]       OK   p161116_145216.rf.pcm: sb0:212al
[2026-05-15 12:59:46] [INFO]       OK   p161215_081024.rf.pcm: sb0:91al
[2026-05-15 12:59:46] [INFO]       OK   p161206_131216.rf.pcm: sb0:238al
[2026-05-15 12:59:46] [INFO]       OK   p161206_115936.rf.pcm: sb0:201al
[2026-05-15 12:59:46] [INFO]       OK   p161207_111024.rf.pcm: sb0:4al
[2026-05-15 12:59:46] [INFO]       OK   p161205_105824.rf.pcm: sb0:22al
[2026-05-15 12:59:46] [INFO]       OK   p161206_142424.rf.pcm: sb0:164al
[2026-05-15 12:59:46] [INFO]       OK   p161215_093648.rf.pcm: sb0:4al
[2026-05-15 12:59:46] [INFO]       OK   p161215_160920.rf.pcm: sb0:6al
[2026-05-15 12:59:47] [INFO]       OK   p161205_132304.rf.pcm: sb0:620al
[2026-05-15 12:59:47] [INFO]       OK   p161205_121056.rf.pcm: sb0:836al
[2026-05-15 12:59:47] [INFO]       OK   p161215_124704.rf.pcm: sb0:388al
[2026-05-15 12:59:47] [INFO]       OK   p161215_082800.rf.pcm: sb0:591al
[2026-05-15 12:59:47] [INFO]       OK   p161215_135344.rf.pcm: sb0:539al
[2026-05-15 12:59:47] [INFO]       OK   p161215_150152.rf.pcm: sb0:481al
[2026-05-15 12:59:47] [INFO]       OK   p161215_170000.rf.pcm: sb0:480al
[2026-05-15 12:59:47] [INFO]       OK   p161219_102504.rf.pcm: sb0:541al
[2026-05-15 12:59:47] [INFO]       OK   p161221_102408.rf.pcm: sb0:89al
[2026-05-15 12:59:47] [INFO]       SKIP p170107_132656.rf.pcm: too small (10x512)
[2026-05-15 12:59:47] [INFO]       OK   p170105_091312.rf.pcm: sb0:4al
[2026-05-15 12:59:47] [INFO]       OK   p161219_120632.rf.pcm: sb0:668al
[2026-05-15 12:59:47] [INFO]       OK   p161219_131848.rf.pcm: sb0:417al
[2026-05-15 12:59:47] [INFO]       OK   p170105_102520.rf.pcm: sb0:117al
[2026-05-15 12:59:47] [INFO]       OK   p161220_113400.rf.pcm: sb0:634al
[2026-05-15 12:59:47] [INFO]       OK   p170103_093144.rf.pcm: sb0:514al
[2026-05-15 12:59:47] [INFO]       OK   p170129_083312.rf.pcm: sb0:162al
[2026-05-15 12:59:47] [INFO]       OK   p170104_082720.rf.pcm: sb0:740al
[2026-05-15 12:59:47] [INFO]       OK   p170115_070912.rf.pcm: sb0:421al
[2026-05-15 12:59:47] [INFO]       OK   p170128_082104.rf.pcm: sb0:303al
[2026-05-15 12:59:48] [INFO]       OK   p170115_082120.rf.pcm: sb0:380al
[2026-05-15 12:59:48] [INFO]       OK   p170209_073856.rf.pcm: sb0:33al
[2026-05-15 12:59:48] [INFO]       OK   p170130_055352.rf.pcm: sb0:109al
[2026-05-15 12:59:48] [INFO]       OK   p170127_074240.rf.pcm: sb0:502al
[2026-05-15 12:59:48] [INFO]       SKIP p170212_095128.rf.pcm: too small (10x512)
[2026-05-15 12:59:48] [INFO]       OK   p170127_085456.rf.pcm: sb0:814al
[2026-05-15 12:59:48] [INFO]       OK   p170211_053616.rf.pcm: sb0:109al
[2026-05-15 12:59:48] [INFO]       OK   p170210_061128.rf.pcm: sb0:113al
[2026-05-15 12:59:48] [INFO]       OK   p170210_045920.rf.pcm: sb0:119al
[2026-05-15 12:59:48] [INFO]       OK   p170208_085920.rf.pcm: sb0:3al
[2026-05-15 12:59:48] [INFO]       OK   p170208_074712.rf.pcm: sb0:5al
[2026-05-15 12:59:48] [INFO]       OK   p170211_042744.rf.pcm: sb0:8al
[2026-05-15 12:59:48] [INFO]       OK   p170305_032648.rf.pcm: sb0:3al
[2026-05-15 12:59:48] [INFO]       OK   p170304_075400.rf.pcm: sb0:160al
[2026-05-15 12:59:48] [INFO]       OK   p170304_064152.rf.pcm: sb0:154al
[2026-05-15 12:59:48] [INFO]       OK   p170303_064232.rf.pcm: sb0:711al
[2026-05-15 12:59:48] [INFO]       OK   p170303_075440.rf.pcm: sb0:370al
[2026-05-15 12:59:48] [INFO]       OK   p170324_025128.rf.pcm: sb0:173al
[2026-05-15 12:59:48] [INFO]       OK   p170324_040328.rf.pcm: sb0:38al
[2026-05-15 12:59:48] [INFO]       OK   p170324_054152.rf.pcm: sb0:180al
[2026-05-15 12:59:48] [INFO]       OK   p170305_084504.rf.pcm: sb0:597al
[2026-05-15 12:59:48] [INFO]       OK   p170322_070016.rf.pcm: sb0:720al
[2026-05-15 12:59:48] [INFO]       OK   p170323_064424.rf.pcm: sb0:366al
[2026-05-15 12:59:49] [INFO]       OK   p170323_053216.rf.pcm: sb0:567al
[2026-05-15 12:59:49] [INFO]       OK   p170330_011512.rf.pcm: sb0:7al
[2026-05-15 12:59:49] [INFO]       OK   p170330_033024.rf.pcm: sb0:3al
[2026-05-15 12:59:49] [INFO]       SKIP p170402_100712.rf.pcm: too small (11x256)
[2026-05-15 12:59:49] [INFO]       OK   p170403_014408.rf.pcm: sb0:52al
[2026-05-15 12:59:49] [INFO]       OK   p170330_022240.rf.pcm: sb0:610al
[2026-05-15 12:59:49] [INFO]       OK   p170330_054536.rf.pcm: sb0:12al
[2026-05-15 12:59:49] [INFO]       OK   p170403_082624.rf.pcm: sb0:2al
[2026-05-15 12:59:49] [INFO]       OK   p170403_022400.rf.pcm: sb0:3al
[2026-05-15 12:59:49] [INFO]       OK   p170330_043800.rf.pcm: sb0:602al
[2026-05-15 12:59:49] [INFO]       OK   p170330_065304.rf.pcm: sb0:564al
[2026-05-15 12:59:49] [INFO]       OK   p170403_071344.rf.pcm: sb0:123al
[2026-05-15 12:59:49] [INFO]       OK   p170330_080032.rf.pcm: sb0:531al
[2026-05-15 12:59:49] [INFO]       OK   p170403_091240.rf.pcm: sb0:86al
[2026-05-15 12:59:49] [INFO]       OK   p170330_090944.rf.pcm: sb0:509al
[2026-05-15 12:59:49] [INFO]       OK   p170330_101704.rf.pcm: sb0:376al
[2026-05-15 12:59:49] [INFO]       OK   p170414_033936.rf.pcm: sb0:180al
[2026-05-15 12:59:49] [INFO]       OK   p170415_012528.rf.pcm: sb0:35al
[2026-05-15 12:59:49] [INFO]       OK   p170415_035152.rf.pcm: sb0:145al
[2026-05-15 12:59:49] [INFO]       OK   p170429_023624.rf.pcm: sb0:9al
[2026-05-15 12:59:49] [INFO]       OK   p170413_064232.rf.pcm: sb0:462al
[2026-05-15 12:59:49] [INFO]       SKIP p170526_041032.rf.pcm: too small (13x256)
[2026-05-15 12:59:49] [INFO]       OK   p170428_013424.rf.pcm: sb0:6al
[2026-05-15 12:59:49] [INFO]       OK   p170429_035432.rf.pcm: sb0:174al
[2026-05-15 12:59:49] [INFO]       OK   p170430_013312.rf.pcm: sb0:214al
[2026-05-15 12:59:49] [INFO]       SKIP p170601_052320.rf.pcm: too small (14x512)
[2026-05-15 12:59:49] [INFO]       SKIP p170601_053648.rf.pcm: too small (11x512)
[2026-05-15 12:59:49] [INFO]       OK   p170430_025720.rf.pcm: sb0:158al
[2026-05-15 12:59:50] [INFO]       OK   p170415_052304.rf.pcm: sb0:552al
[2026-05-15 12:59:50] [INFO]       OK   p170531_000856.rf.pcm: sb0:3al
[2026-05-15 12:59:50] [INFO]       OK   p170428_001152.rf.pcm: sb0:442al
[2026-05-15 12:59:50] [INFO]       OK   p170430_064400.rf.pcm: sb0:46al
[2026-05-15 12:59:50] [INFO]       OK   p170531_041336.rf.pcm: sb0:3al
[2026-05-15 12:59:50] [INFO]       OK   p170621_032456.rf.pcm: sb0:3al
[2026-05-15 12:59:50] [INFO]       OK   p170625_031320.rf.pcm: sb0:157al
[2026-05-15 12:59:50] [INFO]       OK   p170625_042520.rf.pcm: sb0:199al
[2026-05-15 12:59:50] [INFO]       OK   p170529_045232.rf.pcm: sb0:446al
[2026-05-15 12:59:50] [INFO]       OK   p170602_055128.rf.pcm: sb0:568al
[2026-05-15 12:59:50] [INFO]       OK   p170625_201624.rf.pcm: sb0:95al
[2026-05-15 12:59:50] [INFO]       OK   p170625_212448.rf.pcm: sb0:137al
[2026-05-15 12:59:50] [INFO]       OK   p170625_221720.rf.pcm: sb0:8al
[2026-05-15 12:59:50] [INFO]       OK   p170625_232552.rf.pcm: sb0:273al
[2026-05-15 12:59:50] [INFO]       OK   p170626_014312.rf.pcm: sb0:3al
[2026-05-15 12:59:50] [INFO]       OK   p170623_221408.rf.pcm: sb0:433al
[2026-05-15 12:59:50] [INFO]       OK   p170622_003144.rf.pcm: sb0:565al
[2026-05-15 12:59:50] [INFO]       OK   p170623_232648.rf.pcm: sb0:533al
[2026-05-15 12:59:50] [INFO]       OK   p170626_003432.rf.pcm: sb0:151al
[2026-05-15 12:59:50] [INFO]       OK   p170626_025152.rf.pcm: sb0:47al
[2026-05-15 12:59:50] [INFO]       OK   p170626_050840.rf.pcm: sb0:93al
[2026-05-15 12:59:50] [INFO]       SKIP p170713_230824.rf.pcm: too small (11x256)
[2026-05-15 12:59:50] [INFO]       SKIP p170724_002440.rf.pcm: too small (10x512)
[2026-05-15 12:59:50] [INFO]       SKIP p170724_025248.rf.pcm: too small (10x512)
[2026-05-15 12:59:50] [INFO]       OK   p170626_040008.rf.pcm: sb0:204al
[2026-05-15 12:59:50] [INFO]       OK   p170711_221032.rf.pcm: sb0:4al
[2026-05-15 12:59:50] [INFO]       OK   p170627_042616.rf.pcm: sb0:198al
[2026-05-15 12:59:50] [INFO]       OK   p170713_210904.rf.pcm: sb0:13al
[2026-05-15 12:59:50] [INFO]       SKIP p170821_001256.rf.pcm: too small (11x512)
[2026-05-15 12:59:50] [INFO]       OK   p170729_204520.rf.pcm: sb0:142al
[2026-05-15 12:59:50] [INFO]       OK   p170806_023952.rf.pcm: sb0:56al
[2026-05-15 12:59:51] [INFO]       OK   p170627_031336.rf.pcm: sb0:471al
[2026-05-15 12:59:51] [INFO]       OK   p170803_202736.rf.pcm: sb0:232al
[2026-05-15 12:59:51] [INFO]       OK   p170712_014952.rf.pcm: sb0:371al
[2026-05-15 12:59:51] [INFO]       OK   p170712_221112.rf.pcm: sb0:373al
[2026-05-15 12:59:51] [INFO]       OK   p170823_231520.rf.pcm: sb0:101al
[2026-05-15 12:59:51] [INFO]       OK   p170804_223024.rf.pcm: sb0:238al
[2026-05-15 12:59:51] [INFO]       OK   p170907_180336.rf.pcm: sb0:263al
[2026-05-15 12:59:51] [INFO]       OK   p170909_170056.rf.pcm: sb0:93al
[2026-05-15 12:59:51] [INFO]       OK   p170823_160928.rf.pcm: sb0:527al
[2026-05-15 12:59:51] [INFO]       OK   p170823_183440.rf.pcm: sb0:601al
[2026-05-15 12:59:51] [INFO]       OK   p170907_202432.rf.pcm: sb0:482al
[2026-05-15 12:59:51] [INFO]       SKIP p170926_132344.rf.pcm: too small (12x512)
[2026-05-15 12:59:51] [INFO]       OK   p170924_161024.rf.pcm: sb0:150al
[2026-05-15 12:59:51] [INFO]       OK   p170924_195600.rf.pcm: sb0:162al
[2026-05-15 12:59:51] [INFO]       OK   p170908_173912.rf.pcm: sb0:511al
[2026-05-15 12:59:51] [INFO]       OK   p170922_162040.rf.pcm: sb0:576al
[2026-05-15 12:59:51] [INFO]       OK   p170923_175336.rf.pcm: sb0:339al
[2026-05-15 12:59:51] [INFO]       OK   p170923_151248.rf.pcm: sb0:420al
[2026-05-15 12:59:51] [INFO]       OK   p170925_153616.rf.pcm: sb0:342al
[2026-05-15 12:59:51] [INFO]       OK   p170926_133352.rf.pcm: sb0:422al
[2026-05-15 12:59:52] [INFO]       OK   p170926_144128.rf.pcm: sb0:385al
[2026-05-15 12:59:52] [INFO]       OK   p170926_154912.rf.pcm: sb0:779al
[2026-05-15 12:59:52] [INFO]       OK   p170926_165656.rf.pcm: sb0:785al
[2026-05-15 12:59:52] [INFO]       OK   p170926_223520.rf.pcm: sb0:158al
[2026-05-15 12:59:52] [INFO]       OK   p170926_180432.rf.pcm: sb0:702al
[2026-05-15 12:59:52] [INFO]       OK   p171012_145656.rf.pcm: sb0:4al
[2026-05-15 12:59:52] [INFO]       OK   p171014_211600.rf.pcm: sb0:36al
[2026-05-15 12:59:52] [INFO]       OK   p170926_202000.rf.pcm: sb0:650al
[2026-05-15 12:59:52] [INFO]       OK   p170926_191216.rf.pcm: sb0:813al
[2026-05-15 12:59:52] [INFO]       OK   p170926_212744.rf.pcm: sb0:781al
[2026-05-15 12:59:52] [INFO]       OK   p171016_132848.rf.pcm: sb0:49al
[2026-05-15 12:59:52] [INFO]       SKIP p171105_202224.rf.pcm: too small (10x512)
[2026-05-15 12:59:52] [INFO]       OK   p171104_130712.rf.pcm: sb0:176al
[2026-05-15 12:59:52] [INFO]       OK   p171104_171416.rf.pcm: sb0:148al
[2026-05-15 12:59:52] [INFO]       OK   p171001_211024.rf.pcm: sb0:682al
[2026-05-15 12:59:52] [INFO]       OK   p171105_184520.rf.pcm: sb0:275al
[2026-05-15 12:59:52] [INFO]       OK   p171124_112608.rf.pcm: sb0:6al
[2026-05-15 12:59:52] [INFO]       OK   p171013_154544.rf.pcm: sb0:590al
[2026-05-15 12:59:52] [INFO]       SKIP p171201_170848.rf.pcm: too small (10x512)
[2026-05-15 12:59:52] [INFO]       OK   p171014_150144.rf.pcm: sb0:634al
[2026-05-15 12:59:52] [INFO]       OK   p171125_120536.rf.pcm: sb0:6al
[2026-05-15 12:59:52] [INFO]       OK   p171102_154848.rf.pcm: sb0:570al
[2026-05-15 12:59:52] [INFO]       OK   p171208_095752.rf.pcm: sb0:4al
[2026-05-15 12:59:52] [INFO]       OK   p171106_130408.rf.pcm: sb0:770al
[2026-05-15 12:59:52] [INFO]       SKIP p171214_084640.rf.pcm: too small (10x256)
[2026-05-15 12:59:52] [INFO]       OK   p171106_141656.rf.pcm: sb0:298al
[2026-05-15 12:59:53] [INFO]       OK   p171208_162544.rf.pcm: sb0:123al
[2026-05-15 12:59:53] [INFO]       OK   p171125_150704.rf.pcm: sb0:704al
[2026-05-15 12:59:53] [INFO]       OK   p171209_122304.rf.pcm: sb0:4al
[2026-05-15 12:59:53] [INFO]       OK   p171126_144248.rf.pcm: sb0:661al
[2026-05-15 12:59:53] [INFO]       OK   p171210_131400.rf.pcm: sb0:10al
[2026-05-15 12:59:53] [INFO]       OK   p171210_120128.rf.pcm: sb0:608al
[2026-05-15 12:59:53] [INFO]       OK   p171218_090952.rf.pcm: sb0:12al
[2026-05-15 12:59:53] [INFO]       OK   p171218_080232.rf.pcm: sb0:587al
[2026-05-15 12:59:53] [INFO]       OK   p171218_101728.rf.pcm: sb0:712al
[2026-05-15 12:59:53] [INFO]       OK   p171218_112504.rf.pcm: sb0:396al
[2026-05-15 12:59:53] [INFO]       OK   p171218_123320.rf.pcm: sb0:634al
[2026-05-15 12:59:53] [INFO]       OK   p171228_093352.rf.pcm: sb0:144al
[2026-05-15 12:59:53] [INFO]       OK   p171218_134040.rf.pcm: sb0:482al
[2026-05-15 12:59:53] [INFO]       OK   p171218_155600.rf.pcm: sb0:480al
[2026-05-15 12:59:53] [INFO]       OK   p171218_144832.rf.pcm: sb0:496al
[2026-05-15 12:59:53] [INFO]       OK   p171229_093352.rf.pcm: sb0:137al
[2026-05-15 12:59:53] [INFO]       OK   p171227_112808.rf.pcm: sb0:326al
[2026-05-15 12:59:53] [INFO]       OK   p180112_100824.rf.pcm: sb0:4al
[2026-05-15 12:59:54] [INFO]       OK   p180112_112040.rf.pcm: sb0:219al
[2026-05-15 12:59:54] [INFO]       OK   p180114_073112.rf.pcm: sb0:74al
[2026-05-15 12:59:54] [INFO]       OK   p171229_105824.rf.pcm: sb0:471al
[2026-05-15 12:59:54] [INFO]       OK   p180111_102840.rf.pcm: sb0:462al
[2026-05-15 12:59:54] [INFO]       OK   p180126_093256.rf.pcm: sb0:170al
[2026-05-15 12:59:54] [INFO]       SKIP p180210_134528.rf.pcm: too small (11x512)
[2026-05-15 12:59:54] [INFO]       OK   p180126_104504.rf.pcm: sb0:188al
[2026-05-15 12:59:54] [INFO]       OK   p180113_071816.rf.pcm: sb0:594al
[2026-05-15 12:59:54] [INFO]       OK   p180216_043120.rf.pcm: sb0:4al
[2026-05-15 12:59:54] [INFO]       OK   p180113_083200.rf.pcm: sb0:371al
[2026-05-15 12:59:54] [INFO]       OK   p180114_124952.rf.pcm: sb0:429al
[2026-05-15 12:59:54] [INFO]       SKIP p180327_083408.rf.pcm: too small (11x512)
[2026-05-15 12:59:54] [INFO]       OK   p180126_080712.rf.pcm: sb0:315al
[2026-05-15 12:59:54] [INFO]       OK   p180127_085232.rf.pcm: sb0:409al
[2026-05-15 12:59:54] [INFO]       OK   p180309_070824.rf.pcm: sb0:13al
[2026-05-15 12:59:54] [INFO]       OK   p180328_044336.rf.pcm: sb0:57al
[2026-05-15 12:59:54] [INFO]       OK   p180310_055704.rf.pcm: sb0:7al
[2026-05-15 12:59:54] [INFO]       OK   p180401_031032.rf.pcm: sb0:1al
[2026-05-15 12:59:54] [INFO]       OK   p180128_080632.rf.pcm: sb0:704al
[2026-05-15 12:59:55] [INFO]       OK   p180308_103216.rf.pcm: sb0:438al
[2026-05-15 12:59:55] [INFO]       OK   p180327_100024.rf.pcm: sb0:19al
[2026-05-15 12:59:55] [INFO]       OK   p180311_095904.rf.pcm: sb0:326al
[2026-05-15 12:59:55] [INFO]       OK   p180402_011408.rf.pcm: sb0:20al
[2026-05-15 12:59:55] [INFO]       OK   p180401_035056.rf.pcm: sb0:214al
[2026-05-15 12:59:55] [INFO]       OK   p180415_003928.rf.pcm: sb0:3al
[2026-05-15 12:59:55] [INFO]       OK   p180415_002112.rf.pcm: sb0:71al
[2026-05-15 12:59:55] [INFO]       OK   p180327_084520.rf.pcm: sb0:628al
[2026-05-15 12:59:55] [INFO]       OK   p180415_005752.rf.pcm: sb0:3al
[2026-05-15 12:59:55] [INFO]       OK   p180415_013432.rf.pcm: sb0:4al
[2026-05-15 12:59:55] [INFO]       OK   p180415_021112.rf.pcm: sb0:6al
[2026-05-15 12:59:55] [INFO]       OK   p180415_011608.rf.pcm: sb0:48al
[2026-05-15 12:59:55] [INFO]       OK   p180415_015248.rf.pcm: sb0:65al
[2026-05-15 12:59:55] [INFO]       OK   p180415_022928.rf.pcm: sb0:64al
[2026-05-15 12:59:55] [INFO]       OK   p180415_024752.rf.pcm: sb0:58al
[2026-05-15 12:59:55] [INFO]       OK   p180415_030616.rf.pcm: sb0:3al
[2026-05-15 12:59:55] [INFO]       OK   p180415_032440.rf.pcm: sb0:4al
[2026-05-15 12:59:55] [INFO]       OK   p180415_034312.rf.pcm: sb0:6al
[2026-05-15 12:59:55] [INFO]       OK   p180415_040144.rf.pcm: sb0:4al
[2026-05-15 12:59:55] [INFO]       OK   p180415_053352.rf.pcm: sb0:4al
[2026-05-15 12:59:55] [INFO]       OK   p180415_051536.rf.pcm: sb0:10al
[2026-05-15 12:59:55] [INFO]       OK   p180415_042016.rf.pcm: sb0:39al
[2026-05-15 12:59:55] [INFO]       OK   p180415_045712.rf.pcm: sb0:54al
[2026-05-15 12:59:55] [INFO]       OK   p180415_043856.rf.pcm: sb0:73al
[2026-05-15 12:59:55] [INFO]       OK   p180403_061248.rf.pcm: sb0:472al
[2026-05-15 12:59:55] [INFO]       OK   p180415_055208.rf.pcm: sb0:67al
[2026-05-15 12:59:55] [INFO]       OK   p180402_091048.rf.pcm: sb0:458al
[2026-05-15 12:59:55] [INFO]       OK   p180415_064720.rf.pcm: sb0:4al
[2026-05-15 12:59:55] [INFO]       OK   p180415_070544.rf.pcm: sb0:11al
[2026-05-15 12:59:55] [INFO]       OK   p180415_061032.rf.pcm: sb0:88al
[2026-05-15 12:59:55] [INFO]       OK   p180415_062904.rf.pcm: sb0:70al
[2026-05-15 12:59:55] [INFO]       OK   p180415_072400.rf.pcm: sb0:59al
[2026-05-15 12:59:55] [INFO]       OK   p180415_074224.rf.pcm: sb0:88al
[2026-05-15 12:59:55] [INFO]       OK   p180415_080040.rf.pcm: sb0:78al
[2026-05-15 12:59:55] [INFO]       OK   p180415_081904.rf.pcm: sb0:56al
[2026-05-15 12:59:55] [INFO]       OK   p180415_091400.rf.pcm: sb0:5al
[2026-05-15 12:59:55] [INFO]       OK   p180415_083720.rf.pcm: sb0:92al
[2026-05-15 12:59:55] [INFO]       SKIP p180517_065504.rf.pcm: too small (12x256)
[2026-05-15 12:59:55] [INFO]       SKIP p180517_070144.rf.pcm: too small (11x256)
[2026-05-15 12:59:55] [INFO]       SKIP p180518_010624.rf.pcm: too small (11x256)
[2026-05-15 12:59:55] [INFO]       OK   p180415_085544.rf.pcm: sb0:121al
[2026-05-15 12:59:55] [INFO]       SKIP p180518_012224.rf.pcm: too small (10x256)
[2026-05-15 12:59:55] [INFO]       OK   p180424_061336.rf.pcm: sb0:30al
[2026-05-15 12:59:55] [INFO]       OK   p180424_004136.rf.pcm: sb0:22al
[2026-05-15 12:59:55] [INFO]       OK   p180517_064120.rf.pcm: sb0:17al
[2026-05-15 12:59:55] [INFO]       OK   p180517_060632.rf.pcm: sb0:65al
[2026-05-15 12:59:55] [INFO]       SKIP p180523_010000.rf.pcm: too small (12x256)
[2026-05-15 12:59:55] [INFO]       SKIP p180524_212400.rf.pcm: too small (10x512)
[2026-05-15 12:59:55] [INFO]       OK   p180521_214832.rf.pcm: sb0:3al
[2026-05-15 12:59:55] [INFO]       OK   p180526_004208.rf.pcm: sb0:13al
[2026-05-15 12:59:55] [INFO]       OK   p180522_224552.rf.pcm: sb0:56al
[2026-05-15 12:59:55] [INFO]       SKIP p180613_055432.rf.pcm: too small (13x512)
[2026-05-15 12:59:55] [INFO]       OK   p180522_235120.rf.pcm: sb0:4al
[2026-05-15 12:59:55] [INFO]       OK   p180424_031512.rf.pcm: sb0:586al
[2026-05-15 12:59:56] [INFO]       OK   p180518_024256.rf.pcm: sb0:7al
[2026-05-15 12:59:56] [INFO]       OK   p180422_024624.rf.pcm: sb0:439al
[2026-05-15 12:59:56] [INFO]       OK   p180705_003552.rf.pcm: sb0:134al
[2026-05-15 12:59:56] [INFO]       OK   p180531_213408.rf.pcm: sb0:516al
[2026-05-15 12:59:56] [INFO]       OK   p180712_203624.rf.pcm: sb0:5al
[2026-05-15 12:59:56] [INFO]       OK   p180518_013704.rf.pcm: sb0:300al
[2026-05-15 12:59:56] [INFO]       OK   p180604_042000.rf.pcm: sb0:347al
[2026-05-15 12:59:56] [INFO]       OK   p180712_022152.rf.pcm: sb0:587al
[2026-05-15 12:59:56] [INFO]       OK   p180726_212536.rf.pcm: sb0:11al
[2026-05-15 12:59:56] [INFO]       OK   p180713_214424.rf.pcm: sb0:446al
[2026-05-15 12:59:56] [INFO]       OK   p180727_211800.rf.pcm: sb0:8al
[2026-05-15 12:59:56] [INFO]       OK   p180713_225704.rf.pcm: sb0:755al
[2026-05-15 12:59:56] [INFO]       OK   p180730_220752.rf.pcm: sb0:283al
[2026-05-15 12:59:56] [INFO]       OK   p180728_222720.rf.pcm: sb0:523al
[2026-05-15 12:59:56] [INFO]       OK   p180729_220016.rf.pcm: sb0:489al
[2026-05-15 12:59:56] [INFO]       OK   p180730_205336.rf.pcm: sb0:472al
[2026-05-15 12:59:57] [INFO]       OK   p180808_193944.rf.pcm: sb0:519al
[2026-05-15 12:59:57] [INFO]       OK   p180816_192312.rf.pcm: sb0:137al
[2026-05-15 12:59:57] [INFO]       OK   p180809_182416.rf.pcm: sb0:666al
[2026-05-15 12:59:57] [INFO]       OK   p180809_195416.rf.pcm: sb0:731al
[2026-05-15 12:59:57] [INFO]       OK   p180817_183416.rf.pcm: sb0:407al
[2026-05-15 12:59:57] [INFO]       OK   p180920_142152.rf.pcm: sb0:66al
[2026-05-15 12:59:57] [INFO]       OK   p180818_175024.rf.pcm: sb0:304al
[2026-05-15 12:59:57] [INFO]       OK   p180819_182544.rf.pcm: sb0:550al
[2026-05-15 12:59:57] [INFO]       OK   p180915_155856.rf.pcm: sb0:603al
[2026-05-15 12:59:57] [INFO]       OK   p180831_182120.rf.pcm: sb0:476al
[2026-05-15 12:59:57] [INFO]       OK   p180901_175024.rf.pcm: sb0:588al
[2026-05-15 12:59:57] [INFO]       OK   p180915_194000.rf.pcm: sb0:627al
[2026-05-15 12:59:58] [INFO]       OK   p180929_125824.rf.pcm: sb0:298al
[2026-05-15 12:59:58] [INFO]       OK   p180929_140512.rf.pcm: sb0:524al
[2026-05-15 12:59:58] [INFO]       OK   p180929_161832.rf.pcm: sb0:358al
[2026-05-15 12:59:58] [INFO]       OK   p180929_151152.rf.pcm: sb0:412al
[2026-05-15 12:59:58] [INFO]       OK   p180929_172520.rf.pcm: sb0:362al
[2026-05-15 12:59:58] [INFO]       OK   p180929_183200.rf.pcm: sb0:395al
[2026-05-15 12:59:58] [INFO]       OK   p180929_225904.rf.pcm: sb0:111al
[2026-05-15 12:59:58] [INFO]       OK   p180929_193856.rf.pcm: sb0:483al
[2026-05-15 12:59:58] [INFO]       OK   p180929_215224.rf.pcm: sb0:12al
[2026-05-15 12:59:58] [INFO]       OK   p181018_150424.rf.pcm: sb0:135al
[2026-05-15 12:59:58] [INFO]       SKIP p181114_141328.rf.pcm: too small (12x256)
[2026-05-15 12:59:58] [INFO]       OK   p180929_204544.rf.pcm: sb0:422al
[2026-05-15 12:59:58] [INFO]       OK   p181017_153048.rf.pcm: sb0:5al
[2026-05-15 12:59:58] [INFO]       OK   p181020_125752.rf.pcm: sb0:83al
[2026-05-15 12:59:58] [INFO]       SKIP p181122_121928.rf.pcm: too small (12x256)
[2026-05-15 12:59:58] [INFO]       OK   p181122_123256.rf.pcm: sb0:13al
[2026-05-15 12:59:58] [INFO]       SKIP p181125_121416.rf.pcm: too small (13x256)
[2026-05-15 12:59:58] [INFO]       OK   p181020_155232.rf.pcm: sb0:206al
[2026-05-15 12:59:58] [INFO]       OK   p181120_125904.rf.pcm: sb0:95al
[2026-05-15 12:59:58] [INFO]       OK   p181119_133344.rf.pcm: sb0:137al
[2026-05-15 12:59:58] [INFO]       SKIP p181203_153840.rf.pcm: too small (14x256)
[2026-05-15 12:59:58] [INFO]       SKIP p181203_152704.rf.pcm: too small (11x256)
[2026-05-15 12:59:58] [INFO]       OK   p181121_141048.rf.pcm: sb0:206al
[2026-05-15 12:59:58] [INFO]       OK   p181019_155320.rf.pcm: sb0:410al
[2026-05-15 12:59:58] [INFO]       OK   p181019_132720.rf.pcm: sb0:398al
[2026-05-15 12:59:58] [INFO]       OK   p181212_141552.rf.pcm: sb0:67al
[2026-05-15 12:59:58] [INFO]       OK   p181201_131504.rf.pcm: sb0:182al
[2026-05-15 12:59:58] [INFO]       OK   p181019_170616.rf.pcm: sb0:445al
[2026-05-15 12:59:58] [INFO]       OK   p181202_123856.rf.pcm: sb0:135al
[2026-05-15 12:59:58] [INFO]       SKIP p190105_163744.rf.pcm: too small (13x256)
[2026-05-15 12:59:58] [INFO]       SKIP p190107_090912.rf.pcm: too small (13x256)
[2026-05-15 12:59:58] [INFO]       SKIP p190112_112136.rf.pcm: too small (12x256)
[2026-05-15 12:59:58] [INFO]       OK   p181203_164720.rf.pcm: sb0:24al
[2026-05-15 12:59:58] [INFO]       OK   p181213_143304.rf.pcm: sb0:128al
[2026-05-15 12:59:58] [INFO]       OK   p181226_093144.rf.pcm: sb0:108al
[2026-05-15 12:59:58] [INFO]       OK   p181229_094112.rf.pcm: sb0:101al
[2026-05-15 12:59:58] [INFO]       OK   p190102_111352.rf.pcm: sb0:4al
[2026-05-15 12:59:58] [INFO]       SKIP p190129_093352.rf.pcm: too small (11x256)
[2026-05-15 12:59:58] [INFO]       OK   p181226_122504.rf.pcm: sb0:24al
[2026-05-15 12:59:59] [INFO]       OK   p181230_115256.rf.pcm: sb0:147al
[2026-05-15 12:59:59] [INFO]       OK   p190115_082552.rf.pcm: sb0:63al
[2026-05-15 12:59:59] [INFO]       SKIP p190216_140720.rf.pcm: too small (11x256)
[2026-05-15 12:59:59] [INFO]       OK   p190117_082624.rf.pcm: sb0:152al
[2026-05-15 12:59:59] [INFO]       OK   p190213_041920.rf.pcm: sb0:6al
[2026-05-15 12:59:59] [INFO]       OK   p190117_100112.rf.pcm: sb0:211al
[2026-05-15 12:59:59] [INFO]       OK   p190210_093040.rf.pcm: sb0:4al
[2026-05-15 12:59:59] [INFO]       OK   p190118_113128.rf.pcm: sb0:147al
[2026-05-15 12:59:59] [INFO]       OK   p190320_024440.rf.pcm: sb0:5al
[2026-05-15 12:59:59] [INFO]       OK   p190130_061928.rf.pcm: sb0:88al
[2026-05-15 12:59:59] [INFO]       OK   p190303_083736.rf.pcm: sb0:0al
[2026-05-15 12:59:59] [INFO]       OK   p190209_080216.rf.pcm: sb0:140al
[2026-05-15 12:59:59] [INFO]       OK   p190219_082256.rf.pcm: sb0:3al
[2026-05-15 12:59:59] [INFO]       OK   p190303_121312.rf.pcm: sb0:4al
[2026-05-15 12:59:59] [INFO]       SKIP p190401_104736.rf.pcm: too small (11x256)
[2026-05-15 12:59:59] [INFO]       SKIP p190403_044328.rf.pcm: too small (11x256)
[2026-05-15 12:59:59] [INFO]       SKIP p190404_052656.rf.pcm: too small (10x256)
[2026-05-15 12:59:59] [INFO]       SKIP p190409_052352.rf.pcm: too small (15x512)
[2026-05-15 12:59:59] [INFO]       OK   p190322_034528.rf.pcm: sb0:38al
[2026-05-15 12:59:59] [INFO]       OK   p190324_075008.rf.pcm: sb0:13al
[2026-05-15 12:59:59] [INFO]       OK   p190411_011632.rf.pcm: sb0:19al
[2026-05-15 12:59:59] [INFO]       OK   p190316_062656.rf.pcm: sb0:111al
[2026-05-15 12:59:59] [INFO]       SKIP p190416_052712.rf.pcm: too small (11x256)
[2026-05-15 12:59:59] [INFO]       OK   p190323_050056.rf.pcm: sb0:11al
[2026-05-15 12:59:59] [INFO]       OK   p190322_055256.rf.pcm: sb0:38al
[2026-05-15 12:59:59] [INFO]       OK   p190324_041256.rf.pcm: sb0:23al
[2026-05-15 12:59:59] [INFO]       SKIP p190515_062520.rf.pcm: too small (10x256)
[2026-05-15 12:59:59] [INFO]       OK   p190429_052448.rf.pcm: sb0:4al
[2026-05-15 12:59:59] [INFO]       OK   p190324_093432.rf.pcm: sb0:28al
[2026-05-15 12:59:59] [INFO]       OK   p190411_044608.rf.pcm: sb0:9al
[2026-05-15 12:59:59] [INFO]       OK   p190411_020240.rf.pcm: sb0:59al
[2026-05-15 12:59:59] [INFO]       OK   p190413_043128.rf.pcm: sb0:36al
[2026-05-15 12:59:59] [INFO]       OK   p190521_052752.rf.pcm: sb0:0al
[2026-05-15 12:59:59] [INFO]       SKIP p190605_044400.rf.pcm: too small (15x256)
[2026-05-15 12:59:59] [INFO]       OK   p190523_014624.rf.pcm: sb0:33al
[2026-05-15 12:59:59] [INFO]       OK   p190503_025208.rf.pcm: sb0:52al
[2026-05-15 12:59:59] [INFO]       OK   p190504_044808.rf.pcm: sb0:175al
[2026-05-15 12:59:59] [INFO]       OK   p190520_223952.rf.pcm: sb0:75al
[2026-05-15 12:59:59] [INFO]       OK   p190525_061552.rf.pcm: sb0:103al
[2026-05-15 12:59:59] [INFO]       OK   p190617_212216.rf.pcm: sb0:55al
[2026-05-15 12:59:59] [INFO]       OK   p190524_062000.rf.pcm: sb0:97al
[2026-05-15 12:59:59] [INFO]       OK   p190605_232240.rf.pcm: sb0:4al
[2026-05-15 12:59:59] [INFO]       OK   p190625_052312.rf.pcm: sb0:13al
[2026-05-15 12:59:59] [INFO]       OK   p190727_191736.rf.pcm: sb0:18al
[2026-05-15 12:59:59] [INFO]       OK   p190604_032512.rf.pcm: sb0:93al
[2026-05-15 12:59:59] [INFO]       OK   p190624_205552.rf.pcm: sb0:72al
[2026-05-15 12:59:59] [INFO]       OK   p190715_212304.rf.pcm: sb0:22al
[2026-05-15 12:59:59] [INFO]       OK   p190717_204456.rf.pcm: sb0:30al
[2026-05-15 12:59:59] [INFO]       OK   p190721_180136.rf.pcm: sb0:105al
[2026-05-15 13:00:00] [INFO]       OK   p190729_203200.rf.pcm: sb0:140al
[2026-05-15 13:00:00] [INFO]       OK   p_sk150202_061328.rf.pcm: sb0:452al
[2026-05-15 13:00:00] [INFO]       OK   p_sk150202_093624.rf.pcm: sb0:19al
[2026-05-15 13:00:00] [INFO]       OK   p_sk150202_072112.rf.pcm: sb0:487al
[2026-05-15 13:00:00] [INFO]       OK   p_sk150202_082840.rf.pcm: sb0:698al
[2026-05-15 13:00:00] [INFO]       OK   p_sk150202_104344.rf.pcm: sb0:525al
[2026-05-15 13:00:00] [INFO]       OK   p_sk150202_125840.rf.pcm: sb0:525al
[2026-05-15 13:00:00] [INFO]       OK   p_sk150308_070240.rf.pcm: sb0:179al
[2026-05-15 13:00:00] [INFO]       SKIP p_sk150722_003632.rf.pcm: too small (10x512)
[2026-05-15 13:00:00] [INFO]       SKIP p_sk150722_004752.rf.pcm: too small (10x512)
[2026-05-15 13:00:00] [INFO]       SKIP p_sk150722_005328.rf.pcm: too small (10x512)
[2026-05-15 13:00:00] [INFO]       OK   p_sk150202_140600.rf.pcm: sb0:586al
[2026-05-15 13:00:00] [INFO]       SKIP p_sk150722_010448.rf.pcm: too small (10x512)
[2026-05-15 13:00:00] [INFO]       SKIP p_sk150722_011608.rf.pcm: too small (10x512)
[2026-05-15 13:00:00] [INFO]       SKIP p_sk150722_012152.rf.pcm: too small (10x512)
[2026-05-15 13:00:00] [INFO]       SKIP p_sk150722_013312.rf.pcm: too small (10x512)
[2026-05-15 13:00:00] [INFO]       SKIP p_sk150722_013848.rf.pcm: too small (10x512)
[2026-05-15 13:00:00] [INFO]       SKIP p_sk150723_010424.rf.pcm: too small (10x512)
[2026-05-15 13:00:00] [INFO]       SKIP p_sk150723_011000.rf.pcm: too small (10x512)
[2026-05-15 13:00:00] [INFO]       SKIP p_sk150723_012120.rf.pcm: too small (10x512)
[2026-05-15 13:00:00] [INFO]       SKIP p_sk150723_024504.rf.pcm: too small (10x512)
[2026-05-15 13:00:00] [INFO]       SKIP p_sk150723_025104.rf.pcm: too small (10x512)
[2026-05-15 13:00:00] [INFO]       SKIP p_sk150723_025656.rf.pcm: too small (10x512)
[2026-05-15 13:00:00] [INFO]       SKIP p_sk150723_030240.rf.pcm: too small (10x512)
[2026-05-15 13:00:00] [INFO]       SKIP p_sk150723_030832.rf.pcm: too small (10x512)
[2026-05-15 13:00:00] [INFO]       SKIP p_sk150723_031424.rf.pcm: too small (10x512)
[2026-05-15 13:00:00] [INFO]       SKIP p_sk150723_032016.rf.pcm: too small (10x512)
[2026-05-15 13:00:00] [INFO]       OK   p_sk150202_115112.rf.pcm: sb0:541al
[2026-05-15 13:00:00] [INFO]       OK   p_sk150811_234312.rf.pcm: sb0:10al
[2026-05-15 13:00:00] [INFO]       OK   p_sk150319_050552.rf.pcm: sb0:147al
[2026-05-15 13:00:00] [INFO]       OK   p_sk150812_002704.rf.pcm: sb0:4al
[2026-05-15 13:00:00] [INFO]       OK   p_sk150319_061800.rf.pcm: sb0:193al
[2026-05-15 13:00:00] [INFO]       OK   p_sk150812_013520.rf.pcm: sb0:51al
[2026-05-15 13:00:00] [INFO]       OK   p_sk150829_010832.rf.pcm: sb0:11al
[2026-05-15 13:00:00] [INFO]       OK   p_sk150318_055744.rf.pcm: sb0:794al
[2026-05-15 13:00:01] [INFO]       OK   p_sk150828_235232.rf.pcm: sb0:88al
[2026-05-15 13:00:01] [INFO]       OK   p_sk150829_164648.rf.pcm: sb0:163al
[2026-05-15 13:00:01] [INFO]       OK   p_sk150721_001840.rf.pcm: sb0:542al
[2026-05-15 13:00:01] [INFO]       OK   p_sk150627_010912.rf.pcm: sb0:545al
[2026-05-15 13:00:01] [INFO]       OK   p_sk150814_214912.rf.pcm: sb0:634al
[2026-05-15 13:00:01] [INFO]       OK   p_sk150814_192200.rf.pcm: sb0:742al
[2026-05-15 13:00:01] [INFO]       OK   p_sk150830_173904.rf.pcm: sb0:21al
[2026-05-15 13:00:01] [INFO]       OK   p_sk150829_215800.rf.pcm: sb0:644al
[2026-05-15 13:00:01] [INFO]       OK   p_sk150831_175256.rf.pcm: sb0:9al
[2026-05-15 13:00:01] [INFO]       OK   p_sk150830_185136.rf.pcm: sb0:578al
[2026-05-15 13:00:01] [INFO]       OK   p_sk150831_190536.rf.pcm: sb0:408al
[2026-05-15 13:00:01] [INFO]       OK   p_sk150831_201752.rf.pcm: sb0:584al
[2026-05-15 13:00:02] [INFO]       OK   p_sk150903_145112.rf.pcm: sb0:712al
[2026-05-15 13:00:02] [INFO]       OK   p_sk150903_160048.rf.pcm: sb0:622al
[2026-05-15 13:00:02] [INFO]       OK   p_sk150901_180232.rf.pcm: sb0:796al
[2026-05-15 13:00:02] [INFO]       SKIP p_sk150915_234200.rf.pcm: too small (10x256)
[2026-05-15 13:00:02] [INFO]       OK   p_sk150903_171032.rf.pcm: sb0:762al
[2026-05-15 13:00:02] [INFO]       OK   p_sk150903_214912.rf.pcm: sb0:9al
[2026-05-15 13:00:02] [INFO]       OK   p_sk150903_182008.rf.pcm: sb0:795al
[2026-05-15 13:00:02] [INFO]       OK   p_sk150903_203928.rf.pcm: sb0:756al
[2026-05-15 13:00:02] [INFO]       OK   p_sk150903_192952.rf.pcm: sb0:666al
[2026-05-15 13:00:02] [INFO]       OK   p_sk150921_194456.rf.pcm: sb0:160al
[2026-05-15 13:00:02] [INFO]       OK   p_sk150923_161048.rf.pcm: sb0:94al
[2026-05-15 13:00:02] [INFO]       OK   p_sk150903_225848.rf.pcm: sb0:577al
[2026-05-15 13:00:02] [INFO]       OK   p_sk150904_000832.rf.pcm: sb0:485al
[2026-05-15 13:00:02] [INFO]       OK   p_sk150919_203128.rf.pcm: sb0:518al
[2026-05-15 13:00:02] [INFO]       OK   p_sk151006_204552.rf.pcm: sb0:3al
[2026-05-15 13:00:02] [INFO]       OK   p_sk150922_162440.rf.pcm: sb0:827al
[2026-05-15 13:00:02] [INFO]       OK   p_sk151010_145544.rf.pcm: sb0:6al
[2026-05-15 13:00:02] [INFO]       OK   p_sk151006_193352.rf.pcm: sb0:13al
[2026-05-15 13:00:02] [INFO]       OK   p_sk151009_161424.rf.pcm: sb0:82al
[2026-05-15 13:00:02] [INFO]       OK   p_sk151005_211248.rf.pcm: sb0:831al
[2026-05-15 13:00:02] [INFO]       OK   p_sk151006_170856.rf.pcm: sb0:608al
[2026-05-15 13:00:02] [INFO]       OK   p_sk151010_172920.rf.pcm: sb0:165al
[2026-05-15 13:00:03] [INFO]       OK   p_sk151006_182144.rf.pcm: sb0:922al
[2026-05-15 13:00:03] [INFO]       OK   p_sk151025_142856.rf.pcm: sb0:166al
[2026-05-15 13:00:03] [INFO]       OK   p_sk151025_172104.rf.pcm: sb0:4al
[2026-05-15 13:00:03] [INFO]       OK   p_sk151029_003240.rf.pcm: sb0:29al
[2026-05-15 13:00:03] [INFO]       OK   p_sk151028_235256.rf.pcm: sb0:3al
[2026-05-15 13:00:03] [INFO]       OK   p_sk151026_132824.rf.pcm: sb0:122al
[2026-05-15 13:00:03] [INFO]       OK   p_sk151026_155816.rf.pcm: sb0:113al
[2026-05-15 13:00:03] [INFO]       OK   p_sk151029_005832.rf.pcm: sb0:92al
[2026-05-15 13:00:03] [INFO]       OK   p_sk151011_164904.rf.pcm: sb0:756al
[2026-05-15 13:00:03] [INFO]       SKIP p_sk151109_130712.rf.pcm: too small (10x512)
[2026-05-15 13:00:03] [INFO]       OK   p_sk151024_161720.rf.pcm: sb0:469al
[2026-05-15 13:00:03] [INFO]       SKIP p_sk151109_132824.rf.pcm: too small (12x512)
[2026-05-15 13:00:03] [INFO]       OK   p_sk151028_224800.rf.pcm: sb0:12al
[2026-05-15 13:00:03] [INFO]       OK   p_sk151023_155128.rf.pcm: sb0:753al
[2026-05-15 13:00:03] [INFO]       OK   p_sk151107_121240.rf.pcm: sb0:105al
[2026-05-15 13:00:03] [INFO]       OK   p_sk151107_132456.rf.pcm: sb0:130al
[2026-05-15 13:00:03] [INFO]       OK   p_sk151108_131312.rf.pcm: sb0:78al
[2026-05-15 13:00:03] [INFO]       OK   p_sk151106_143120.rf.pcm: sb0:461al
[2026-05-15 13:00:03] [INFO]       OK   p_sk151109_151352.rf.pcm: sb0:782al
[2026-05-15 13:00:04] [INFO]       OK   p_sk151109_180352.rf.pcm: sb0:549al
[2026-05-15 13:00:04] [INFO]       OK   p_sk151109_193128.rf.pcm: sb0:3al
[2026-05-15 13:00:04] [INFO]       OK   p_sk151109_164024.rf.pcm: sb0:9al
[2026-05-15 13:00:04] [INFO]       OK   p_sk151120_132216.rf.pcm: sb0:6al
[2026-05-15 13:00:04] [INFO]       OK   p_sk151109_133928.rf.pcm: sb0:317al
[2026-05-15 13:00:04] [INFO]       OK   p_sk151120_134824.rf.pcm: sb0:3al
[2026-05-15 13:00:04] [INFO]       OK   p_sk151111_135920.rf.pcm: sb0:667al
[2026-05-15 13:00:04] [INFO]       OK   p_sk151111_104848.rf.pcm: sb0:43al
[2026-05-15 13:00:04] [INFO]       OK   p_sk151111_151944.rf.pcm: sb0:204al
[2026-05-15 13:00:04] [INFO]       OK   p_sk151211_115624.rf.pcm: sb0:122al
[2026-05-15 13:00:04] [INFO]       OK   p_sk151214_095752.rf.pcm: sb0:76al
[2026-05-15 13:00:04] [INFO]       OK   p_sk151122_161616.rf.pcm: sb0:400al
[2026-05-15 13:00:04] [INFO]       OK   p_sk151211_151656.rf.pcm: sb0:6al
[2026-05-15 13:00:04] [INFO]       OK   p_sk151221_101840.rf.pcm: sb0:8al
[2026-05-15 13:00:04] [INFO]       OK   p_sk151111_163232.rf.pcm: sb0:56al
[2026-05-15 13:00:04] [INFO]       OK   p_sk151223_172328.rf.pcm: sb0:40al
[2026-05-15 13:00:04] [INFO]       OK   p_sk151223_100912.rf.pcm: sb0:30al
[2026-05-15 13:00:04] [INFO]       OK   p_sk160110_091008.rf.pcm: sb0:3al
[2026-05-15 13:00:04] [INFO]       OK   p_sk151122_172904.rf.pcm: sb0:255al
[2026-05-15 13:00:04] [INFO]       OK   p_sk151220_141936.rf.pcm: sb0:741al
[2026-05-15 13:00:04] [INFO]       OK   p_sk160111_081920.rf.pcm: sb0:120al
[2026-05-15 13:00:04] [INFO]       OK   p_sk160129_133840.rf.pcm: sb0:8al
[2026-05-15 13:00:04] [INFO]       OK   p_sk151222_120032.rf.pcm: sb0:780al
[2026-05-15 13:00:04] [INFO]       OK   p_sk160109_141704.rf.pcm: sb0:440al
[2026-05-15 13:00:04] [INFO]       OK   p_sk160129_141752.rf.pcm: sb0:133al
[2026-05-15 13:00:04] [INFO]       OK   p_sk160112_070328.rf.pcm: sb0:546al
[2026-05-15 13:00:04] [INFO]       OK   p_sk160130_091232.rf.pcm: sb0:119al
[2026-05-15 13:00:05] [INFO]       OK   p_sk160129_121952.rf.pcm: sb0:411al
[2026-05-15 13:00:05] [INFO]       OK   p_sk160128_090120.rf.pcm: sb0:655al
[2026-05-15 13:00:05] [INFO]       OK   p_sk160220_075112.rf.pcm: sb0:152al
[2026-05-15 13:00:05] [INFO]       OK   p_sk160222_065616.rf.pcm: sb0:21al
[2026-05-15 13:00:05] [INFO]       OK   p_sk160129_083440.rf.pcm: sb0:736al
[2026-05-15 13:00:05] [INFO]       OK   p_sk160221_091304.rf.pcm: sb0:11al
[2026-05-15 13:00:05] [INFO]       OK   p_sk160221_040528.rf.pcm: sb0:116al
[2026-05-15 13:00:05] [INFO]       OK   p_sk160223_092944.rf.pcm: sb0:15al
[2026-05-15 13:00:05] [INFO]       OK   p_sk160223_074216.rf.pcm: sb0:3al
[2026-05-15 13:00:05] [INFO]       OK   p_sk160307_070832.rf.pcm: sb0:4al
[2026-05-15 13:00:05] [INFO]       OK   p_sk160307_120552.rf.pcm: sb0:95al
[2026-05-15 13:00:05] [INFO]       OK   p_sk160308_113248.rf.pcm: sb0:72al
[2026-05-15 13:00:05] [INFO]       OK   p_sk160222_074320.rf.pcm: sb0:293al
[2026-05-15 13:00:05] [INFO]       OK   p_sk160222_085312.rf.pcm: sb0:277al
[2026-05-15 13:00:05] [INFO]       OK   p_sk160316_061944.rf.pcm: sb0:140al
[2026-05-15 13:00:05] [INFO]       OK   p_sk160318_055424.rf.pcm: sb0:6al
[2026-05-15 13:00:05] [INFO]       OK   p_sk160223_082024.rf.pcm: sb0:192al
[2026-05-15 13:00:05] [INFO]       OK   p_sk160317_060344.rf.pcm: sb0:203al
[2026-05-15 13:00:05] [INFO]       OK   p_sk160305_053224.rf.pcm: sb0:68al
[2026-05-15 13:00:05] [INFO]       OK   p_sk160223_094648.rf.pcm: sb0:254al
[2026-05-15 13:00:05] [INFO]       OK   p_sk160306_062552.rf.pcm: sb0:256al
[2026-05-15 13:00:05] [INFO]       OK   p_sk160319_051024.rf.pcm: sb0:8al
[2026-05-15 13:00:05] [INFO]       OK   p_sk160319_035720.rf.pcm: sb0:12al
[2026-05-15 13:00:06] [INFO]       OK   p_sk160402_050144.rf.pcm: sb0:207al
[2026-05-15 13:00:06] [INFO]       OK   p_sk160401_054648.rf.pcm: sb0:215al
[2026-05-15 13:00:06] [INFO]       OK   p_sk160403_034840.rf.pcm: sb0:187al
[2026-05-15 13:00:06] [INFO]       OK   p_sk160403_061400.rf.pcm: sb0:105al
[2026-05-15 13:00:06] [INFO]       OK   p_sk160410_005728.rf.pcm: sb0:77al
[2026-05-15 13:00:06] [INFO]       OK   p_sk160410_041952.rf.pcm: sb0:62al
[2026-05-15 13:00:06] [INFO]       OK   p_sk160410_020448.rf.pcm: sb0:167al
[2026-05-15 13:00:06] [INFO]       OK   p_sk160410_031224.rf.pcm: sb0:129al
[2026-05-15 13:00:06] [INFO]       OK   p_sk160410_052736.rf.pcm: sb0:3al
[2026-05-15 13:00:06] [INFO]       OK   p_sk160410_063504.rf.pcm: sb0:54al
[2026-05-15 13:00:07] [INFO]       OK   p_sk160417_021112.rf.pcm: sb0:15al
[2026-05-15 13:00:07] [INFO]       OK   p_sk160410_074232.rf.pcm: sb0:232al
[2026-05-15 13:00:07] [INFO]       OK   p_sk160410_090328.rf.pcm: sb0:80al
[2026-05-15 13:00:07] [INFO]       OK   p_sk160415_025728.rf.pcm: sb0:67al
[2026-05-15 13:00:07] [INFO]       OK   p_sk160416_025400.rf.pcm: sb0:301al
[2026-05-15 13:00:07] [INFO]       OK   p_sk160416_014152.rf.pcm: sb0:135al
[2026-05-15 13:00:07] [INFO]       OK   p_sk160416_040616.rf.pcm: sb0:349al
[2026-05-15 13:00:07] [INFO]       OK   p_sk160505_031800.rf.pcm: sb0:3al
[2026-05-15 13:00:07] [INFO]       OK   p_sk160505_062816.rf.pcm: sb0:5al
[2026-05-15 13:00:07] [INFO]       OK   p_sk160506_001544.rf.pcm: sb0:138al
[2026-05-15 13:00:07] [INFO]       OK   p_sk160506_232520.rf.pcm: sb0:124al
[2026-05-15 13:00:07] [INFO]       OK   p_sk160507_015432.rf.pcm: sb0:87al
[2026-05-15 13:00:07] [INFO]       OK   p_sk160506_014040.rf.pcm: sb0:123al
[2026-05-15 13:00:07] [INFO]       OK   p_sk160502_071000.rf.pcm: sb0:276al
[2026-05-15 13:00:07] [INFO]       SKIP p_sk160531_050600.rf.pcm: too small (10x512)
[2026-05-15 13:00:07] [INFO]       OK   p_sk160503_042752.rf.pcm: sb0:144al
[2026-05-15 13:00:07] [INFO]       OK   p_sk160514_225720.rf.pcm: sb0:54al
[2026-05-15 13:00:07] [INFO]       OK   p_sk160515_004032.rf.pcm: sb0:114al
[2026-05-15 13:00:07] [INFO]       OK   p_sk160630_205840.rf.pcm: sb0:107al
[2026-05-15 13:00:07] [INFO]       OK   p_sk160624_005744.rf.pcm: sb0:52al
[2026-05-15 13:00:08] [INFO]       OK   p_sk160701_224344.rf.pcm: sb0:5al
[2026-05-15 13:00:08] [INFO]       OK   p_sk160701_213128.rf.pcm: sb0:112al
[2026-05-15 13:00:08] [INFO]       OK   p_sk160606_000720.rf.pcm: sb0:0al
[2026-05-15 13:00:08] [INFO]       OK   p_sk160520_050312.rf.pcm: sb0:203al
[2026-05-15 13:00:08] [INFO]       OK   p_sk160702_190944.rf.pcm: sb0:354al
[2026-05-15 13:00:08] [INFO]       OK   p_sk160521_031256.rf.pcm: sb0:182al
[2026-05-15 13:00:08] [INFO]       OK   p_sk160702_212640.rf.pcm: sb0:3al
[2026-05-15 13:00:08] [INFO]       OK   p_sk160623_212144.rf.pcm: sb0:117al
[2026-05-15 13:00:08] [INFO]       OK   p_sk160521_042512.rf.pcm: sb0:195al
[2026-05-15 13:00:08] [INFO]       OK   p_sk160623_200944.rf.pcm: sb0:161al
[2026-05-15 13:00:08] [INFO]       OK   p_sk160702_201808.rf.pcm: sb0:224al
[2026-05-15 13:00:08] [INFO]       OK   p_sk160706_043624.rf.pcm: sb0:12al
[2026-05-15 13:00:08] [INFO]       OK   p_sk160706_002616.rf.pcm: sb0:232al
[2026-05-15 13:00:08] [INFO]       OK   p_sk160709_195720.rf.pcm: sb0:7al
[2026-05-15 13:00:08] [INFO]       OK   p_sk160706_022704.rf.pcm: sb0:232al
[2026-05-15 13:00:08] [INFO]       OK   p_sk160702_223512.rf.pcm: sb0:239al
[2026-05-15 13:00:08] [INFO]       OK   p_sk160711_002744.rf.pcm: sb0:20al
[2026-05-15 13:00:08] [INFO]       OK   p_sk160703_213448.rf.pcm: sb0:386al
[2026-05-15 13:00:08] [INFO]       OK   p_sk160709_210944.rf.pcm: sb0:381al
[2026-05-15 13:00:08] [INFO]       OK   p_sk160709_221824.rf.pcm: sb0:355al
[2026-05-15 13:00:08] [INFO]       OK   p_sk160710_202208.rf.pcm: sb0:355al
[2026-05-15 13:00:08] [INFO]       OK   p_sk160710_213424.rf.pcm: sb0:390al
[2026-05-15 13:00:09] [INFO]       OK   p_sk160715_203216.rf.pcm: sb0:483al
[2026-05-15 13:00:09] [INFO]       OK   p_sk160726_203544.rf.pcm: sb0:3al
[2026-05-15 13:00:09] [INFO]       OK   p_sk160717_024104.rf.pcm: sb0:157al
[2026-05-15 13:00:09] [INFO]       OK   p_sk160716_215240.rf.pcm: sb0:192al
[2026-05-15 13:00:09] [INFO]       OK   p_sk160717_213040.rf.pcm: sb0:265al
[2026-05-15 13:00:09] [INFO]       OK   p_sk160725_194912.rf.pcm: sb0:206al
[2026-05-15 13:00:09] [INFO]       OK   p_sk160717_201048.rf.pcm: sb0:235al
[2026-05-15 13:00:09] [INFO]       OK   p_sk160725_210320.rf.pcm: sb0:160al
[2026-05-15 13:00:09] [INFO]       OK   p_sk160815_010704.rf.pcm: sb0:4al
[2026-05-15 13:00:09] [INFO]       SKIP p_sk160815_013536.rf.pcm: too small (11x512)
[2026-05-15 13:00:09] [INFO]       OK   p_sk160726_214752.rf.pcm: sb0:149al
[2026-05-15 13:00:09] [INFO]       OK   p_sk160811_193400.rf.pcm: sb0:186al
[2026-05-15 13:00:09] [INFO]       OK   p_sk160812_170648.rf.pcm: sb0:160al
[2026-05-15 13:00:09] [INFO]       OK   p_sk160812_181904.rf.pcm: sb0:281al
[2026-05-15 13:00:10] [INFO]       OK   p_sk160813_165800.rf.pcm: sb0:175al
[2026-05-15 13:00:10] [INFO]       OK   p_sk160813_181008.rf.pcm: sb0:208al
[2026-05-15 13:00:10] [INFO]       OK   p_sk160813_204112.rf.pcm: sb0:169al
[2026-05-15 13:00:10] [INFO]       OK   p_sk160825_181608.rf.pcm: sb0:142al
[2026-05-15 13:00:10] [INFO]       OK   p_sk160825_192840.rf.pcm: sb0:160al
[2026-05-15 13:00:10] [INFO]       OK   p_sk160825_203736.rf.pcm: sb0:193al
[2026-05-15 13:00:10] [INFO]       OK   p_sk160826_185936.rf.pcm: sb0:198al
[2026-05-15 13:00:10] [INFO]       OK   p_sk160827_152352.rf.pcm: sb0:255al
[2026-05-15 13:00:10] [INFO]       OK   p_sk160827_173832.rf.pcm: sb0:190al
[2026-05-15 13:00:10] [INFO]       OK   p_sk160827_163112.rf.pcm: sb0:150al
[2026-05-15 13:00:10] [INFO]       OK   p_sk160827_184600.rf.pcm: sb0:278al
[2026-05-15 13:00:10] [INFO]       OK   p_sk160827_195336.rf.pcm: sb0:187al
[2026-05-15 13:00:10] [INFO]       OK   p_sk160827_210056.rf.pcm: sb0:187al
[2026-05-15 13:00:10] [INFO]       OK   p_sk160828_002312.rf.pcm: sb0:74al
[2026-05-15 13:00:10] [INFO]       OK   p_sk160912_143400.rf.pcm: sb0:4al
[2026-05-15 13:00:11] [INFO]       OK   p_sk160827_220824.rf.pcm: sb0:181al
[2026-05-15 13:00:11] [INFO]       OK   p_sk160827_231552.rf.pcm: sb0:219al
[2026-05-15 13:00:11] [INFO]       OK   p_sk160912_154248.rf.pcm: sb0:180al
[2026-05-15 13:00:11] [INFO]       OK   p_sk160909_191000.rf.pcm: sb0:185al
[2026-05-15 13:00:11] [INFO]       OK   p_sk160911_162032.rf.pcm: sb0:272al
[2026-05-15 13:00:11] [INFO]       OK   p_sk160911_173240.rf.pcm: sb0:252al
[2026-05-15 13:00:11] [INFO]       OK   p_sk161001_193016.rf.pcm: sb0:245al
[2026-05-15 13:00:11] [INFO]       OK   p_sk160929_130104.rf.pcm: sb0:183al
[2026-05-15 13:00:11] [INFO]       OK   p_sk160929_145632.rf.pcm: sb0:216al
[2026-05-15 13:00:11] [INFO]       OK   p_sk160930_174640.rf.pcm: sb0:121al
[2026-05-15 13:00:11] [INFO]       OK   p_sk161001_155504.rf.pcm: sb0:371al
[2026-05-15 13:00:11] [INFO]       OK   p_sk161021_142304.rf.pcm: sb0:158al
[2026-05-15 13:00:11] [INFO]       OK   p_sk161021_153512.rf.pcm: sb0:218al
[2026-05-15 13:00:11] [INFO]       OK   p_sk161022_120912.rf.pcm: sb0:236al
[2026-05-15 13:00:12] [INFO]       OK   p_sk161022_132120.rf.pcm: sb0:193al
[2026-05-15 13:00:12] [INFO]       OK   p_sk161023_162704.rf.pcm: sb0:136al
[2026-05-15 13:00:12] [INFO]       OK   p_sk161113_104848.rf.pcm: sb0:148al
[2026-05-15 13:00:12] [INFO]       OK   p_sk161115_122200.rf.pcm: sb0:68al
[2026-05-15 13:00:12] [INFO]       OK   p_sk161115_133424.rf.pcm: sb0:81al
[2026-05-15 13:00:12] [INFO]       OK   p_sk161114_144904.rf.pcm: sb0:102al
[2026-05-15 13:00:12] [INFO]       OK   p_sk161113_142552.rf.pcm: sb0:181al
[2026-05-15 13:00:12] [INFO]       OK   p_sk161116_122744.rf.pcm: sb0:107al
[2026-05-15 13:00:12] [INFO]       OK   p_sk161116_134000.rf.pcm: sb0:64al
[2026-05-15 13:00:12] [INFO]       OK   p_sk161116_145216.rf.pcm: sb0:56al
[2026-05-15 13:00:12] [INFO]       OK   p_sk161114_133656.rf.pcm: sb0:365al
[2026-05-15 13:00:12] [INFO]       OK   p_sk161215_081024.rf.pcm: sb0:93al
[2026-05-15 13:00:12] [INFO]       OK   p_sk161206_115936.rf.pcm: sb0:5al
[2026-05-15 13:00:12] [INFO]       OK   p_sk161207_111024.rf.pcm: sb0:3al
[2026-05-15 13:00:12] [INFO]       OK   p_sk161206_131216.rf.pcm: sb0:99al
[2026-05-15 13:00:12] [INFO]       OK   p_sk161206_142424.rf.pcm: sb0:124al
[2026-05-15 13:00:12] [INFO]       OK   p_sk161205_105824.rf.pcm: sb0:19al
[2026-05-15 13:00:12] [INFO]       OK   p_sk161215_093648.rf.pcm: sb0:99al
[2026-05-15 13:00:12] [INFO]       OK   p_sk161215_160920.rf.pcm: sb0:5al
[2026-05-15 13:00:12] [INFO]       OK   p_sk161205_132304.rf.pcm: sb0:612al
[2026-05-15 13:00:12] [INFO]       OK   p_sk161205_121056.rf.pcm: sb0:840al
[2026-05-15 13:00:12] [INFO]       OK   p_sk161215_124704.rf.pcm: sb0:370al
[2026-05-15 13:00:12] [INFO]       OK   p_sk161215_082800.rf.pcm: sb0:582al
[2026-05-15 13:00:12] [INFO]       OK   p_sk161215_135344.rf.pcm: sb0:502al
[2026-05-15 13:00:13] [INFO]       OK   p_sk161215_150152.rf.pcm: sb0:475al
[2026-05-15 13:00:13] [INFO]       OK   p_sk161215_170000.rf.pcm: sb0:454al
[2026-05-15 13:00:13] [INFO]       OK   p_sk161221_102408.rf.pcm: sb0:3al
[2026-05-15 13:00:13] [INFO]       OK   p_sk161219_102504.rf.pcm: sb0:531al
[2026-05-15 13:00:13] [INFO]       OK   p_sk161219_131848.rf.pcm: sb0:415al
[2026-05-15 13:00:13] [INFO]       OK   p_sk161219_120632.rf.pcm: sb0:657al
[2026-05-15 13:00:13] [INFO]       OK   p_sk170105_091312.rf.pcm: sb0:95al
[2026-05-15 13:00:13] [INFO]       OK   p_sk170105_102520.rf.pcm: sb0:56al
[2026-05-15 13:00:13] [INFO]       OK   p_sk161220_113400.rf.pcm: sb0:628al
[2026-05-15 13:00:13] [INFO]       OK   p_sk170103_093144.rf.pcm: sb0:518al
[2026-05-15 13:00:13] [INFO]       OK   p_sk170129_083312.rf.pcm: sb0:5al
[2026-05-15 13:00:13] [INFO]       OK   p_sk170104_082720.rf.pcm: sb0:733al
[2026-05-15 13:00:13] [INFO]       OK   p_sk170115_070912.rf.pcm: sb0:409al
[2026-05-15 13:00:13] [INFO]       OK   p_sk170128_082104.rf.pcm: sb0:303al
[2026-05-15 13:00:13] [INFO]       OK   p_sk170209_073856.rf.pcm: sb0:21al
[2026-05-15 13:00:13] [INFO]       OK   p_sk170130_055352.rf.pcm: sb0:72al
[2026-05-15 13:00:13] [INFO]       OK   p_sk170115_082120.rf.pcm: sb0:386al
[2026-05-15 13:00:13] [INFO]       OK   p_sk170210_061128.rf.pcm: sb0:3al
[2026-05-15 13:00:13] [INFO]       OK   p_sk170210_045920.rf.pcm: sb0:53al
[2026-05-15 13:00:13] [INFO]       OK   p_sk170127_085456.rf.pcm: sb0:787al
[2026-05-15 13:00:13] [INFO]       OK   p_sk170127_074240.rf.pcm: sb0:497al
[2026-05-15 13:00:13] [INFO]       OK   p_sk170211_053616.rf.pcm: sb0:5al
[2026-05-15 13:00:13] [INFO]       OK   p_sk170208_074712.rf.pcm: sb0:509al
[2026-05-15 13:00:13] [INFO]       OK   p_sk170208_085920.rf.pcm: sb0:274al
[2026-05-15 13:00:13] [INFO]       OK   p_sk170211_042744.rf.pcm: sb0:3al
[2026-05-15 13:00:14] [INFO]       OK   p_sk170304_064152.rf.pcm: sb0:3al
[2026-05-15 13:00:14] [INFO]       OK   p_sk170304_075400.rf.pcm: sb0:152al
[2026-05-15 13:00:14] [INFO]       OK   p_sk170305_032648.rf.pcm: sb0:136al
[2026-05-15 13:00:14] [INFO]       OK   p_sk170303_064232.rf.pcm: sb0:696al
[2026-05-15 13:00:14] [INFO]       OK   p_sk170303_075440.rf.pcm: sb0:360al
[2026-05-15 13:00:14] [INFO]       OK   p_sk170324_025128.rf.pcm: sb0:95al
[2026-05-15 13:00:14] [INFO]       OK   p_sk170324_040328.rf.pcm: sb0:123al
[2026-05-15 13:00:14] [INFO]       OK   p_sk170322_070016.rf.pcm: sb0:678al
[2026-05-15 13:00:14] [INFO]       OK   p_sk170305_084504.rf.pcm: sb0:596al
[2026-05-15 13:00:14] [INFO]       OK   p_sk170324_054152.rf.pcm: sb0:119al
[2026-05-15 13:00:14] [INFO]       OK   p_sk170323_053216.rf.pcm: sb0:575al
[2026-05-15 13:00:14] [INFO]       OK   p_sk170323_064424.rf.pcm: sb0:366al
[2026-05-15 13:00:14] [INFO]       OK   p_sk170330_011512.rf.pcm: sb0:6al
[2026-05-15 13:00:14] [INFO]       OK   p_sk170330_033024.rf.pcm: sb0:3al
[2026-05-15 13:00:14] [INFO]       SKIP p_sk170402_100712.rf.pcm: too small (10x256)
[2026-05-15 13:00:14] [INFO]       OK   p_sk170403_014408.rf.pcm: sb0:34al
[2026-05-15 13:00:14] [INFO]       OK   p_sk170330_022240.rf.pcm: sb0:559al
[2026-05-15 13:00:14] [INFO]       OK   p_sk170330_054536.rf.pcm: sb0:7al
[2026-05-15 13:00:14] [INFO]       SKIP p_sk170403_082624.rf.pcm: too small (15x256)
[2026-05-15 13:00:15] [INFO]       OK   p_sk170330_043800.rf.pcm: sb0:615al
[2026-05-15 13:00:15] [INFO]       OK   p_sk170403_071344.rf.pcm: sb0:89al
[2026-05-15 13:00:15] [INFO]       OK   p_sk170403_022400.rf.pcm: sb0:128al
[2026-05-15 13:00:15] [INFO]       OK   p_sk170330_080032.rf.pcm: sb0:480al
[2026-05-15 13:00:15] [INFO]       OK   p_sk170403_091240.rf.pcm: sb0:113al
[2026-05-15 13:00:15] [INFO]       OK   p_sk170330_090944.rf.pcm: sb0:521al
[2026-05-15 13:00:15] [INFO]       OK   p_sk170330_065304.rf.pcm: sb0:556al
[2026-05-15 13:00:15] [INFO]       OK   p_sk170330_101704.rf.pcm: sb0:370al
[2026-05-15 13:00:15] [INFO]       OK   p_sk170415_035152.rf.pcm: sb0:4al
[2026-05-15 13:00:15] [INFO]       OK   p_sk170414_033936.rf.pcm: sb0:49al
[2026-05-15 13:00:15] [INFO]       OK   p_sk170415_012528.rf.pcm: sb0:59al
[2026-05-15 13:00:15] [INFO]       OK   p_sk170429_023624.rf.pcm: sb0:104al
[2026-05-15 13:00:15] [INFO]       OK   p_sk170430_025720.rf.pcm: sb0:4al
[2026-05-15 13:00:15] [INFO]       SKIP p_sk170526_041032.rf.pcm: too small (12x256)
[2026-05-15 13:00:15] [INFO]       OK   p_sk170429_035432.rf.pcm: sb0:171al
[2026-05-15 13:00:15] [INFO]       OK   p_sk170430_013312.rf.pcm: sb0:55al
[2026-05-15 13:00:15] [INFO]       OK   p_sk170428_013424.rf.pcm: sb0:9al
[2026-05-15 13:00:15] [INFO]       SKIP p_sk170601_052320.rf.pcm: too small (13x512)
[2026-05-15 13:00:15] [INFO]       SKIP p_sk170601_053648.rf.pcm: too small (10x512)
[2026-05-15 13:00:15] [INFO]       OK   p_sk170413_064232.rf.pcm: sb0:443al
[2026-05-15 13:00:15] [INFO]       OK   p_sk170430_064400.rf.pcm: sb0:75al
[2026-05-15 13:00:15] [INFO]       OK   p_sk170531_000856.rf.pcm: sb0:4al
[2026-05-15 13:00:15] [INFO]       OK   p_sk170415_052304.rf.pcm: sb0:542al
[2026-05-15 13:00:15] [INFO]       OK   p_sk170531_041336.rf.pcm: sb0:46al
[2026-05-15 13:00:15] [INFO]       OK   p_sk170428_001152.rf.pcm: sb0:579al
[2026-05-15 13:00:15] [INFO]       OK   p_sk170621_032456.rf.pcm: sb0:43al
[2026-05-15 13:00:15] [INFO]       OK   p_sk170529_045232.rf.pcm: sb0:3al
[2026-05-15 13:00:15] [INFO]       OK   p_sk170625_212448.rf.pcm: sb0:90al
[2026-05-15 13:00:16] [INFO]       OK   p_sk170625_201624.rf.pcm: sb0:66al
[2026-05-15 13:00:16] [INFO]       OK   p_sk170625_031320.rf.pcm: sb0:71al
[2026-05-15 13:00:16] [INFO]       OK   p_sk170625_042520.rf.pcm: sb0:168al
[2026-05-15 13:00:16] [INFO]       OK   p_sk170602_055128.rf.pcm: sb0:563al
[2026-05-15 13:00:16] [INFO]       OK   p_sk170622_003144.rf.pcm: sb0:551al
[2026-05-15 13:00:16] [INFO]       OK   p_sk170623_221408.rf.pcm: sb0:427al
[2026-05-15 13:00:16] [INFO]       OK   p_sk170625_221720.rf.pcm: sb0:139al
[2026-05-15 13:00:16] [INFO]       OK   p_sk170625_232552.rf.pcm: sb0:78al
[2026-05-15 13:00:16] [INFO]       OK   p_sk170626_003432.rf.pcm: sb0:70al
[2026-05-15 13:00:16] [INFO]       OK   p_sk170626_014312.rf.pcm: sb0:125al
[2026-05-15 13:00:16] [INFO]       OK   p_sk170623_232648.rf.pcm: sb0:524al
[2026-05-15 13:00:16] [INFO]       OK   p_sk170626_050840.rf.pcm: sb0:38al
[2026-05-15 13:00:16] [INFO]       OK   p_sk170626_025152.rf.pcm: sb0:42al
[2026-05-15 13:00:16] [INFO]       SKIP p_sk170713_230824.rf.pcm: too small (10x256)
[2026-05-15 13:00:16] [INFO]       OK   p_sk170626_040008.rf.pcm: sb0:76al
[2026-05-15 13:00:16] [INFO]       OK   p_sk170627_042616.rf.pcm: sb0:188al
[2026-05-15 13:00:16] [INFO]       OK   p_sk170711_221032.rf.pcm: sb0:92al
[2026-05-15 13:00:16] [INFO]       OK   p_sk170713_210904.rf.pcm: sb0:109al
[2026-05-15 13:00:16] [INFO]       SKIP p_sk170821_001256.rf.pcm: too small (10x512)
[2026-05-15 13:00:16] [INFO]       OK   p_sk170729_204520.rf.pcm: sb0:93al
[2026-05-15 13:00:16] [INFO]       OK   p_sk170806_023952.rf.pcm: sb0:56al
[2026-05-15 13:00:16] [INFO]       OK   p_sk170712_014952.rf.pcm: sb0:5al
[2026-05-15 13:00:16] [INFO]       OK   p_sk170627_031336.rf.pcm: sb0:464al
[2026-05-15 13:00:16] [INFO]       OK   p_sk170803_202736.rf.pcm: sb0:226al
[2026-05-15 13:00:16] [INFO]       OK   p_sk170907_180336.rf.pcm: sb0:3al
[2026-05-15 13:00:16] [INFO]       OK   p_sk170712_221112.rf.pcm: sb0:361al
[2026-05-15 13:00:16] [INFO]       OK   p_sk170823_231520.rf.pcm: sb0:78al
[2026-05-15 13:00:16] [INFO]       OK   p_sk170804_223024.rf.pcm: sb0:419al
[2026-05-15 13:00:16] [INFO]       OK   p_sk170909_170056.rf.pcm: sb0:72al
[2026-05-15 13:00:17] [INFO]       OK   p_sk170823_160928.rf.pcm: sb0:525al
[2026-05-15 13:00:17] [INFO]       OK   p_sk170823_183440.rf.pcm: sb0:609al
[2026-05-15 13:00:17] [INFO]       OK   p_sk170924_161024.rf.pcm: sb0:3al
[2026-05-15 13:00:17] [INFO]       SKIP p_sk170926_132344.rf.pcm: too small (11x512)
[2026-05-15 13:00:17] [INFO]       OK   p_sk170907_202432.rf.pcm: sb0:460al
[2026-05-15 13:00:17] [INFO]       OK   p_sk170908_173912.rf.pcm: sb0:505al
[2026-05-15 13:00:17] [INFO]       OK   p_sk170924_195600.rf.pcm: sb0:157al
[2026-05-15 13:00:17] [INFO]       OK   p_sk170922_162040.rf.pcm: sb0:575al
[2026-05-15 13:00:17] [INFO]       OK   p_sk170923_151248.rf.pcm: sb0:413al
[2026-05-15 13:00:17] [INFO]       OK   p_sk170923_175336.rf.pcm: sb0:336al
[2026-05-15 13:00:17] [INFO]       OK   p_sk170925_153616.rf.pcm: sb0:310al
[2026-05-15 13:00:17] [INFO]       OK   p_sk170926_133352.rf.pcm: sb0:422al
[2026-05-15 13:00:17] [INFO]       OK   p_sk170926_144128.rf.pcm: sb0:371al
[2026-05-15 13:00:17] [INFO]       OK   p_sk170926_223520.rf.pcm: sb0:146al
[2026-05-15 13:00:17] [INFO]       OK   p_sk170926_154912.rf.pcm: sb0:782al
[2026-05-15 13:00:17] [INFO]       OK   p_sk170926_165656.rf.pcm: sb0:774al
[2026-05-15 13:00:17] [INFO]       OK   p_sk170926_180432.rf.pcm: sb0:660al
[2026-05-15 13:00:18] [INFO]       OK   p_sk170926_191216.rf.pcm: sb0:828al
[2026-05-15 13:00:18] [INFO]       OK   p_sk170926_202000.rf.pcm: sb0:603al
[2026-05-15 13:00:18] [INFO]       OK   p_sk171014_211600.rf.pcm: sb0:17al
[2026-05-15 13:00:18] [INFO]       OK   p_sk171012_145656.rf.pcm: sb0:5al
[2026-05-15 13:00:18] [INFO]       OK   p_sk170926_212744.rf.pcm: sb0:630al
[2026-05-15 13:00:18] [INFO]       OK   p_sk171016_132848.rf.pcm: sb0:38al
[2026-05-15 13:00:18] [INFO]       OK   p_sk171104_171416.rf.pcm: sb0:113al
[2026-05-15 13:00:18] [INFO]       OK   p_sk171104_130712.rf.pcm: sb0:90al
[2026-05-15 13:00:18] [INFO]       OK   p_sk171001_211024.rf.pcm: sb0:678al
[2026-05-15 13:00:18] [INFO]       OK   p_sk171105_184520.rf.pcm: sb0:257al
[2026-05-15 13:00:18] [INFO]       OK   p_sk171013_154544.rf.pcm: sb0:565al
[2026-05-15 13:00:18] [INFO]       OK   p_sk171014_150144.rf.pcm: sb0:625al
[2026-05-15 13:00:18] [INFO]       OK   p_sk171125_120536.rf.pcm: sb0:7al
[2026-05-15 13:00:18] [INFO]       OK   p_sk171124_112608.rf.pcm: sb0:209al
[2026-05-15 13:00:19] [INFO]       OK   p_sk171102_154848.rf.pcm: sb0:588al
[2026-05-15 13:00:19] [INFO]       OK   p_sk171208_162544.rf.pcm: sb0:3al
[2026-05-15 13:00:19] [INFO]       OK   p_sk171106_130408.rf.pcm: sb0:824al
[2026-05-15 13:00:19] [INFO]       OK   p_sk171208_095752.rf.pcm: sb0:92al
[2026-05-15 13:00:19] [INFO]       OK   p_sk171106_141656.rf.pcm: sb0:287al
[2026-05-15 13:00:19] [INFO]       OK   p_sk171125_150704.rf.pcm: sb0:653al
[2026-05-15 13:00:19] [INFO]       OK   p_sk171209_122304.rf.pcm: sb0:8al
[2026-05-15 13:00:19] [INFO]       OK   p_sk171210_131400.rf.pcm: sb0:7al
[2026-05-15 13:00:19] [INFO]       OK   p_sk171126_144248.rf.pcm: sb0:659al
[2026-05-15 13:00:19] [INFO]       OK   p_sk171218_090952.rf.pcm: sb0:12al
[2026-05-15 13:00:19] [INFO]       OK   p_sk171210_120128.rf.pcm: sb0:618al
[2026-05-15 13:00:19] [INFO]       OK   p_sk171218_080232.rf.pcm: sb0:633al
[2026-05-15 13:00:19] [INFO]       OK   p_sk171218_101728.rf.pcm: sb0:581al
[2026-05-15 13:00:19] [INFO]       OK   p_sk171218_112504.rf.pcm: sb0:366al
[2026-05-15 13:00:19] [INFO]       OK   p_sk171218_123320.rf.pcm: sb0:632al
[2026-05-15 13:00:20] [INFO]       OK   p_sk171218_155600.rf.pcm: sb0:488al
[2026-05-15 13:00:20] [INFO]       OK   p_sk171218_134040.rf.pcm: sb0:480al
[2026-05-15 13:00:20] [INFO]       OK   p_sk171228_093352.rf.pcm: sb0:4al
[2026-05-15 13:00:20] [INFO]       OK   p_sk171218_144832.rf.pcm: sb0:497al
[2026-05-15 13:00:20] [INFO]       OK   p_sk171229_093352.rf.pcm: sb0:119al
[2026-05-15 13:00:20] [INFO]       OK   p_sk171227_112808.rf.pcm: sb0:330al
[2026-05-15 13:00:20] [INFO]       OK   p_sk180112_100824.rf.pcm: sb0:6al
[2026-05-15 13:00:20] [INFO]       OK   p_sk180112_112040.rf.pcm: sb0:5al
[2026-05-15 13:00:20] [INFO]       OK   p_sk171229_105824.rf.pcm: sb0:5al
[2026-05-15 13:00:20] [INFO]       OK   p_sk180114_073112.rf.pcm: sb0:7al
[2026-05-15 13:00:20] [INFO]       OK   p_sk180126_093256.rf.pcm: sb0:179al
[2026-05-15 13:00:20] [INFO]       OK   p_sk180126_104504.rf.pcm: sb0:110al
[2026-05-15 13:00:20] [INFO]       SKIP p_sk180210_134528.rf.pcm: too small (10x512)
[2026-05-15 13:00:20] [INFO]       OK   p_sk180111_102840.rf.pcm: sb0:454al
[2026-05-15 13:00:20] [INFO]       OK   p_sk180113_083200.rf.pcm: sb0:361al
[2026-05-15 13:00:20] [INFO]       OK   p_sk180113_071816.rf.pcm: sb0:611al
[2026-05-15 13:00:20] [INFO]       OK   p_sk180114_124952.rf.pcm: sb0:404al
[2026-05-15 13:00:20] [INFO]       SKIP p_sk180327_083408.rf.pcm: too small (10x512)
[2026-05-15 13:00:20] [INFO]       OK   p_sk180126_080712.rf.pcm: sb0:341al
[2026-05-15 13:00:20] [INFO]       OK   p_sk180309_070824.rf.pcm: sb0:6al
[2026-05-15 13:00:20] [INFO]       OK   p_sk180127_085232.rf.pcm: sb0:402al
[2026-05-15 13:00:20] [INFO]       OK   p_sk180328_044336.rf.pcm: sb0:12al
[2026-05-15 13:00:20] [INFO]       OK   p_sk180310_055704.rf.pcm: sb0:16al
[2026-05-15 13:00:20] [INFO]       OK   p_sk180308_103216.rf.pcm: sb0:404al
[2026-05-15 13:00:20] [INFO]       OK   p_sk180401_031032.rf.pcm: sb0:75al
[2026-05-15 13:00:20] [INFO]       OK   p_sk180128_080632.rf.pcm: sb0:703al
[2026-05-15 13:00:20] [INFO]       OK   p_sk180327_084520.rf.pcm: sb0:4al
[2026-05-15 13:00:21] [INFO]       OK   p_sk180327_100024.rf.pcm: sb0:17al
[2026-05-15 13:00:21] [INFO]       OK   p_sk180311_095904.rf.pcm: sb0:330al
[2026-05-15 13:00:21] [INFO]       OK   p_sk180401_035056.rf.pcm: sb0:119al
[2026-05-15 13:00:21] [INFO]       OK   p_sk180415_002112.rf.pcm: sb0:55al
[2026-05-15 13:00:21] [INFO]       OK   p_sk180415_003928.rf.pcm: sb0:6al
[2026-05-15 13:00:21] [INFO]       OK   p_sk180402_011408.rf.pcm: sb0:113al
[2026-05-15 13:00:21] [INFO]       OK   p_sk180415_013432.rf.pcm: sb0:4al
[2026-05-15 13:00:21] [INFO]       OK   p_sk180415_021112.rf.pcm: sb0:5al
[2026-05-15 13:00:21] [INFO]       OK   p_sk180415_011608.rf.pcm: sb0:46al
[2026-05-15 13:00:21] [INFO]       OK   p_sk180415_005752.rf.pcm: sb0:56al
[2026-05-15 13:00:21] [INFO]       OK   p_sk180415_015248.rf.pcm: sb0:63al
[2026-05-15 13:00:21] [INFO]       OK   p_sk180415_022928.rf.pcm: sb0:72al
[2026-05-15 13:00:21] [INFO]       OK   p_sk180415_030616.rf.pcm: sb0:6al
[2026-05-15 13:00:21] [INFO]       OK   p_sk180415_032440.rf.pcm: sb0:4al
[2026-05-15 13:00:21] [INFO]       OK   p_sk180415_040144.rf.pcm: sb0:9al
[2026-05-15 13:00:21] [INFO]       OK   p_sk180415_024752.rf.pcm: sb0:58al
[2026-05-15 13:00:21] [INFO]       OK   p_sk180415_034312.rf.pcm: sb0:68al
[2026-05-15 13:00:21] [INFO]       OK   p_sk180415_043856.rf.pcm: sb0:4al
[2026-05-15 13:00:21] [INFO]       OK   p_sk180415_045712.rf.pcm: sb0:4al
[2026-05-15 13:00:21] [INFO]       OK   p_sk180415_042016.rf.pcm: sb0:36al
[2026-05-15 13:00:21] [INFO]       OK   p_sk180415_051536.rf.pcm: sb0:6al
[2026-05-15 13:00:21] [INFO]       OK   p_sk180415_053352.rf.pcm: sb0:10al
[2026-05-15 13:00:21] [INFO]       OK   p_sk180415_055208.rf.pcm: sb0:8al
[2026-05-15 13:00:21] [INFO]       OK   p_sk180415_061032.rf.pcm: sb0:71al
[2026-05-15 13:00:21] [INFO]       OK   p_sk180415_070544.rf.pcm: sb0:7al
[2026-05-15 13:00:21] [INFO]       OK   p_sk180415_062904.rf.pcm: sb0:64al
[2026-05-15 13:00:21] [INFO]       OK   p_sk180402_091048.rf.pcm: sb0:438al
[2026-05-15 13:00:21] [INFO]       OK   p_sk180403_061248.rf.pcm: sb0:463al
[2026-05-15 13:00:21] [INFO]       OK   p_sk180415_072400.rf.pcm: sb0:56al
[2026-05-15 13:00:21] [INFO]       OK   p_sk180415_064720.rf.pcm: sb0:66al
[2026-05-15 13:00:21] [INFO]       OK   p_sk180415_074224.rf.pcm: sb0:78al
[2026-05-15 13:00:21] [INFO]       OK   p_sk180415_080040.rf.pcm: sb0:4al
[2026-05-15 13:00:21] [INFO]       OK   p_sk180424_061336.rf.pcm: sb0:12al
[2026-05-15 13:00:21] [INFO]       SKIP p_sk180517_065504.rf.pcm: too small (11x256)
[2026-05-15 13:00:21] [INFO]       SKIP p_sk180517_070144.rf.pcm: too small (10x256)
[2026-05-15 13:00:21] [INFO]       SKIP p_sk180518_010624.rf.pcm: too small (10x256)
[2026-05-15 13:00:21] [INFO]       OK   p_sk180517_064120.rf.pcm: sb0:0al
[2026-05-15 13:00:21] [INFO]       OK   p_sk180415_081904.rf.pcm: sb0:50al
[2026-05-15 13:00:21] [INFO]       OK   p_sk180415_083720.rf.pcm: sb0:91al
[2026-05-15 13:00:21] [INFO]       OK   p_sk180415_091400.rf.pcm: sb0:7al
[2026-05-15 13:00:21] [INFO]       OK   p_sk180415_085544.rf.pcm: sb0:114al
[2026-05-15 13:00:21] [INFO]       SKIP p_sk180523_010000.rf.pcm: too small (11x256)
[2026-05-15 13:00:21] [INFO]       OK   p_sk180517_060632.rf.pcm: sb0:10al
[2026-05-15 13:00:21] [INFO]       OK   p_sk180526_004208.rf.pcm: sb0:15al
[2026-05-15 13:00:21] [INFO]       OK   p_sk180521_214832.rf.pcm: sb0:5al
[2026-05-15 13:00:21] [INFO]       SKIP p_sk180613_055432.rf.pcm: too small (12x512)
[2026-05-15 13:00:21] [INFO]       OK   p_sk180522_224552.rf.pcm: sb0:54al
[2026-05-15 13:00:21] [INFO]       OK   p_sk180522_235120.rf.pcm: sb0:61al
[2026-05-15 13:00:21] [INFO]       OK   p_sk180705_003552.rf.pcm: sb0:3al
[2026-05-15 13:00:21] [INFO]       OK   p_sk180422_024624.rf.pcm: sb0:442al
[2026-05-15 13:00:21] [INFO]       OK   p_sk180518_024256.rf.pcm: sb0:47al
[2026-05-15 13:00:22] [INFO]       OK   p_sk180712_203624.rf.pcm: sb0:7al
[2026-05-15 13:00:22] [INFO]       OK   p_sk180604_042000.rf.pcm: sb0:346al
[2026-05-15 13:00:22] [INFO]       OK   p_sk180531_213408.rf.pcm: sb0:511al
[2026-05-15 13:00:22] [INFO]       OK   p_sk180712_022152.rf.pcm: sb0:559al
[2026-05-15 13:00:22] [INFO]       OK   p_sk180726_212536.rf.pcm: sb0:16al
[2026-05-15 13:00:22] [INFO]       OK   p_sk180518_013704.rf.pcm: sb0:246al
[2026-05-15 13:00:22] [INFO]       OK   p_sk180713_214424.rf.pcm: sb0:453al
[2026-05-15 13:00:22] [INFO]       OK   p_sk180727_211800.rf.pcm: sb0:8al
[2026-05-15 13:00:22] [INFO]       OK   p_sk180713_225704.rf.pcm: sb0:757al
[2026-05-15 13:00:22] [INFO]       OK   p_sk180730_220752.rf.pcm: sb0:299al
[2026-05-15 13:00:22] [INFO]       OK   p_sk180728_222720.rf.pcm: sb0:506al
[2026-05-15 13:00:22] [INFO]       OK   p_sk180729_220016.rf.pcm: sb0:448al
[2026-05-15 13:00:22] [INFO]       OK   p_sk180730_205336.rf.pcm: sb0:451al
[2026-05-15 13:00:22] [INFO]       OK   p_sk180816_192312.rf.pcm: sb0:142al
[2026-05-15 13:00:22] [INFO]       OK   p_sk180808_193944.rf.pcm: sb0:517al
[2026-05-15 13:00:22] [INFO]       OK   p_sk180809_182416.rf.pcm: sb0:669al
[2026-05-15 13:00:23] [INFO]       OK   p_sk180809_195416.rf.pcm: sb0:859al
[2026-05-15 13:00:23] [INFO]       OK   p_sk180817_183416.rf.pcm: sb0:431al
[2026-05-15 13:00:23] [INFO]       OK   p_sk180920_142152.rf.pcm: sb0:56al
[2026-05-15 13:00:23] [INFO]       OK   p_sk180818_175024.rf.pcm: sb0:340al
[2026-05-15 13:00:23] [INFO]       OK   p_sk180915_155856.rf.pcm: sb0:592al
[2026-05-15 13:00:23] [INFO]       OK   p_sk180819_182544.rf.pcm: sb0:604al
[2026-05-15 13:00:23] [INFO]       OK   p_sk180915_194000.rf.pcm: sb0:631al
[2026-05-15 13:00:23] [INFO]       OK   p_sk180831_182120.rf.pcm: sb0:413al
[2026-05-15 13:00:23] [INFO]       OK   p_sk180901_175024.rf.pcm: sb0:610al
[2026-05-15 13:00:23] [INFO]       OK   p_sk180929_125824.rf.pcm: sb0:289al
[2026-05-15 13:00:23] [INFO]       OK   p_sk180929_140512.rf.pcm: sb0:542al
[2026-05-15 13:00:23] [INFO]       OK   p_sk180929_151152.rf.pcm: sb0:379al
[2026-05-15 13:00:23] [INFO]       OK   p_sk180929_161832.rf.pcm: sb0:358al
[2026-05-15 13:00:23] [INFO]       OK   p_sk180929_172520.rf.pcm: sb0:356al
[2026-05-15 13:00:23] [INFO]       OK   p_sk180929_225904.rf.pcm: sb0:98al
[2026-05-15 13:00:23] [INFO]       OK   p_sk180929_183200.rf.pcm: sb0:388al
[2026-05-15 13:00:23] [INFO]       OK   p_sk180929_215224.rf.pcm: sb0:6al
[2026-05-15 13:00:24] [INFO]       OK   p_sk180929_204544.rf.pcm: sb0:406al
[2026-05-15 13:00:24] [INFO]       OK   p_sk180929_193856.rf.pcm: sb0:493al
[2026-05-15 13:00:24] [INFO]       SKIP p_sk181114_141328.rf.pcm: too small (11x256)
[2026-05-15 13:00:24] [INFO]       OK   p_sk181018_150424.rf.pcm: sb0:3al
[2026-05-15 13:00:24] [INFO]       OK   p_sk181017_153048.rf.pcm: sb0:5al
[2026-05-15 13:00:24] [INFO]       OK   p_sk181020_125752.rf.pcm: sb0:4al
[2026-05-15 13:00:24] [INFO]       SKIP p_sk181122_121928.rf.pcm: too small (11x256)
[2026-05-15 13:00:24] [INFO]       OK   p_sk181119_133344.rf.pcm: sb0:5al
[2026-05-15 13:00:24] [INFO]       SKIP p_sk181125_121416.rf.pcm: too small (12x256)
[2026-05-15 13:00:24] [INFO]       OK   p_sk181122_123256.rf.pcm: sb0:5al
[2026-05-15 13:00:24] [INFO]       OK   p_sk181120_125904.rf.pcm: sb0:47al
[2026-05-15 13:00:24] [INFO]       SKIP p_sk181203_152704.rf.pcm: too small (10x256)
[2026-05-15 13:00:24] [INFO]       SKIP p_sk181203_153840.rf.pcm: too small (13x256)
[2026-05-15 13:00:24] [INFO]       OK   p_sk181020_155232.rf.pcm: sb0:78al
[2026-05-15 13:00:24] [INFO]       OK   p_sk181203_162424.rf.pcm: sb0:12al
[2026-05-15 13:00:24] [INFO]       OK   p_sk181121_141048.rf.pcm: sb0:107al
[2026-05-15 13:00:24] [INFO]       OK   p_sk181201_131504.rf.pcm: sb0:5al
[2026-05-15 13:00:24] [INFO]       OK   p_sk181019_132720.rf.pcm: sb0:378al
[2026-05-15 13:00:24] [INFO]       OK   p_sk181202_123856.rf.pcm: sb0:5al
[2026-05-15 13:00:24] [INFO]       OK   p_sk181212_141552.rf.pcm: sb0:39al
[2026-05-15 13:00:24] [INFO]       OK   p_sk181019_155320.rf.pcm: sb0:407al
[2026-05-15 13:00:24] [INFO]       OK   p_sk181203_164720.rf.pcm: sb0:3al
[2026-05-15 13:00:24] [INFO]       OK   p_sk181019_170616.rf.pcm: sb0:441al
[2026-05-15 13:00:24] [INFO]       OK   p_sk181213_143304.rf.pcm: sb0:0al
[2026-05-15 13:00:24] [INFO]       SKIP p_sk190105_163744.rf.pcm: too small (12x256)
[2026-05-15 13:00:24] [INFO]       SKIP p_sk190107_090912.rf.pcm: too small (12x256)
[2026-05-15 13:00:24] [INFO]       SKIP p_sk190112_112136.rf.pcm: too small (11x256)
[2026-05-15 13:00:24] [INFO]       OK   p_sk181214_154240.rf.pcm: sb0:62al
[2026-05-15 13:00:24] [INFO]       OK   p_sk181229_094112.rf.pcm: sb0:3al
[2026-05-15 13:00:24] [INFO]       OK   p_sk181230_115256.rf.pcm: sb0:7al
[2026-05-15 13:00:24] [INFO]       SKIP p_sk190129_093352.rf.pcm: too small (10x256)
[2026-05-15 13:00:24] [INFO]       OK   p_sk181226_093144.rf.pcm: sb0:74al
[2026-05-15 13:00:24] [INFO]       OK   p_sk181226_122504.rf.pcm: sb0:143al
[2026-05-15 13:00:24] [INFO]       OK   p_sk190117_082624.rf.pcm: sb0:3al
[2026-05-15 13:00:24] [INFO]       SKIP p_sk190213_041920.rf.pcm: too small (15x256)
[2026-05-15 13:00:24] [INFO]       SKIP p_sk190216_140720.rf.pcm: too small (10x256)
[2026-05-15 13:00:24] [INFO]       OK   p_sk190102_111352.rf.pcm: sb0:129al
[2026-05-15 13:00:24] [INFO]       OK   p_sk190115_082552.rf.pcm: sb0:30al
[2026-05-15 13:00:24] [INFO]       OK   p_sk190210_093040.rf.pcm: sb0:3al
[2026-05-15 13:00:24] [INFO]       OK   p_sk190117_100112.rf.pcm: sb0:176al
[2026-05-15 13:00:24] [INFO]       OK   p_sk190118_113128.rf.pcm: sb0:152al
[2026-05-15 13:00:24] [INFO]       SKIP p_sk190320_024440.rf.pcm: too small (15x256)
[2026-05-15 13:00:24] [INFO]       OK   p_sk190130_061928.rf.pcm: sb0:23al
[2026-05-15 13:00:24] [INFO]       OK   p_sk190209_080216.rf.pcm: sb0:42al
[2026-05-15 13:00:24] [INFO]       OK   p_sk190303_121312.rf.pcm: sb0:6al
[2026-05-15 13:00:24] [INFO]       OK   p_sk190323_090112.rf.pcm: sb0:14al
[2026-05-15 13:00:24] [INFO]       OK   p_sk190219_082256.rf.pcm: sb0:8al
[2026-05-15 13:00:24] [INFO]       OK   p_sk190322_034528.rf.pcm: sb0:0al
[2026-05-15 13:00:24] [INFO]       SKIP p_sk190401_104736.rf.pcm: too small (10x256)
[2026-05-15 13:00:24] [INFO]       SKIP p_sk190403_044328.rf.pcm: too small (10x256)
[2026-05-15 13:00:24] [INFO]       SKIP p_sk190409_052352.rf.pcm: too small (14x512)
[2026-05-15 13:00:24] [INFO]       OK   p_sk190324_075008.rf.pcm: sb0:7al
[2026-05-15 13:00:24] [INFO]       OK   p_sk190303_083736.rf.pcm: sb0:188al
[2026-05-15 13:00:24] [INFO]       OK   p_sk190411_011632.rf.pcm: sb0:16al
[2026-05-15 13:00:25] [INFO]       OK   p_sk190316_062656.rf.pcm: sb0:38al
[2026-05-15 13:00:25] [INFO]       SKIP p_sk190416_052712.rf.pcm: too small (10x256)
[2026-05-15 13:00:25] [INFO]       OK   p_sk190323_050056.rf.pcm: sb0:33al
[2026-05-15 13:00:25] [INFO]       OK   p_sk190322_055256.rf.pcm: sb0:64al
[2026-05-15 13:00:25] [INFO]       OK   p_sk190324_041256.rf.pcm: sb0:5al
[2026-05-15 13:00:25] [INFO]       OK   p_sk190324_093432.rf.pcm: sb0:24al
[2026-05-15 13:00:25] [INFO]       OK   p_sk190429_052448.rf.pcm: sb0:41al
[2026-05-15 13:00:25] [INFO]       OK   p_sk190411_020240.rf.pcm: sb0:165al
[2026-05-15 13:00:25] [INFO]       OK   p_sk190411_044608.rf.pcm: sb0:66al
[2026-05-15 13:00:25] [INFO]       OK   p_sk190413_043128.rf.pcm: sb0:124al
[2026-05-15 13:00:25] [INFO]       SKIP p_sk190605_044400.rf.pcm: too small (14x256)
[2026-05-15 13:00:25] [INFO]       OK   p_sk190503_025208.rf.pcm: sb0:137al
[2026-05-15 13:00:25] [INFO]       OK   p_sk190504_044808.rf.pcm: sb0:81al
[2026-05-15 13:00:25] [INFO]       OK   p_sk190520_223952.rf.pcm: sb0:84al
[2026-05-15 13:00:25] [INFO]       OK   p_sk190521_052752.rf.pcm: sb0:6al
[2026-05-15 13:00:25] [INFO]       OK   p_sk190604_032512.rf.pcm: sb0:73al
[2026-05-15 13:00:25] [INFO]       OK   p_sk190524_062000.rf.pcm: sb0:41al
[2026-05-15 13:00:25] [INFO]       OK   p_sk190605_232240.rf.pcm: sb0:3al
[2026-05-15 13:00:25] [INFO]       OK   p_sk190525_061552.rf.pcm: sb0:56al
[2026-05-15 13:00:25] [INFO]       OK   p_sk190625_052312.rf.pcm: sb0:3al
[2026-05-15 13:00:25] [INFO]       OK   p_sk190617_212216.rf.pcm: sb0:14al
[2026-05-15 13:00:25] [INFO]       OK   p_sk190727_191736.rf.pcm: sb0:17al
[2026-05-15 13:00:25] [INFO]       OK   r070315_035729.rf.pcm: sb0:23al
[2026-05-15 13:00:25] [INFO]       OK   p_sk190721_180136.rf.pcm: sb0:3al
[2026-05-15 13:00:25] [INFO]       OK   r070318_090340.rf.pcm: sb0:8al
[2026-05-15 13:00:25] [INFO]       SKIP r070318_111259.rf.pcm: too small (10x1024)
[2026-05-15 13:00:25] [INFO]       SKIP r070414_070040.rf.pcm: too small (11x1024)
[2026-05-15 13:00:25] [INFO]       OK   p_sk190624_205552.rf.pcm: sb0:42al
[2026-05-15 13:00:25] [INFO]       SKIP r070416_082118.rf.pcm: too small (11x1024)
[2026-05-15 13:00:25] [INFO]       OK   p_sk190715_212304.rf.pcm: sb0:64al
[2026-05-15 13:00:25] [INFO]       OK   r070318_092936.rf.pcm: sb0:271al
[2026-05-15 13:00:25] [INFO]       OK   p_sk190729_203200.rf.pcm: sb0:49al
[2026-05-15 13:00:25] [INFO]       OK   r070318_104540.rf.pcm: sb0:154al
[2026-05-15 13:00:25] [INFO]       SKIP r070417_061036.rf.pcm: too small (10x1024)
[2026-05-15 13:00:25] [INFO]       OK   r070318_095833.rf.pcm: sb0:350al
[2026-05-15 13:00:25] [INFO]       OK   r070416_094902.rf.pcm: sb0:3al
[2026-05-15 13:00:25] [INFO]       OK   r070414_073713.rf.pcm: sb0:63al
[2026-05-15 13:00:25] [INFO]       OK   r070416_091556.rf.pcm: sb0:5al
[2026-05-15 13:00:25] [INFO]       OK   r070417_070309.rf.pcm: sb0:63al
[2026-05-15 13:00:25] [INFO]       OK   r070417_084640.rf.pcm: sb0:47al
[2026-05-15 13:00:25] [INFO]       OK   r070318_075544.rf.pcm: sb0:8al
[2026-05-15 13:00:25] [INFO]       OK   r070416_083456.rf.pcm: sb0:223al
[2026-05-15 13:00:25] [INFO]       OK   r070417_095127.rf.pcm: sb0:177al
[2026-05-15 13:00:26] [INFO]       OK   r070521_062139.rf.pcm: sb0:10al
[2026-05-15 13:00:26] [INFO]       OK   r070417_021202.rf.pcm: sb0:438al
[2026-05-15 13:00:26] [INFO]       OK   r070522_004701.rf.pcm: sb0:176al
[2026-05-15 13:00:26] [INFO]       OK   r070522_073039.rf.pcm: sb0:331al
[2026-05-15 13:00:26] [INFO]       OK   r070521_024028.rf.pcm: sb0:993al
[2026-05-15 13:00:26] [INFO]       OK   r070521_051338.rf.pcm: sb0:1056al
[2026-05-15 13:00:26] [INFO]       OK   r070521_233919.rf.pcm: sb0:1182al
[2026-05-15 13:00:26] [INFO]       OK   r070521_223142.rf.pcm: sb0:1144al
[2026-05-15 13:00:26] [INFO]       OK   r070522_062239.rf.pcm: sb0:1168al
[2026-05-15 13:00:26] [INFO]       OK   r070522_040737.rf.pcm: sb0:1144al
[2026-05-15 13:00:26] [INFO]       OK   r070522_051519.rf.pcm: sb0:1228al
[2026-05-15 13:00:27] [INFO]       OK   r070522_221649.rf.pcm: sb0:1153al
[2026-05-15 13:00:27] [INFO]       OK   r070523_060809.rf.pcm: sb0:405al
[2026-05-15 13:00:27] [INFO]       OK   r070522_232409.rf.pcm: sb0:1120al
[2026-05-15 13:00:27] [INFO]       OK   r070523_035332.rf.pcm: sb0:34al
[2026-05-15 13:00:27] [INFO]       OK   r070524_062521.rf.pcm: sb0:300al
[2026-05-15 13:00:27] [INFO]       OK   r070524_224038.rf.pcm: sb0:330al
[2026-05-15 13:00:27] [INFO]       OK   r070523_003132.rf.pcm: sb0:1153al
[2026-05-15 13:00:27] [INFO]       OK   r070524_231718.rf.pcm: sb0:244al
[2026-05-15 13:00:27] [INFO]       OK   r070523_013850.rf.pcm: sb0:1183al
[2026-05-15 13:00:27] [INFO]       OK   r070523_024612.rf.pcm: sb0:1122al
[2026-05-15 13:00:27] [INFO]       OK   r070523_050049.rf.pcm: sb0:1171al
[2026-05-15 13:00:27] [INFO]       OK   r070524_234201.rf.pcm: sb0:20al
[2026-05-15 13:00:27] [INFO]       OK   r070525_004909.rf.pcm: sb0:640al
[2026-05-15 13:00:27] [INFO]       OK   r070524_213319.rf.pcm: sb0:1132al
[2026-05-15 13:00:28] [INFO]       OK   r070526_002136.rf.pcm: sb0:1003al
[2026-05-15 13:00:28] [INFO]       OK   r070527_030459.rf.pcm: sb0:9al
[2026-05-15 13:00:28] [INFO]       OK   r070525_231420.rf.pcm: sb0:1150al
[2026-05-15 13:00:28] [INFO]       OK   r070527_051939.rf.pcm: sb0:24al
[2026-05-15 13:00:28] [INFO]       OK   r070527_005018.rf.pcm: sb0:1133al
[2026-05-15 13:00:28] [INFO]       OK   r070526_234258.rf.pcm: sb0:1181al
[2026-05-15 13:00:28] [INFO]       OK   r070527_015742.rf.pcm: sb0:1168al
[2026-05-15 13:00:28] [INFO]       OK   r070527_041219.rf.pcm: sb0:1190al
[2026-05-15 13:00:28] [INFO]       OK   r070528_223029.rf.pcm: sb0:15al
[2026-05-15 13:00:28] [INFO]       OK   r070527_062657.rf.pcm: sb0:818al
[2026-05-15 13:00:28] [INFO]       OK   r070530_003429.rf.pcm: sb0:12al
[2026-05-15 13:00:28] [INFO]       SKIP r070530_221558.rf.pcm: too small (14x1024)
[2026-05-15 13:00:28] [INFO]       OK   r070529_221939.rf.pcm: sb0:9al
[2026-05-15 13:00:28] [INFO]       OK   r070527_214909.rf.pcm: sb0:1159al
[2026-05-15 13:00:28] [INFO]       OK   r070527_225629.rf.pcm: sb0:1172al
[2026-05-15 13:00:28] [INFO]       OK   r070528_000357.rf.pcm: sb0:1031al
[2026-05-15 13:00:29] [INFO]       OK   r070529_211219.rf.pcm: sb0:1171al
[2026-05-15 13:00:29] [INFO]       OK   r070529_232707.rf.pcm: sb0:1132al
[2026-05-15 13:00:29] [INFO]       OK   r070530_210839.rf.pcm: sb0:1104al
[2026-05-15 13:00:29] [INFO]       OK   r070530_230937.rf.pcm: sb0:1158al
[2026-05-15 13:00:29] [INFO]       SKIP r070602_005219.rf.pcm: too small (12x1024)
[2026-05-15 13:00:29] [INFO]       OK   r070531_021521.rf.pcm: sb0:933al
[2026-05-15 13:00:29] [INFO]       OK   r070601_001308.rf.pcm: sb0:922al
[2026-05-15 13:00:29] [INFO]       OK   r070531_001659.rf.pcm: sb0:1150al
[2026-05-15 13:00:30] [INFO]       OK   r070531_230517.rf.pcm: sb0:1052al
[2026-05-15 13:00:30] [INFO]       OK   r070531_214926.rf.pcm: sb0:1210al
[2026-05-15 13:00:30] [INFO]       OK   r070601_234217.rf.pcm: sb0:1205al
[2026-05-15 13:00:30] [INFO]       OK   r070602_210938.rf.pcm: sb0:1050al
[2026-05-15 13:00:30] [INFO]       OK   r070601_223459.rf.pcm: sb0:1164al
[2026-05-15 13:00:30] [INFO]       SKIP r070611_010119.rf.pcm: too small (15x1024)
[2026-05-15 13:00:30] [INFO]       SKIP r070611_010958.rf.pcm: too small (15x1024)
[2026-05-15 13:00:30] [INFO]       SKIP r070611_011838.rf.pcm: too small (13x1024)
[2026-05-15 13:00:30] [INFO]       SKIP r070611_012811.rf.pcm: too small (15x1024)
[2026-05-15 13:00:30] [INFO]       SKIP r070611_013647.rf.pcm: too small (15x1024)
[2026-05-15 13:00:30] [INFO]       SKIP r070611_014527.rf.pcm: too small (15x1024)
[2026-05-15 13:00:30] [INFO]       SKIP r070611_015407.rf.pcm: too small (15x1024)
[2026-05-15 13:00:30] [INFO]       SKIP r070611_020539.rf.pcm: too small (15x1024)
[2026-05-15 13:00:30] [INFO]       SKIP r070611_021417.rf.pcm: too small (15x1024)
[2026-05-15 13:00:30] [INFO]       SKIP r070611_022257.rf.pcm: too small (15x1024)
[2026-05-15 13:00:30] [INFO]       SKIP r070611_023137.rf.pcm: too small (15x1024)
[2026-05-15 13:00:30] [INFO]       OK   r070606_031108.rf.pcm: sb0:10al
[2026-05-15 13:00:30] [INFO]       OK   r070617_194549.rf.pcm: sb0:202al
[2026-05-15 13:00:31] [INFO]       OK   r070617_211534.rf.pcm: sb0:51al
[2026-05-15 13:00:31] [INFO]       OK   r070605_025627.rf.pcm: sb0:3al
[2026-05-15 13:00:31] [INFO]       OK   r070618_002040.rf.pcm: sb0:127al
[2026-05-15 13:00:31] [INFO]       OK   r070617_234340.rf.pcm: sb0:267al
[2026-05-15 13:00:31] [INFO]       SKIP r070712_220818.rf.pcm: too small (10x1024)
[2026-05-15 13:00:31] [INFO]       OK   r070603_003159.rf.pcm: sb0:647al
[2026-05-15 13:00:31] [INFO]       OK   r070602_232426.rf.pcm: sb0:12al
[2026-05-15 13:00:31] [INFO]       OK   r070603_232127.rf.pcm: sb0:8al
[2026-05-15 13:00:31] [INFO]       OK   r070625_015407.rf.pcm: sb0:316al
[2026-05-15 13:00:31] [INFO]       OK   r070615_232954.rf.pcm: sb0:507al
[2026-05-15 13:00:31] [INFO]       OK   r070716_193020.rf.pcm: sb0:251al
[2026-05-15 13:00:31] [INFO]       OK   r070605_002546.rf.pcm: sb0:738al
[2026-05-15 13:00:31] [INFO]       OK   r070602_221658.rf.pcm: sb0:1196al
[2026-05-15 13:00:32] [INFO]       OK   r070729_213900.rf.pcm: sb0:535al
[2026-05-15 13:00:32] [INFO]       OK   r070725_195338.rf.pcm: sb0:645al
[2026-05-15 13:00:32] [INFO]       OK   r070910_141259.rf.pcm: sb0:44al
[2026-05-15 13:00:32] [INFO]       OK   r070724_195852.rf.pcm: sb0:716al
[2026-05-15 13:00:33] [INFO]       OK   r070827_222728.rf.pcm: sb0:663al
[2026-05-15 13:00:33] [INFO]       OK   r070813_182450.rf.pcm: sb0:346al
[2026-05-15 13:00:33] [INFO]       OK   r070728_211238.rf.pcm: sb0:752al
[2026-05-15 13:00:33] [INFO]       OK   r070716_195854.rf.pcm: sb0:751al
[2026-05-15 13:00:33] [INFO]       OK   r070813_223737.rf.pcm: sb0:774al
[2026-05-15 13:00:34] [INFO]       OK   r070914_181650.rf.pcm: sb0:6al
[2026-05-15 13:00:34] [INFO]       OK   r070916_225349.rf.pcm: sb0:187al
[2026-05-15 13:00:34] [INFO]       OK   r070910_202248.rf.pcm: sb0:761al
[2026-05-15 13:00:34] [INFO]       OK   r070912_174210.rf.pcm: sb0:789al
[2026-05-15 13:00:34] [INFO]       OK   r070913_220920.rf.pcm: sb0:712al
[2026-05-15 13:00:34] [INFO]       OK   r070914_170628.rf.pcm: sb0:739al
[2026-05-15 13:00:34] [INFO]       OK   r070914_155620.rf.pcm: sb0:712al
[2026-05-15 13:00:34] [INFO]       OK   r070912_185208.rf.pcm: sb0:916al
[2026-05-15 13:00:34] [INFO]       SKIP r071004_185658.rf.pcm: too small (12x1024)
[2026-05-15 13:00:34] [INFO]       SKIP r071005_185237.rf.pcm: too small (12x1024)
[2026-05-15 13:00:34] [INFO]       OK   r070913_210200.rf.pcm: sb0:739al
[2026-05-15 13:00:35] [INFO]       OK   r071001_172838.rf.pcm: sb0:634al
[2026-05-15 13:00:35] [INFO]       OK   r071002_153103.rf.pcm: sb0:723al
[2026-05-15 13:00:36] [INFO]       OK   r071002_183900.rf.pcm: sb0:705al
[2026-05-15 13:00:36] [INFO]       OK   r071008_143319.rf.pcm: sb0:15al
[2026-05-15 13:00:37] [INFO]       OK   r071003_141909.rf.pcm: sb0:18al
[2026-05-15 13:00:37] [INFO]       OK   r071003_162941.rf.pcm: sb0:689al
[2026-05-15 13:00:37] [INFO]       OK   r071008_171257.rf.pcm: sb0:712al
[2026-05-15 13:00:37] [INFO]       OK   r071003_152413.rf.pcm: sb0:669al
[2026-05-15 13:00:37] [INFO]       OK   r071008_132519.rf.pcm: sb0:746al
[2026-05-15 13:00:37] [INFO]       OK   r071008_182107.rf.pcm: sb0:675al
[2026-05-15 13:00:37] [INFO]       OK   r071009_132409.rf.pcm: sb0:675al
[2026-05-15 13:00:37] [INFO]       OK   r071107_161614.rf.pcm: sb0:11al
[2026-05-15 13:00:37] [INFO]       OK   r071010_123847.rf.pcm: sb0:644al
[2026-05-15 13:00:37] [INFO]       OK   r071013_175120.rf.pcm: sb0:5al
[2026-05-15 13:00:37] [INFO]       OK   r071012_175119.rf.pcm: sb0:669al
[2026-05-15 13:00:37] [INFO]       OK   r071108_203551.rf.pcm: sb0:74al
[2026-05-15 13:00:37] [INFO]       OK   r071106_194303.rf.pcm: sb0:15al
[2026-05-15 13:00:38] [INFO]       OK   r071014_170649.rf.pcm: sb0:816al
[2026-05-15 13:00:38] [INFO]       OK   r071108_102937.rf.pcm: sb0:796al
[2026-05-15 13:00:38] [INFO]       SKIP r071218_130108.rf.pcm: too small (11x1024)
[2026-05-15 13:00:38] [INFO]       OK   r071202_134247.rf.pcm: sb0:7al
[2026-05-15 13:00:38] [INFO]       OK   r071108_142319.rf.pcm: sb0:771al
[2026-05-15 13:00:38] [INFO]       OK   r071108_192729.rf.pcm: sb0:694al
[2026-05-15 13:00:38] [INFO]       OK   r071203_123846.rf.pcm: sb0:810al
[2026-05-15 13:00:38] [INFO]       OK   r071217_093358.rf.pcm: sb0:720al
[2026-05-15 13:00:38] [INFO]       OK   r071218_131749.rf.pcm: sb0:23al
[2026-05-15 13:00:38] [INFO]       OK   r071204_135438.rf.pcm: sb0:713al
[2026-05-15 13:00:38] [INFO]       OK   r071217_131918.rf.pcm: sb0:625al
[2026-05-15 13:00:38] [INFO]       OK   r071219_134817.rf.pcm: sb0:139al
[2026-05-15 13:00:39] [INFO]       OK   r071219_075419.rf.pcm: sb0:820al
[2026-05-15 13:00:39] [INFO]       OK   r071219_090139.rf.pcm: sb0:720al
[2026-05-15 13:00:39] [INFO]       OK   r071219_100929.rf.pcm: sb0:694al
[2026-05-15 13:00:39] [INFO]       OK   r071219_112757.rf.pcm: sb0:716al
[2026-05-15 13:00:39] [INFO]       OK   r071219_124027.rf.pcm: sb0:754al
[2026-05-15 13:00:39] [INFO]       OK   r071219_153121.rf.pcm: sb0:720al
[2026-05-15 13:00:39] [INFO]       OK   r071220_083159.rf.pcm: sb0:647al
[2026-05-15 13:00:39] [INFO]       OK   r071219_164129.rf.pcm: sb0:674al
[2026-05-15 13:00:39] [INFO]       OK   r071220_094508.rf.pcm: sb0:642al
[2026-05-15 13:00:40] [INFO]       OK   r071220_105026.rf.pcm: sb0:701al
[2026-05-15 13:00:40] [INFO]       OK   r071220_115409.rf.pcm: sb0:682al
[2026-05-15 13:00:40] [INFO]       OK   r071220_173540.rf.pcm: sb0:290al
[2026-05-15 13:00:40] [INFO]       OK   r071220_125749.rf.pcm: sb0:692al
[2026-05-15 13:00:40] [INFO]       OK   r071220_151558.rf.pcm: sb0:673al
[2026-05-15 13:00:40] [INFO]       OK   r071222_082749.rf.pcm: sb0:652al
[2026-05-15 13:00:40] [INFO]       OK   r071222_093129.rf.pcm: sb0:659al
[2026-05-15 13:00:40] [INFO]       OK   r071222_103508.rf.pcm: sb0:637al
[2026-05-15 13:00:40] [INFO]       OK   r071222_113837.rf.pcm: sb0:748al
[2026-05-15 13:00:41] [INFO]       OK   r071222_124219.rf.pcm: sb0:647al
[2026-05-15 13:00:41] [INFO]       OK   r071222_134557.rf.pcm: sb0:639al
[2026-05-15 13:00:41] [INFO]       OK   r071222_160019.rf.pcm: sb0:688al
[2026-05-15 13:00:41] [INFO]       OK   r071222_170351.rf.pcm: sb0:577al
[2026-05-15 13:00:41] [INFO]       OK   r071223_082018.rf.pcm: sb0:657al
[2026-05-15 13:00:41] [INFO]       OK   r071223_092359.rf.pcm: sb0:639al
[2026-05-15 13:00:41] [INFO]       OK   r071223_102737.rf.pcm: sb0:661al
[2026-05-15 13:00:41] [INFO]       OK   r071223_113057.rf.pcm: sb0:647al
[2026-05-15 13:00:41] [INFO]       OK   r071223_123448.rf.pcm: sb0:675al
[2026-05-15 13:00:41] [INFO]       OK   r071223_133816.rf.pcm: sb0:660al
[2026-05-15 13:00:41] [INFO]       OK   r071223_165611.rf.pcm: sb0:626al
[2026-05-15 13:00:41] [INFO]       OK   r071223_155249.rf.pcm: sb0:701al
[2026-05-15 13:00:42] [INFO]       OK   r071224_103017.rf.pcm: sb0:13al
[2026-05-15 13:00:42] [INFO]       OK   r071224_082318.rf.pcm: sb0:691al
[2026-05-15 13:00:42] [INFO]       OK   r071224_092638.rf.pcm: sb0:594al
[2026-05-15 13:00:42] [INFO]       OK   r071224_155631.rf.pcm: sb0:15al
[2026-05-15 13:00:42] [INFO]       OK   r071224_113339.rf.pcm: sb0:719al
[2026-05-15 13:00:42] [INFO]       OK   r071224_170010.rf.pcm: sb0:499al
[2026-05-15 13:00:42] [INFO]       OK   r071225_081329.rf.pcm: sb0:361al
[2026-05-15 13:00:42] [INFO]       OK   r071224_123829.rf.pcm: sb0:679al
[2026-05-15 13:00:42] [INFO]       OK   r071225_090919.rf.pcm: sb0:19al
[2026-05-15 13:00:42] [INFO]       OK   r071224_134206.rf.pcm: sb0:655al
[2026-05-15 13:00:42] [INFO]       OK   r071225_101257.rf.pcm: sb0:419al
[2026-05-15 13:00:43] [INFO]       OK   r071225_111359.rf.pcm: sb0:551al
[2026-05-15 13:00:43] [INFO]       OK   r080101_083548.rf.pcm: sb0:15al
[2026-05-15 13:00:44] [INFO]       OK   r071230_095438.rf.pcm: sb0:747al
[2026-05-15 13:00:44] [INFO]       OK   r080123_103609.rf.pcm: sb0:728al
[2026-05-15 13:00:44] [INFO]       OK   r080101_121459.rf.pcm: sb0:711al
[2026-05-15 13:00:44] [INFO]       OK   r080122_084232.rf.pcm: sb0:732al
[2026-05-15 13:00:44] [INFO]       OK   r080121_092947.rf.pcm: sb0:628al
[2026-05-15 13:00:44] [INFO]       OK   r071231_082628.rf.pcm: sb0:658al
[2026-05-15 13:00:44] [INFO]       OK   r071231_121949.rf.pcm: sb0:747al
[2026-05-15 13:00:44] [INFO]       OK   r080222_064007.rf.pcm: sb0:8al
[2026-05-15 13:00:45] [INFO]       OK   r080124_071214.rf.pcm: sb0:790al
[2026-05-15 13:00:45] [INFO]       SKIP r080222_095338.rf.pcm: too small (11x1024)
[2026-05-15 13:00:45] [INFO]       OK   r080210_104058.rf.pcm: sb0:629al
[2026-05-15 13:00:45] [INFO]       OK   r080222_042249.rf.pcm: sb0:641al
[2026-05-15 13:00:45] [INFO]       OK   r080222_053610.rf.pcm: sb0:673al
[2026-05-15 13:00:45] [INFO]       OK   r080212_093315.rf.pcm: sb0:678al
[2026-05-15 13:00:45] [INFO]       OK   r080211_092814.rf.pcm: sb0:759al
[2026-05-15 13:00:45] [INFO]       OK   r080222_074517.rf.pcm: sb0:926al
[2026-05-15 13:00:45] [INFO]       OK   r080222_085015.rf.pcm: sb0:569al
[2026-05-15 13:00:45] [INFO]       OK   r080223_072747.rf.pcm: sb0:8al
[2026-05-15 13:00:46] [INFO]       OK   r080222_101430.rf.pcm: sb0:637al
[2026-05-15 13:00:46] [INFO]       OK   r080222_111750.rf.pcm: sb0:637al
[2026-05-15 13:00:46] [INFO]       OK   r080222_122108.rf.pcm: sb0:596al
[2026-05-15 13:00:46] [INFO]       OK   r080223_062059.rf.pcm: sb0:688al
[2026-05-15 13:00:46] [INFO]       OK   r080223_083438.rf.pcm: sb0:672al
[2026-05-15 13:00:46] [INFO]       OK   r080223_094128.rf.pcm: sb0:812al
[2026-05-15 13:00:46] [INFO]       OK   r080224_073858.rf.pcm: sb0:20al
[2026-05-15 13:00:46] [INFO]       OK   r080223_104810.rf.pcm: sb0:765al
[2026-05-15 13:00:47] [INFO]       OK   r080224_041849.rf.pcm: sb0:619al
[2026-05-15 13:00:47] [INFO]       OK   r080224_052538.rf.pcm: sb0:583al
[2026-05-15 13:00:47] [INFO]       OK   r080224_063219.rf.pcm: sb0:626al
[2026-05-15 13:00:47] [INFO]       OK   r080224_090822.rf.pcm: sb0:777al
[2026-05-15 13:00:47] [INFO]       OK   r080224_101927.rf.pcm: sb0:728al
[2026-05-15 13:00:47] [INFO]       OK   r080224_112608.rf.pcm: sb0:594al
[2026-05-15 13:00:47] [INFO]       OK   r080224_123248.rf.pcm: sb0:487al
[2026-05-15 13:00:48] [INFO]       OK   r080225_062620.rf.pcm: sb0:558al
[2026-05-15 13:00:48] [INFO]       OK   r080225_130710.rf.pcm: sb0:6al
[2026-05-15 13:00:48] [INFO]       OK   r080225_073318.rf.pcm: sb0:720al
[2026-05-15 13:00:48] [INFO]       OK   r080225_084008.rf.pcm: sb0:708al
[2026-05-15 13:00:48] [INFO]       OK   r080225_094658.rf.pcm: sb0:631al
[2026-05-15 13:00:48] [INFO]       OK   r080225_051910.rf.pcm: sb0:673al
[2026-05-15 13:00:48] [INFO]       SKIP r080226_112230.rf.pcm: too small (10x1024)
[2026-05-15 13:00:48] [INFO]       OK   r080225_105349.rf.pcm: sb0:721al
[2026-05-15 13:00:48] [INFO]       OK   r080225_120028.rf.pcm: sb0:694al
[2026-05-15 13:00:49] [INFO]       OK   r080226_075512.rf.pcm: sb0:7al
[2026-05-15 13:00:50] [INFO]       OK   r080227_040115.rf.pcm: sb0:513al
[2026-05-15 13:00:50] [INFO]       SKIP r080227_091917.rf.pcm: too small (11x1024)
[2026-05-15 13:00:51] [INFO]       OK   r080227_063433.rf.pcm: sb0:359al
[2026-05-15 13:00:51] [INFO]       OK   r080226_090552.rf.pcm: sb0:736al
[2026-05-15 13:00:51] [INFO]       OK   r080226_101422.rf.pcm: sb0:686al
[2026-05-15 13:00:51] [INFO]       OK   r080227_052233.rf.pcm: sb0:778al
[2026-05-15 13:00:51] [INFO]       OK   r080226_064132.rf.pcm: sb0:721al
[2026-05-15 13:00:51] [INFO]       OK   r080226_051254.rf.pcm: sb0:711al
[2026-05-15 13:00:51] [INFO]       OK   r080226_113657.rf.pcm: sb0:765al
[2026-05-15 13:00:51] [INFO]       OK   r080228_042027.rf.pcm: sb0:599al
[2026-05-15 13:00:51] [INFO]       SKIP r080229_085808.rf.pcm: too small (11x1024)
[2026-05-15 13:00:51] [INFO]       OK   r080228_052910.rf.pcm: sb0:482al
[2026-05-15 13:00:51] [INFO]       OK   r080228_074548.rf.pcm: sb0:467al
[2026-05-15 13:00:51] [INFO]       OK   r080228_063728.rf.pcm: sb0:584al
[2026-05-15 13:00:51] [INFO]       OK   r080229_063410.rf.pcm: sb0:346al
[2026-05-15 13:00:51] [INFO]       SKIP r080319_055117.rf.pcm: too small (15x1024)
[2026-05-15 13:00:51] [INFO]       OK   r080229_052208.rf.pcm: sb0:406al
[2026-05-15 13:00:51] [INFO]       OK   r080229_041008.rf.pcm: sb0:497al
[2026-05-15 13:00:52] [INFO]       OK   r080229_074608.rf.pcm: sb0:493al
[2026-05-15 13:00:52] [INFO]       OK   r080301_074450.rf.pcm: sb0:473al
[2026-05-15 13:00:53] [INFO]       OK   r080319_063458.rf.pcm: sb0:529al
[2026-05-15 13:00:53] [INFO]       OK   r080303_060537.rf.pcm: sb0:392al
[2026-05-15 13:00:53] [INFO]       OK   r080321_053648.rf.pcm: sb0:498al
[2026-05-15 13:00:53] [INFO]       OK   r080303_095841.rf.pcm: sb0:562al
[2026-05-15 13:00:53] [INFO]       OK   r080324_020133.rf.pcm: sb0:798al
[2026-05-15 13:00:53] [INFO]       OK   r080302_040930.rf.pcm: sb0:735al
[2026-05-15 13:00:53] [INFO]       OK   r080322_064214.rf.pcm: sb0:729al
[2026-05-15 13:00:53] [INFO]       OK   r080320_074215.rf.pcm: sb0:744al
[2026-05-15 13:00:53] [INFO]       OK   r080501_055352.rf.pcm: sb0:73al
[2026-05-15 13:00:53] [INFO]       OK   r080408_014828.rf.pcm: sb0:570al
[2026-05-15 13:00:53] [INFO]       SKIP r080503_025220.rf.pcm: too small (13x1024)
[2026-05-15 13:00:53] [INFO]       OK   r080407_020538.rf.pcm: sb0:413al
[2026-05-15 13:00:53] [INFO]       OK   r080412_023928.rf.pcm: sb0:470al
[2026-05-15 13:00:53] [INFO]       OK   r080413_024940.rf.pcm: sb0:477al
[2026-05-15 13:00:53] [INFO]       OK   r080501_062240.rf.pcm: sb0:176al
[2026-05-15 13:00:54] [INFO]       OK   r080414_050314.rf.pcm: sb0:500al
[2026-05-15 13:00:54] [INFO]       OK   r080503_031536.rf.pcm: sb0:3al
[2026-05-15 13:00:54] [INFO]       OK   r080414_035403.rf.pcm: sb0:698al
[2026-05-15 13:00:54] [INFO]       OK   r080505_061448.rf.pcm: sb0:309al
[2026-05-15 13:00:54] [INFO]       OK   r080502_050131.rf.pcm: sb0:591al
[2026-05-15 13:00:55] [INFO]       OK   r080512_041954.rf.pcm: sb0:134al
[2026-05-15 13:00:55] [INFO]       OK   r080512_022154.rf.pcm: sb0:444al
[2026-05-15 13:00:55] [INFO]       OK   r080512_011235.rf.pcm: sb0:694al
[2026-05-15 13:00:55] [INFO]       OK   r080512_000316.rf.pcm: sb0:698al
[2026-05-15 13:00:55] [INFO]       OK   r080512_031058.rf.pcm: sb0:758al
[2026-05-15 13:00:55] [INFO]       OK   r080512_044254.rf.pcm: sb0:8al
[2026-05-15 13:00:55] [INFO]       OK   r080512_055214.rf.pcm: sb0:780al
[2026-05-15 13:00:56] [INFO]       OK   r080513_032255.rf.pcm: sb0:774al
[2026-05-15 13:00:56] [INFO]       OK   r080513_021335.rf.pcm: sb0:716al
[2026-05-15 13:00:56] [INFO]       OK   r080513_043214.rf.pcm: sb0:813al
[2026-05-15 13:00:56] [INFO]       OK   r080513_220755.rf.pcm: sb0:344al
[2026-05-15 13:00:56] [INFO]       OK   r080513_054134.rf.pcm: sb0:682al
[2026-05-15 13:00:56] [INFO]       OK   r080514_063814.rf.pcm: sb0:154al
[2026-05-15 13:00:56] [INFO]       OK   r080513_233014.rf.pcm: sb0:728al
[2026-05-15 13:00:56] [INFO]       OK   r080514_003934.rf.pcm: sb0:701al
[2026-05-15 13:00:56] [INFO]       OK   r080515_063214.rf.pcm: sb0:9al
[2026-05-15 13:00:56] [INFO]       OK   r080514_014855.rf.pcm: sb0:760al
[2026-05-15 13:00:57] [INFO]       OK   r080515_041335.rf.pcm: sb0:13al
[2026-05-15 13:00:57] [INFO]       OK   r080514_025814.rf.pcm: sb0:713al
[2026-05-15 13:00:57] [INFO]       OK   r080514_052857.rf.pcm: sb0:705al
[2026-05-15 13:00:57] [INFO]       OK   r080514_040715.rf.pcm: sb0:688al
[2026-05-15 13:00:57] [INFO]       OK   r080515_030415.rf.pcm: sb0:772al
[2026-05-15 13:00:57] [INFO]       OK   r080515_052254.rf.pcm: sb0:704al
[2026-05-15 13:00:57] [INFO]       OK   r080516_045414.rf.pcm: sb0:6al
[2026-05-15 13:00:57] [INFO]       OK   r080516_052934.rf.pcm: sb0:4al
[2026-05-15 13:00:57] [INFO]       OK   r080515_215854.rf.pcm: sb0:710al
[2026-05-15 13:00:57] [INFO]       OK   r080515_230814.rf.pcm: sb0:699al
[2026-05-15 13:00:58] [INFO]       OK   r080516_012654.rf.pcm: sb0:659al
[2026-05-15 13:00:58] [INFO]       OK   r080516_001735.rf.pcm: sb0:687al
[2026-05-15 13:00:58] [INFO]       OK   r080516_023615.rf.pcm: sb0:694al
[2026-05-15 13:00:58] [INFO]       OK   r080516_034514.rf.pcm: sb0:730al
[2026-05-15 13:00:58] [INFO]       OK   r080516_055454.rf.pcm: sb0:753al
[2026-05-15 13:00:58] [INFO]       OK   r080516_222854.rf.pcm: sb0:730al
[2026-05-15 13:00:58] [INFO]       OK   r080517_015614.rf.pcm: sb0:11al
[2026-05-15 13:00:58] [INFO]       OK   r080516_233756.rf.pcm: sb0:738al
[2026-05-15 13:00:58] [INFO]       OK   r080517_004655.rf.pcm: sb0:711al
[2026-05-15 13:00:58] [INFO]       OK   r080518_011955.rf.pcm: sb0:6al
[2026-05-15 13:00:58] [INFO]       OK   r080517_030515.rf.pcm: sb0:756al
[2026-05-15 13:00:59] [INFO]       OK   r080517_063315.rf.pcm: sb0:282al
[2026-05-15 13:00:59] [INFO]       OK   r080517_041415.rf.pcm: sb0:725al
[2026-05-15 13:00:59] [INFO]       OK   r080517_052334.rf.pcm: sb0:759al
[2026-05-15 13:00:59] [INFO]       OK   r080517_215155.rf.pcm: sb0:765al
[2026-05-15 13:00:59] [INFO]       OK   r080517_230114.rf.pcm: sb0:689al
[2026-05-15 13:00:59] [INFO]       OK   r080518_062214.rf.pcm: sb0:359al
[2026-05-15 13:00:59] [INFO]       OK   r080518_001034.rf.pcm: sb0:729al
[2026-05-15 13:00:59] [INFO]       OK   r080518_025214.rf.pcm: sb0:686al
[2026-05-15 13:00:59] [INFO]       OK   r080518_051055.rf.pcm: sb0:603al
[2026-05-15 13:00:59] [INFO]       OK   r080518_040134.rf.pcm: sb0:751al
[2026-05-15 13:01:00] [INFO]       OK   r080518_225835.rf.pcm: sb0:749al
[2026-05-15 13:01:00] [INFO]       OK   r080519_024630.rf.pcm: sb0:15al
[2026-05-15 13:01:00] [INFO]       OK   r080519_061219.rf.pcm: sb0:8al
[2026-05-15 13:01:00] [INFO]       OK   r080519_000754.rf.pcm: sb0:649al
[2026-05-15 13:01:00] [INFO]       OK   r080519_035510.rf.pcm: sb0:678al
[2026-05-15 13:01:00] [INFO]       OK   r080519_050349.rf.pcm: sb0:475al
[2026-05-15 13:01:00] [INFO]       OK   r080519_011714.rf.pcm: sb0:751al
[2026-05-15 13:01:00] [INFO]       OK   r080524_035309.rf.pcm: sb0:555al
[2026-05-15 13:01:00] [INFO]       OK   r080614_060150.rf.pcm: sb0:59al
[2026-05-15 13:01:00] [INFO]       OK   r080616_203640.rf.pcm: sb0:96al
[2026-05-15 13:01:01] [INFO]       OK   r080525_012555.rf.pcm: sb0:772al
[2026-05-15 13:01:01] [INFO]       OK   r080524_064353.rf.pcm: sb0:626al
[2026-05-15 13:01:01] [INFO]       OK   r080613_230840.rf.pcm: sb0:537al
[2026-05-15 13:01:01] [INFO]       OK   r080525_023915.rf.pcm: sb0:726al
[2026-05-15 13:01:01] [INFO]       OK   r080525_224707.rf.pcm: sb0:690al
[2026-05-15 13:01:01] [INFO]       OK   r080626_235051.rf.pcm: sb0:25al
[2026-05-15 13:01:01] [INFO]       OK   r080625_201310.rf.pcm: sb0:509al
[2026-05-15 13:01:01] [INFO]       OK   r080615_000935.rf.pcm: sb0:845al
[2026-05-15 13:01:01] [INFO]       OK   r080627_035155.rf.pcm: sb0:569al
[2026-05-15 13:01:01] [INFO]       OK   r090220_090807.rf.pcm: sb0:11al
[2026-05-15 13:01:02] [INFO]       OK   r090220_072449.rf.pcm: sb0:713al
[2026-05-15 13:01:02] [INFO]       OK   r080627_234615.rf.pcm: sb0:713al
[2026-05-15 13:01:02] [INFO]       SKIP r090520_075533.rf.pcm: too small (14x1024)
[2026-05-15 13:01:02] [INFO]       OK   r090222_065349.rf.pcm: sb0:561al
[2026-05-15 13:01:02] [INFO]       OK   r090315_070620.rf.pcm: sb0:518al
[2026-05-15 13:01:02] [INFO]       SKIP r090603_232300.rf.pcm: too small (10x512)
[2026-05-15 13:01:02] [INFO]       OK   r090221_064414.rf.pcm: sb0:723al
[2026-05-15 13:01:02] [INFO]       OK   r090222_052755.rf.pcm: sb0:788al
[2026-05-15 13:01:03] [INFO]       OK   r090521_042440.rf.pcm: sb0:19al
[2026-05-15 13:01:03] [INFO]       OK   r090606_231009.rf.pcm: sb0:98al
[2026-05-15 13:01:03] [INFO]       OK   r090522_212709.rf.pcm: sb0:242al
[2026-05-15 13:01:03] [INFO]       OK   r090609_213100.rf.pcm: sb0:282al
[2026-05-15 13:01:03] [INFO]       OK   r090317_065819.rf.pcm: sb0:507al
[2026-05-15 13:01:03] [INFO]       OK   r090317_081359.rf.pcm: sb0:546al
[2026-05-15 13:01:03] [INFO]       OK   r090316_070555.rf.pcm: sb0:745al
[2026-05-15 13:01:04] [INFO]       OK   r090701_202641.rf.pcm: sb0:587al
[2026-05-15 13:01:04] [INFO]       OK   r090724_225220.rf.pcm: sb0:530al
[2026-05-15 13:01:04] [INFO]       OK   r090725_200719.rf.pcm: sb0:477al
[2026-05-15 13:01:04] [INFO]       OK   r090725_212353.rf.pcm: sb0:454al
[2026-05-15 13:01:04] [INFO]       SKIP r090831_203031.rf.pcm: too small (15x1024)
[2026-05-15 13:01:04] [INFO]       SKIP r090831_222014.rf.pcm: too small (15x1024)
[2026-05-15 13:01:04] [INFO]       OK   r090831_184714.rf.pcm: sb0:6al
[2026-05-15 13:01:04] [INFO]       SKIP r090901_004459.rf.pcm: too small (15x1024)
[2026-05-15 13:01:04] [INFO]       OK   r090829_184140.rf.pcm: sb0:559al
[2026-05-15 13:01:04] [INFO]       OK   r090729_214748.rf.pcm: sb0:706al
[2026-05-15 13:01:04] [INFO]       OK   r090831_224114.rf.pcm: sb0:317al
[2026-05-15 13:01:04] [INFO]       OK   r090729_203600.rf.pcm: sb0:665al
[2026-05-15 13:01:04] [INFO]       OK   r090812_192159.rf.pcm: sb0:683al
[2026-05-15 13:01:04] [INFO]       OK   r090830_201254.rf.pcm: sb0:617al
[2026-05-15 13:01:05] [INFO]       OK   r090831_154154.rf.pcm: sb0:687al
[2026-05-15 13:01:05] [INFO]       OK   r090921_170311.rf.pcm: sb0:466al
[2026-05-15 13:01:05] [INFO]       OK   r091029_195927.rf.pcm: sb0:3al
[2026-05-15 13:01:05] [INFO]       OK   r091011_195846.rf.pcm: sb0:115al
[2026-05-15 13:01:05] [INFO]       OK   r091011_152509.rf.pcm: sb0:469al
[2026-05-15 13:01:05] [INFO]       OK   r090922_174100.rf.pcm: sb0:688al
[2026-05-15 13:01:05] [INFO]       OK   r091012_190437.rf.pcm: sb0:654al
[2026-05-15 13:01:05] [INFO]       OK   r091108_143615.rf.pcm: sb0:482al
[2026-05-15 13:01:05] [INFO]       OK   r091013_164548.rf.pcm: sb0:692al
[2026-05-15 13:01:05] [INFO]       OK   r091112_104420.rf.pcm: sb0:10al
[2026-05-15 13:01:06] [INFO]       OK   r091112_144054.rf.pcm: sb0:511al
[2026-05-15 13:01:06] [INFO]       OK   r091110_122959.rf.pcm: sb0:726al
[2026-05-15 13:01:06] [INFO]       OK   r091111_122458.rf.pcm: sb0:747al
[2026-05-15 13:01:06] [INFO]       OK   r091112_160204.rf.pcm: sb0:471al
[2026-05-15 13:01:06] [INFO]       OK   r091127_141218.rf.pcm: sb0:672al
[2026-05-15 13:01:06] [INFO]       OK   r091128_102715.rf.pcm: sb0:662al
[2026-05-15 13:01:06] [INFO]       OK   r091129_091743.rf.pcm: sb0:535al
[2026-05-15 13:01:06] [INFO]       OK   r091129_124243.rf.pcm: sb0:455al
[2026-05-15 13:01:06] [INFO]       OK   r091129_113210.rf.pcm: sb0:517al
[2026-05-15 13:01:06] [INFO]       OK   r091129_102259.rf.pcm: sb0:765al
[2026-05-15 13:01:06] [INFO]       OK   r091128_140958.rf.pcm: sb0:753al
[2026-05-15 13:01:06] [INFO]       OK   r091129_134741.rf.pcm: sb0:739al
[2026-05-15 13:01:06] [INFO]       OK   r091129_174157.rf.pcm: sb0:477al
[2026-05-15 13:01:06] [INFO]       SKIP r100131_073942.rf.pcm: too small (15x1024)
[2026-05-15 13:01:07] [INFO]       OK   r091215_122240.rf.pcm: sb0:531al
[2026-05-15 13:01:07] [INFO]       OK   r100108_074110.rf.pcm: sb0:482al
[2026-05-15 13:01:07] [INFO]       OK   r100109_065443.rf.pcm: sb0:15al
[2026-05-15 13:01:07] [INFO]       OK   r100107_094416.rf.pcm: sb0:12al
[2026-05-15 13:01:07] [INFO]       OK   r100106_105321.rf.pcm: sb0:510al
[2026-05-15 13:01:07] [INFO]       OK   r100203_060821.rf.pcm: sb0:267al
[2026-05-15 13:01:07] [INFO]       OK   r100108_093600.rf.pcm: sb0:561al
[2026-05-15 13:01:07] [INFO]       OK   r091216_132554.rf.pcm: sb0:683al
[2026-05-15 13:01:07] [INFO]       SKIP r100315_043936.rf.pcm: too small (15x1024)
[2026-05-15 13:01:07] [INFO]       OK   r100201_094502.rf.pcm: sb0:561al
[2026-05-15 13:01:07] [INFO]       OK   r100204_090716.rf.pcm: sb0:16al
[2026-05-15 13:01:08] [INFO]       OK   r100220_090740.rf.pcm: sb0:486al
[2026-05-15 13:01:08] [INFO]       OK   r100316_052826.rf.pcm: sb0:4al
[2026-05-15 13:01:08] [INFO]       OK   r100222_034331.rf.pcm: sb0:554al
[2026-05-15 13:01:08] [INFO]       OK   r100314_050757.rf.pcm: sb0:610al
[2026-05-15 13:01:08] [INFO]       OK   r100423_065754.rf.pcm: sb0:231al
[2026-05-15 13:01:08] [INFO]       OK   r100314_075759.rf.pcm: sb0:651al
[2026-05-15 13:01:08] [INFO]       OK   r100221_120935.rf.pcm: sb0:732al
[2026-05-15 13:01:08] [INFO]       OK   r100504_044147.rf.pcm: sb0:125al
[2026-05-15 13:01:08] [INFO]       OK   r100315_051843.rf.pcm: sb0:697al
[2026-05-15 13:01:08] [INFO]       OK   r2006-10-03-19:39:13.rf.pcm: sb0:5al
[2026-05-15 13:01:08] [INFO]       OK   r2006-10-03-18:30:21.rf.pcm: sb0:129al
[2026-05-15 13:01:08] [INFO]       OK   r2006-10-03-19:59:41.rf.pcm: sb0:2al
[2026-05-15 13:01:08] [INFO]       OK   r100317_023937.rf.pcm: sb0:557al
[2026-05-15 13:01:08] [INFO]       OK   r2006-10-03-21:01:03.rf.pcm: sb0:15al
[2026-05-15 13:01:08] [INFO]       OK   r2006-10-03-20:14:32.rf.pcm: sb0:49al
[2026-05-15 13:01:08] [INFO]       OK   r2006-10-04-12:45:45.rf.pcm: sb0:53al
[2026-05-15 13:01:08] [INFO]       OK   r2006-10-04-17:03:11.rf.pcm: sb0:10al
[2026-05-15 13:01:08] [INFO]       OK   r2006-10-04-13:46:16.rf.pcm: sb0:6al
[2026-05-15 13:01:08] [INFO]       OK   r2006-10-04-15:23:25.rf.pcm: sb0:72al
[2026-05-15 13:01:08] [INFO]       OK   r2006-10-05-14:52:30.rf.pcm: sb0:7al
[2026-05-15 13:01:08] [INFO]       OK   r2006-10-05-13:37:00.rf.pcm: sb0:79al
[2026-05-15 13:01:08] [INFO]       SKIP s080220_083305.rf.pcm: too small (10x1024)
[2026-05-15 13:01:08] [INFO]       SKIP s080220_084459.rf.pcm: too small (10x1024)
[2026-05-15 13:01:08] [INFO]       SKIP s080220_091857.rf.pcm: too small (12x1024)
[2026-05-15 13:01:08] [INFO]       OK   r2006-10-05-16:29:31.rf.pcm: sb0:74al
[2026-05-15 13:01:08] [INFO]       SKIP s080221_063644.rf.pcm: too small (10x1024)
[2026-05-15 13:01:08] [INFO]       OK   r2006-10-05-17:37:51.rf.pcm: sb0:88al
[2026-05-15 13:01:08] [INFO]       OK   r100510_064233.rf.pcm: sb0:544al
[2026-05-15 13:01:08] [INFO]       OK   r100510_232705.rf.pcm: sb0:552al
[2026-05-15 13:01:09] [INFO]       OK   r100503_075556.rf.pcm: sb0:695al
[2026-05-15 13:01:09] [INFO]       SKIP s080226_075717.rf.pcm: too small (12x2048)
[2026-05-15 13:01:09] [INFO]       OK   r100511_235318.rf.pcm: sb0:760al
[2026-05-15 13:01:09] [INFO]       OK   r100512_034256.rf.pcm: sb0:738al
[2026-05-15 13:01:09] [INFO]       OK   s080220_125939.rf.pcm: sb0:432al
[2026-05-15 13:01:09] [INFO]       OK   s080224_065349.rf.pcm: sb0:856al
[2026-05-15 13:01:09] [INFO]       OK   s080301_074520.rf.pcm: sb0:1al
[2026-05-15 13:01:09] [INFO]       OK   s080301_080453.rf.pcm: sb0:106al
[2026-05-15 13:01:10] [INFO]       OK   s080226_092958.rf.pcm: sb0:4al
[2026-05-15 13:01:10] [INFO]       SKIP s080319_055121.rf.pcm: too small (15x1024)
[2026-05-15 13:01:10] [INFO]       OK   s080303_050750.rf.pcm: sb0:36al
[2026-05-15 13:01:10] [INFO]       OK   s080226_064306.rf.pcm: sb0:715al
[2026-05-15 13:01:10] [INFO]       OK   s080224_080115.rf.pcm: sb0:1179al
[2026-05-15 13:01:10] [INFO]       OK   s080303_095902.rf.pcm: sb0:557al
[2026-05-15 13:01:10] [INFO]       SKIP s080412_012356.rf.pcm: too small (10x1024)
[2026-05-15 13:01:10] [INFO]       SKIP s080412_013641.rf.pcm: too small (10x1024)
[2026-05-15 13:01:10] [INFO]       SKIP s080414_060055.rf.pcm: too small (14x1024)
[2026-05-15 13:01:10] [INFO]       OK   s080319_062353.rf.pcm: sb0:543al
[2026-05-15 13:01:11] [INFO]       OK   s080224_112629.rf.pcm: sb0:1703al
[2026-05-15 13:01:11] [INFO]       OK   s080321_053650.rf.pcm: sb0:691al
[2026-05-15 13:01:11] [INFO]       OK   s080320_074215.rf.pcm: sb0:735al
[2026-05-15 13:01:11] [INFO]       OK   s080502_050130.rf.pcm: sb0:3al
[2026-05-15 13:01:11] [INFO]       OK   s080322_064215.rf.pcm: sb0:724al
[2026-05-15 13:01:11] [INFO]       SKIP s080525_221709.rf.pcm: too small (12x1024)
[2026-05-15 13:01:11] [INFO]       OK   s080503_031535.rf.pcm: sb0:36al
[2026-05-15 13:01:11] [INFO]       OK   s080226_101346.rf.pcm: sb0:1546al
[2026-05-15 13:01:11] [INFO]       OK   s080524_035310.rf.pcm: sb0:573al
[2026-05-15 13:01:11] [INFO]       OK   s080524_064355.rf.pcm: sb0:3al
[2026-05-15 13:01:11] [INFO]       OK   s080703_225121.rf.pcm: sb0:181al
[2026-05-15 13:01:11] [INFO]       OK   s080302_040958.rf.pcm: sb0:1531al
[2026-05-15 13:01:12] [INFO]       OK   s080525_012556.rf.pcm: sb0:792al
[2026-05-15 13:01:13] [INFO]       OK   s080525_023915.rf.pcm: sb0:714al
[2026-05-15 13:01:13] [INFO]       OK   s080525_224555.rf.pcm: sb0:739al
[2026-05-15 13:01:13] [INFO]       OK   s080704_010901.rf.pcm: sb0:751al
[2026-05-15 13:01:13] [INFO]       OK   s080615_000934.rf.pcm: sb0:839al
[2026-05-15 13:01:14] [INFO]       OK   s080704_024455.rf.pcm: sb0:991al
[2026-05-15 13:01:15] [INFO]       OK   s080704_034239.rf.pcm: sb0:1320al
[2026-05-15 13:01:15] [INFO]       OK   s080705_031639.rf.pcm: sb0:1539al
[2026-05-15 13:01:15] [INFO]       SKIP s080706_232535.rf.pcm: too small (10x2048)
[2026-05-15 13:01:15] [INFO]       SKIP s080707_032042.rf.pcm: too small (14x2048)
[2026-05-15 13:01:15] [INFO]       OK   s080705_213439.rf.pcm: sb0:1417al
[2026-05-15 13:01:16] [INFO]       OK   s080705_235448.rf.pcm: sb0:1299al
[2026-05-15 13:01:16] [INFO]       OK   s080706_042739.rf.pcm: sb0:608al
[2026-05-15 13:01:16] [INFO]       OK   s080706_010138.rf.pcm: sb0:1060al
[2026-05-15 13:01:16] [INFO]       OK   s080707_035044.rf.pcm: sb0:11al
[2026-05-15 13:01:16] [INFO]       OK   s080706_021018.rf.pcm: sb0:1072al
[2026-05-15 13:01:16] [INFO]       OK   s080706_031859.rf.pcm: sb0:1152al
[2026-05-15 13:01:16] [INFO]       OK   s080708_011540.rf.pcm: sb0:196al
[2026-05-15 13:01:17] [INFO]       OK   s080707_214942.rf.pcm: sb0:7al
[2026-05-15 13:01:18] [INFO]       OK   s080706_221309.rf.pcm: sb0:1432al
[2026-05-15 13:01:18] [INFO]       OK   s080708_035925.rf.pcm: sb0:823al
[2026-05-15 13:01:18] [INFO]       OK   s080707_225820.rf.pcm: sb0:1211al
[2026-05-15 13:01:19] [INFO]       OK   s080708_225801.rf.pcm: sb0:8al
[2026-05-15 13:01:19] [INFO]       OK   s080708_000700.rf.pcm: sb0:1184al
[2026-05-15 13:01:19] [INFO]       OK   s080708_025040.rf.pcm: sb0:1228al
[2026-05-15 13:01:19] [INFO]       OK   s080708_014200.rf.pcm: sb0:1312al
[2026-05-15 13:01:19] [INFO]       OK   s080708_214921.rf.pcm: sb0:1323al
[2026-05-15 13:01:20] [INFO]       OK   s080709_214225.rf.pcm: sb0:471al
[2026-05-15 13:01:21] [INFO]       OK   s080709_011522.rf.pcm: sb0:1284al
[2026-05-15 13:01:21] [INFO]       OK   s080709_000640.rf.pcm: sb0:1346al
[2026-05-15 13:01:21] [INFO]       SKIP s080710_215132.rf.pcm: too small (13x2048)
[2026-05-15 13:01:21] [INFO]       OK   s080709_033728.rf.pcm: sb0:1106al
[2026-05-15 13:01:22] [INFO]       OK   s080709_022840.rf.pcm: sb0:1224al
[2026-05-15 13:01:22] [INFO]       OK   s080709_222022.rf.pcm: sb0:1375al
[2026-05-15 13:01:22] [INFO]       OK   s080709_232902.rf.pcm: sb0:1530al
[2026-05-15 13:01:23] [INFO]       OK   s080710_003742.rf.pcm: sb0:1482al
[2026-05-15 13:01:23] [INFO]       OK   s080710_025502.rf.pcm: sb0:554al
[2026-05-15 13:01:23] [INFO]       SKIP s080711_043132.rf.pcm: too small (12x2048)
[2026-05-15 13:01:23] [INFO]       OK   s080711_013620.rf.pcm: sb0:190al
[2026-05-15 13:01:23] [INFO]       OK   s080710_014621.rf.pcm: sb0:1161al
[2026-05-15 13:01:24] [INFO]       OK   s080711_233551.rf.pcm: sb0:225al
[2026-05-15 13:01:24] [INFO]       OK   s080710_221021.rf.pcm: sb0:1209al
[2026-05-15 13:01:24] [INFO]       OK   s080710_231901.rf.pcm: sb0:1275al
[2026-05-15 13:01:25] [INFO]       OK   s080711_002741.rf.pcm: sb0:1298al
[2026-05-15 13:01:25] [INFO]       OK   s080711_021430.rf.pcm: sb0:1476al
[2026-05-15 13:01:25] [INFO]       OK   s080712_041101.rf.pcm: sb0:176al
[2026-05-15 13:01:26] [INFO]       OK   s080711_032300.rf.pcm: sb0:1473al
[2026-05-15 13:01:26] [INFO]       OK   s080711_215158.rf.pcm: sb0:1386al
[2026-05-15 13:01:26] [INFO]       OK   s080712_022052.rf.pcm: sb0:711al
[2026-05-15 13:01:26] [INFO]       OK   s080712_000331.rf.pcm: sb0:1535al
[2026-05-15 13:01:27] [INFO]       OK   s080712_011211.rf.pcm: sb0:1380al
[2026-05-15 13:01:27] [INFO]       OK   s080712_030222.rf.pcm: sb0:1116al
[2026-05-15 13:01:28] [INFO]       OK   s080713_012840.rf.pcm: sb0:773al
[2026-05-15 13:01:28] [INFO]       SKIP s080714_005911.rf.pcm: too small (10x2048)
[2026-05-15 13:01:28] [INFO]       SKIP s080714_011451.rf.pcm: too small (13x2048)
[2026-05-15 13:01:28] [INFO]       OK   s080713_022510.rf.pcm: sb0:844al
[2026-05-15 13:01:28] [INFO]       OK   s080712_220240.rf.pcm: sb0:1202al
[2026-05-15 13:01:28] [INFO]       OK   s080712_231122.rf.pcm: sb0:1448al
[2026-05-15 13:01:28] [INFO]       OK   s080714_030531.rf.pcm: sb0:186al
[2026-05-15 13:01:29] [INFO]       OK   s080713_002000.rf.pcm: sb0:1375al
[2026-05-15 13:01:29] [INFO]       OK   s080713_032612.rf.pcm: sb0:1302al
[2026-05-15 13:01:29] [INFO]       OK   s080728_223659.rf.pcm: sb0:125al
[2026-05-15 13:01:29] [INFO]       OK   s080714_015650.rf.pcm: sb0:7al
[2026-05-15 13:01:29] [INFO]       OK   s080729_065037.rf.pcm: sb0:225al
[2026-05-15 13:01:29] [INFO]       OK   s080713_215123.rf.pcm: sb0:1313al
[2026-05-15 13:01:29] [INFO]       OK   s080812_235700.rf.pcm: sb0:9al
[2026-05-15 13:01:30] [INFO]       OK   s080811_182158.rf.pcm: sb0:287al
[2026-05-15 13:01:30] [INFO]       OK   s080722_233419.rf.pcm: sb0:708al
[2026-05-15 13:01:30] [INFO]       OK   s080713_231351.rf.pcm: sb0:1494al
[2026-05-15 13:01:30] [INFO]       OK   s080721_221432.rf.pcm: sb0:754al
[2026-05-15 13:01:30] [INFO]       OK   s080811_170950.rf.pcm: sb0:603al
[2026-05-15 13:01:30] [INFO]       OK   s080714_032959.rf.pcm: sb0:1260al
[2026-05-15 13:01:30] [INFO]       OK   s080831_153959.rf.pcm: sb0:507al
[2026-05-15 13:01:31] [INFO]       OK   s080813_213217.rf.pcm: sb0:696al
[2026-05-15 13:01:31] [INFO]       OK   s080902_173414.rf.pcm: sb0:7al
[2026-05-15 13:01:31] [INFO]       OK   s080831_200459.rf.pcm: sb0:566al
[2026-05-15 13:01:31] [INFO]       OK   s080904_151854.rf.pcm: sb0:734al
[2026-05-15 13:01:31] [INFO]       OK   s080904_174954.rf.pcm: sb0:726al
[2026-05-15 13:01:31] [INFO]       OK   s080904_163614.rf.pcm: sb0:741al
[2026-05-15 13:01:32] [INFO]       OK   s080904_192814.rf.pcm: sb0:750al
[2026-05-15 13:01:32] [INFO]       OK   s080905_163534.rf.pcm: sb0:628al
[2026-05-15 13:01:32] [INFO]       OK   s080905_152234.rf.pcm: sb0:825al
[2026-05-15 13:01:32] [INFO]       OK   s080906_163636.rf.pcm: sb0:695al
[2026-05-15 13:01:32] [INFO]       OK   s080905_181614.rf.pcm: sb0:783al
[2026-05-15 13:01:32] [INFO]       OK   s080906_200805.rf.pcm: sb0:13al
[2026-05-15 13:01:33] [INFO]       OK   s080906_174934.rf.pcm: sb0:762al
[2026-05-15 13:01:33] [INFO]       OK   s080906_185845.rf.pcm: sb0:771al
[2026-05-15 13:01:33] [INFO]       OK   s080907_150254.rf.pcm: sb0:7al
[2026-05-15 13:01:33] [INFO]       OK   s080907_183844.rf.pcm: sb0:194al
[2026-05-15 13:01:33] [INFO]       OK   s080906_211740.rf.pcm: sb0:734al
[2026-05-15 13:01:33] [INFO]       OK   s080907_172934.rf.pcm: sb0:12al
[2026-05-15 13:01:33] [INFO]       OK   s080906_222654.rf.pcm: sb0:704al
[2026-05-15 13:01:33] [INFO]       OK   s080907_210754.rf.pcm: sb0:183al
[2026-05-15 13:01:33] [INFO]       OK   s080907_214354.rf.pcm: sb0:3al
[2026-05-15 13:01:34] [INFO]       OK   s080907_161636.rf.pcm: sb0:733al
[2026-05-15 13:01:34] [INFO]       OK   s080908_205614.rf.pcm: sb0:16al
[2026-05-15 13:01:34] [INFO]       SKIP s080922_202358.rf.pcm: too small (12x1024)
[2026-05-15 13:01:34] [INFO]       OK   s080908_160556.rf.pcm: sb0:20al
[2026-05-15 13:01:35] [INFO]       OK   s080921_164420.rf.pcm: sb0:577al
[2026-05-15 13:01:35] [INFO]       OK   s080908_145234.rf.pcm: sb0:734al
[2026-05-15 13:01:35] [INFO]       OK   s080908_172754.rf.pcm: sb0:732al
[2026-05-15 13:01:35] [INFO]       SKIP s081011_192459.rf.pcm: too small (11x512)
[2026-05-15 13:01:35] [INFO]       OK   s080908_183736.rf.pcm: sb0:745al
[2026-05-15 13:01:35] [INFO]       OK   s080908_194654.rf.pcm: sb0:768al
[2026-05-15 13:01:35] [INFO]       OK   s081012_130414.rf.pcm: sb0:4al
[2026-05-15 13:01:35] [INFO]       OK   s081012_132347.rf.pcm: sb0:3al
[2026-05-15 13:01:35] [INFO]       OK   s081010_161219.rf.pcm: sb0:517al
[2026-05-15 13:01:35] [INFO]       OK   s080922_134017.rf.pcm: sb0:774al
[2026-05-15 13:01:35] [INFO]       OK   s081012_200659.rf.pcm: sb0:78al
[2026-05-15 13:01:35] [INFO]       OK   s081012_202019.rf.pcm: sb0:68al
[2026-05-15 13:01:36] [INFO]       OK   s081010_173514.rf.pcm: sb0:739al
[2026-05-15 13:01:36] [INFO]       OK   s081011_171734.rf.pcm: sb0:774al
[2026-05-15 13:01:36] [INFO]       OK   s081013_165409.rf.pcm: sb0:630al
[2026-05-15 13:01:36] [INFO]       OK   s081012_164714.rf.pcm: sb0:734al
[2026-05-15 13:01:36] [INFO]       OK   s081013_192659.rf.pcm: sb0:657al
[2026-05-15 13:01:36] [INFO]       OK   s081013_180759.rf.pcm: sb0:764al
[2026-05-15 13:01:37] [INFO]       OK   s081013_203554.rf.pcm: sb0:513al
[2026-05-15 13:01:37] [INFO]       OK   s081014_164933.rf.pcm: sb0:381al
[2026-05-15 13:01:37] [INFO]       SKIP s081014_211845.rf.pcm: too small (13x1024)
[2026-05-15 13:01:38] [INFO]       OK   s081014_125635.rf.pcm: sb0:787al
[2026-05-15 13:01:38] [INFO]       OK   s081014_140954.rf.pcm: sb0:814al
[2026-05-15 13:01:38] [INFO]       OK   s081014_152254.rf.pcm: sb0:751al
[2026-05-15 13:01:38] [INFO]       OK   s081014_175013.rf.pcm: sb0:750al
[2026-05-15 13:01:38] [INFO]       OK   s081014_185942.rf.pcm: sb0:866al
[2026-05-15 13:01:38] [INFO]       OK   s081014_200909.rf.pcm: sb0:837al
[2026-05-15 13:01:38] [INFO]       OK   s081015_124939.rf.pcm: sb0:604al
[2026-05-15 13:01:39] [INFO]       OK   s081015_213721.rf.pcm: sb0:101al
[2026-05-15 13:01:39] [INFO]       OK   s081015_140159.rf.pcm: sb0:644al
[2026-05-15 13:01:39] [INFO]       OK   s081015_151419.rf.pcm: sb0:563al
[2026-05-15 13:01:39] [INFO]       OK   s081015_162659.rf.pcm: sb0:578al
[2026-05-15 13:01:39] [INFO]       OK   s081015_191159.rf.pcm: sb0:585al
[2026-05-15 13:01:39] [INFO]       SKIP s081017_175439.rf.pcm: too small (10x1024)
[2026-05-15 13:01:39] [INFO]       OK   s081015_202509.rf.pcm: sb0:500al
[2026-05-15 13:01:39] [INFO]       OK   s081015_173919.rf.pcm: sb0:639al
[2026-05-15 13:01:40] [INFO]       OK   s081017_133641.rf.pcm: sb0:3al
[2026-05-15 13:01:40] [INFO]       OK   s081018_130129.rf.pcm: sb0:187al
[2026-05-15 13:01:40] [INFO]       OK   s081017_123325.rf.pcm: sb0:445al
[2026-05-15 13:01:40] [INFO]       OK   s081017_152959.rf.pcm: sb0:530al
[2026-05-15 13:01:40] [INFO]       SKIP s081024_161514.rf.pcm: too small (10x1024)
[2026-05-15 13:01:40] [INFO]       OK   s081018_154639.rf.pcm: sb0:3al
[2026-05-15 13:01:40] [INFO]       OK   s081017_164220.rf.pcm: sb0:645al
[2026-05-15 13:01:40] [INFO]       OK   s081018_114907.rf.pcm: sb0:557al
[2026-05-15 13:01:40] [INFO]       OK   s081018_132851.rf.pcm: sb0:637al
[2026-05-15 13:01:40] [INFO]       OK   s081018_143739.rf.pcm: sb0:542al
[2026-05-15 13:01:41] [INFO]       OK   s081024_162714.rf.pcm: sb0:3al
[2026-05-15 13:01:41] [INFO]       OK   s081018_165539.rf.pcm: sb0:648al
[2026-05-15 13:01:41] [INFO]       OK   s081024_181654.rf.pcm: sb0:323al
[2026-05-15 13:01:41] [INFO]       OK   s081113_200514.rf.pcm: sb0:8al
[2026-05-15 13:01:41] [INFO]       OK   s081025_144159.rf.pcm: sb0:624al
[2026-05-15 13:01:41] [INFO]       OK   s081026_113729.rf.pcm: sb0:653al
[2026-05-15 13:01:41] [INFO]       OK   s081112_194938.rf.pcm: sb0:404al
[2026-05-15 13:01:42] [INFO]       OK   s081026_142734.rf.pcm: sb0:693al
[2026-05-15 13:01:42] [INFO]       OK   s081115_125413.rf.pcm: sb0:732al
[2026-05-15 13:01:42] [INFO]       OK   s081202_153240.rf.pcm: sb0:722al
[2026-05-15 13:01:42] [INFO]       OK   s081212_082138.rf.pcm: sb0:609al
[2026-05-15 13:01:42] [INFO]       OK   s081201_115833.rf.pcm: sb0:846al
[2026-05-15 13:01:42] [INFO]       OK   s081203_114813.rf.pcm: sb0:864al
[2026-05-15 13:01:42] [INFO]       OK   s081213_102413.rf.pcm: sb0:712al
[2026-05-15 13:01:43] [INFO]       OK   s081214_105433.rf.pcm: sb0:695al
[2026-05-15 13:01:43] [INFO]       OK   s081214_133208.rf.pcm: sb0:516al
[2026-05-15 13:01:43] [INFO]       OK   s081221_090155.rf.pcm: sb0:728al
[2026-05-15 13:01:43] [INFO]       OK   s081221_101613.rf.pcm: sb0:728al
[2026-05-15 13:01:43] [INFO]       OK   s081221_112914.rf.pcm: sb0:697al
[2026-05-15 13:01:43] [INFO]       OK   s081222_082215.rf.pcm: sb0:7al
[2026-05-15 13:01:43] [INFO]       OK   s081221_124213.rf.pcm: sb0:706al
[2026-05-15 13:01:43] [INFO]       OK   s081221_135513.rf.pcm: sb0:759al
[2026-05-15 13:01:44] [INFO]       OK   s081221_150855.rf.pcm: sb0:685al
[2026-05-15 13:01:44] [INFO]       OK   s081222_085556.rf.pcm: sb0:4al
[2026-05-15 13:01:44] [INFO]       SKIP s081222_173626.rf.pcm: too small (12x2048)
[2026-05-15 13:01:44] [INFO]       OK   s081222_171741.rf.pcm: sb0:6al
[2026-05-15 13:01:46] [INFO]       OK   s081223_090137.rf.pcm: sb0:13al
[2026-05-15 13:01:46] [INFO]       OK   s081223_075911.rf.pcm: sb0:1191al
[2026-05-15 13:01:47] [INFO]       OK   s081222_133035.rf.pcm: sb0:1681al
[2026-05-15 13:01:48] [INFO]       OK   s081222_103535.rf.pcm: sb0:1579al
[2026-05-15 13:01:48] [INFO]       OK   s081222_120816.rf.pcm: sb0:1695al
[2026-05-15 13:01:48] [INFO]       OK   s081222_160036.rf.pcm: sb0:1568al
[2026-05-15 13:01:48] [INFO]       OK   s081222_144734.rf.pcm: sb0:1668al
[2026-05-15 13:01:49] [INFO]       OK   s081224_071736.rf.pcm: sb0:574al
[2026-05-15 13:01:50] [INFO]       OK   s081223_101457.rf.pcm: sb0:1472al
[2026-05-15 13:01:50] [INFO]       OK   s081223_112756.rf.pcm: sb0:1579al
[2026-05-15 13:01:51] [INFO]       OK   s081223_124157.rf.pcm: sb0:1544al
[2026-05-15 13:01:52] [INFO]       OK   s081223_135457.rf.pcm: sb0:1563al
[2026-05-15 13:01:52] [INFO]       OK   s081223_150817.rf.pcm: sb0:1546al
[2026-05-15 13:01:52] [INFO]       OK   s081223_162117.rf.pcm: sb0:1620al
[2026-05-15 13:01:53] [INFO]       OK   s081224_090714.rf.pcm: sb0:1606al
[2026-05-15 13:01:54] [INFO]       OK   s081224_114614.rf.pcm: sb0:1535al
[2026-05-15 13:01:54] [INFO]       OK   s081224_103314.rf.pcm: sb0:1648al
[2026-05-15 13:01:54] [INFO]       OK   s081224_125914.rf.pcm: sb0:1681al
[2026-05-15 13:01:55] [INFO]       OK   s081225_085316.rf.pcm: sb0:5al
[2026-05-15 13:01:56] [INFO]       SKIP s081006_203618.rf.pcm: Padded array too large: 120x8380418 = 1005650160 elements
[2026-05-15 13:01:56] [INFO]       OK   s081225_074017.rf.pcm: sb0:1715al
[2026-05-15 13:01:56] [INFO]       OK   s081224_141214.rf.pcm: sb0:1629al
[2026-05-15 13:01:56] [INFO]       OK   s081225_131517.rf.pcm: sb0:10al
[2026-05-15 13:01:56] [INFO]       OK   s081224_163816.rf.pcm: sb0:1555al
[2026-05-15 13:01:56] [INFO]       OK   s081224_152514.rf.pcm: sb0:1714al
[2026-05-15 13:01:57] [INFO]       OK   s081225_104754.rf.pcm: sb0:1594al
[2026-05-15 13:01:57] [INFO]       OK   s081225_093456.rf.pcm: sb0:1600al
[2026-05-15 13:01:58] [INFO]       OK   s081225_120216.rf.pcm: sb0:1635al
[2026-05-15 13:01:59] [INFO]       OK   s081225_134955.rf.pcm: sb0:1644al
[2026-05-15 13:01:59] [INFO]       OK   s081225_161556.rf.pcm: sb0:1636al
[2026-05-15 13:01:59] [INFO]       OK   s081225_150256.rf.pcm: sb0:1695al
[2026-05-15 13:01:59] [INFO]       OK   s081226_085535.rf.pcm: sb0:1653al
[2026-05-15 13:01:59] [INFO]       SKIP s081226_172658.rf.pcm: too small (12x2048)
[2026-05-15 13:01:59] [INFO]       OK   s081226_074215.rf.pcm: sb0:1719al
[2026-05-15 13:01:59] [INFO]       OK   s081226_123434.rf.pcm: sb0:13al
[2026-05-15 13:02:00] [INFO]       OK   s081226_112134.rf.pcm: sb0:1656al
[2026-05-15 13:02:00] [INFO]       OK   s081226_100835.rf.pcm: sb0:1623al
[2026-05-15 13:02:02] [INFO]       OK   s081227_135735.rf.pcm: sb0:27al
[2026-05-15 13:02:03] [INFO]       OK   s081226_134754.rf.pcm: sb0:1552al
[2026-05-15 13:02:03] [INFO]       OK   s081226_150056.rf.pcm: sb0:1645al
[2026-05-15 13:02:03] [INFO]       OK   s081226_161354.rf.pcm: sb0:1612al
[2026-05-15 13:02:03] [INFO]       OK   s081227_094035.rf.pcm: sb0:1660al
[2026-05-15 13:02:03] [INFO]       OK   s081227_082735.rf.pcm: sb0:1637al
[2026-05-15 13:02:03] [INFO]       OK   s081227_105335.rf.pcm: sb0:1584al
[2026-05-15 13:02:03] [INFO]       OK   s081230_095829.rf.pcm: sb0:8al
[2026-05-15 13:02:04] [INFO]       OK   s081227_124355.rf.pcm: sb0:1607al
[2026-05-15 13:02:04] [INFO]       SKIP s090101_165036.rf.pcm: too small (13x1024)
[2026-05-15 13:02:04] [INFO]       OK   s081231_120459.rf.pcm: sb0:421al
[2026-05-15 13:02:04] [INFO]       OK   s081227_151114.rf.pcm: sb0:7al
[2026-05-15 13:02:04] [INFO]       OK   s081231_075314.rf.pcm: sb0:794al
[2026-05-15 13:02:04] [INFO]       OK   s090101_100934.rf.pcm: sb0:669al
[2026-05-15 13:02:04] [INFO]       OK   s090101_112314.rf.pcm: sb0:675al
[2026-05-15 13:02:05] [INFO]       OK   s090101_141316.rf.pcm: sb0:267al
[2026-05-15 13:02:05] [INFO]       OK   s081228_083839.rf.pcm: sb0:1184al
[2026-05-15 13:02:05] [INFO]       OK   s090124_101420.rf.pcm: sb0:551al
[2026-05-15 13:02:05] [INFO]       OK   s090123_060655.rf.pcm: sb0:691al
[2026-05-15 13:02:05] [INFO]       OK   s090125_073110.rf.pcm: sb0:770al
[2026-05-15 13:02:05] [INFO]       OK   s090415_005520.rf.pcm: sb0:4al
[2026-05-15 13:02:06] [INFO]       OK   s090415_020410.rf.pcm: sb0:751al
[2026-05-15 13:02:06] [INFO]       OK   s090415_042157.rf.pcm: sb0:605al
[2026-05-15 13:02:06] [INFO]       OK   s090415_031252.rf.pcm: sb0:671al
[2026-05-15 13:02:06] [INFO]       OK   s090415_053028.rf.pcm: sb0:628al
[2026-05-15 13:02:06] [INFO]       OK   s090415_063900.rf.pcm: sb0:482al
[2026-05-15 13:02:06] [INFO]       OK   s090409_062259.rf.pcm: sb0:1292al
[2026-05-15 13:02:07] [INFO]       OK   s090413_030149.rf.pcm: sb0:1280al
[2026-05-15 13:02:07] [INFO]       OK   s090416_010930.rf.pcm: sb0:673al
[2026-05-15 13:02:07] [INFO]       OK   s090416_021806.rf.pcm: sb0:673al
[2026-05-15 13:02:07] [INFO]       OK   s090416_032639.rf.pcm: sb0:670al
[2026-05-15 13:02:07] [INFO]       OK   s090412_012521.rf.pcm: sb0:1880al
[2026-05-15 13:02:07] [INFO]       OK   s090416_043508.rf.pcm: sb0:671al
[2026-05-15 13:02:07] [INFO]       OK   s090416_054340.rf.pcm: sb0:638al
[2026-05-15 13:02:07] [INFO]       OK   s090417_034729.rf.pcm: sb0:439al
[2026-05-15 13:02:07] [INFO]       OK   s090417_083223.rf.pcm: sb0:192al
[2026-05-15 13:02:07] [INFO]       OK   s090416_065219.rf.pcm: sb0:622al
[2026-05-15 13:02:08] [INFO]       OK   s090416_080050.rf.pcm: sb0:560al
[2026-05-15 13:02:08] [INFO]       OK   s090417_023709.rf.pcm: sb0:579al
[2026-05-15 13:02:08] [INFO]       OK   s090417_072334.rf.pcm: sb0:400al
[2026-05-15 13:02:08] [INFO]       OK   s090417_061500.rf.pcm: sb0:588al
[2026-05-15 13:02:08] [INFO]       OK   s090418_001850.rf.pcm: sb0:34al
[2026-05-15 13:02:08] [INFO]       OK   s090418_032040.rf.pcm: sb0:480al
[2026-05-15 13:02:08] [INFO]       OK   s090418_021216.rf.pcm: sb0:778al
[2026-05-15 13:02:09] [INFO]       OK   s090418_043946.rf.pcm: sb0:655al
[2026-05-15 13:02:09] [INFO]       OK   s090418_080539.rf.pcm: sb0:481al
[2026-05-15 13:02:09] [INFO]       OK   s090418_054820.rf.pcm: sb0:623al
[2026-05-15 13:02:09] [INFO]       OK   s090418_065700.rf.pcm: sb0:629al
[2026-05-15 13:02:09] [INFO]       OK   s090419_021629.rf.pcm: sb0:669al
[2026-05-15 13:02:09] [INFO]       OK   s090417_050222.rf.pcm: sb0:1603al
[2026-05-15 13:02:09] [INFO]       OK   s090419_033148.rf.pcm: sb0:658al
[2026-05-15 13:02:09] [INFO]       OK   s090419_044018.rf.pcm: sb0:714al
[2026-05-15 13:02:10] [INFO]       OK   s090419_054848.rf.pcm: sb0:635al
[2026-05-15 13:02:10] [INFO]       OK   s090419_080600.rf.pcm: sb0:448al
[2026-05-15 13:02:10] [INFO]       OK   s090419_065720.rf.pcm: sb0:577al
[2026-05-15 13:02:10] [INFO]       OK   s090420_031033.rf.pcm: sb0:637al
[2026-05-15 13:02:10] [INFO]       OK   s090420_020128.rf.pcm: sb0:874al
[2026-05-15 13:02:10] [INFO]       OK   s090420_042239.rf.pcm: sb0:479al
[2026-05-15 13:02:10] [INFO]       OK   s090420_053110.rf.pcm: sb0:593al
[2026-05-15 13:02:11] [INFO]       OK   s090420_063950.rf.pcm: sb0:699al
[2026-05-15 13:02:11] [INFO]       OK   s090420_074820.rf.pcm: sb0:487al
[2026-05-15 13:02:11] [INFO]       SKIP s090424_000651.rf.pcm: too small (15x1024)
[2026-05-15 13:02:11] [INFO]       OK   s090421_054353.rf.pcm: sb0:219al
[2026-05-15 13:02:11] [INFO]       OK   s090421_003255.rf.pcm: sb0:769al
[2026-05-15 13:02:11] [INFO]       OK   s090421_014303.rf.pcm: sb0:798al
[2026-05-15 13:02:11] [INFO]       SKIP s090520_075502.rf.pcm: too small (14x1024)
[2026-05-15 13:02:11] [INFO]       OK   s090421_043433.rf.pcm: sb0:769al
[2026-05-15 13:02:11] [INFO]       OK   s090421_025214.rf.pcm: sb0:700al
[2026-05-15 13:02:11] [INFO]       OK   s090424_003500.rf.pcm: sb0:541al
[2026-05-15 13:02:12] [INFO]       OK   s090426_072629.rf.pcm: sb0:262al
[2026-05-15 13:02:12] [INFO]       OK   s090522_212459.rf.pcm: sb0:108al
[2026-05-15 13:02:12] [INFO]       OK   s090521_042440.rf.pcm: sb0:19al
[2026-05-15 13:02:12] [INFO]       OK   s090421_073954.rf.pcm: sb0:603al
[2026-05-15 13:02:12] [INFO]       OK   s090421_062654.rf.pcm: sb0:715al
[2026-05-15 13:02:12] [INFO]       OK   s090521_213449.rf.pcm: sb0:161al
[2026-05-15 13:02:12] [INFO]       OK   s090530_224959.rf.pcm: sb0:105al
[2026-05-15 13:02:12] [INFO]       OK   s090425_035214.rf.pcm: sb0:737al
[2026-05-15 13:02:12] [INFO]       OK   s090529_220250.rf.pcm: sb0:494al
[2026-05-15 13:02:12] [INFO]       OK   s090601_025059.rf.pcm: sb0:104al
[2026-05-15 13:02:12] [INFO]       OK   s090529_232313.rf.pcm: sb0:747al
[2026-05-15 13:02:13] [INFO]       OK   s090530_002749.rf.pcm: sb0:802al
[2026-05-15 13:02:13] [INFO]       OK   s090601_031340.rf.pcm: sb0:214al
[2026-05-15 13:02:13] [INFO]       OK   s090530_013219.rf.pcm: sb0:859al
[2026-05-15 13:02:13] [INFO]       OK   s090530_023648.rf.pcm: sb0:868al
[2026-05-15 13:02:13] [INFO]       OK   s090531_023949.rf.pcm: sb0:631al
[2026-05-15 13:02:13] [INFO]       OK   s090601_223318.rf.pcm: sb0:185al
[2026-05-15 13:02:13] [INFO]       OK   s090602_012711.rf.pcm: sb0:174al
[2026-05-15 13:02:13] [INFO]       SKIP s090603_232259.rf.pcm: too small (10x512)
[2026-05-15 13:02:13] [INFO]       OK   s090601_014625.rf.pcm: sb0:525al
[2026-05-15 13:02:13] [INFO]       OK   s090603_215911.rf.pcm: sb0:196al
[2026-05-15 13:02:13] [INFO]       OK   s090601_212448.rf.pcm: sb0:612al
[2026-05-15 13:02:14] [INFO]       OK   s090602_215441.rf.pcm: sb0:633al
[2026-05-15 13:02:14] [INFO]       OK   s090602_230321.rf.pcm: sb0:602al
[2026-05-15 13:02:14] [INFO]       OK   s090603_205019.rf.pcm: sb0:548al
[2026-05-15 13:02:14] [INFO]       OK   s090603_002422.rf.pcm: sb0:641al
[2026-05-15 13:02:14] [INFO]       OK   s090604_015518.rf.pcm: sb0:523al
[2026-05-15 13:02:14] [INFO]       OK   s090604_213400.rf.pcm: sb0:784al
[2026-05-15 13:02:14] [INFO]       OK   s090604_224228.rf.pcm: sb0:584al
[2026-05-15 13:02:14] [INFO]       SKIP s090630_204808.rf.pcm: too small (10x1024)
[2026-05-15 13:02:14] [INFO]       OK   s090604_235059.rf.pcm: sb0:737al
[2026-05-15 13:02:14] [INFO]       OK   s090609_213100.rf.pcm: sb0:370al
[2026-05-15 13:02:14] [INFO]       OK   s090606_222229.rf.pcm: sb0:595al
[2026-05-15 13:02:14] [INFO]       SKIP s090722_053131.rf.pcm: too small (15x1024)
[2026-05-15 13:02:14] [INFO]       SKIP s090722_053526.rf.pcm: too small (15x2048)
[2026-05-15 13:02:14] [INFO]       OK   s090605_005928.rf.pcm: sb0:623al
[2026-05-15 13:02:14] [INFO]       OK   s090608_002410.rf.pcm: sb0:588al
[2026-05-15 13:02:15] [INFO]       OK   s090722_051957.rf.pcm: sb0:66al
[2026-05-15 13:02:15] [INFO]       OK   s090608_202620.rf.pcm: sb0:538al
[2026-05-15 13:02:15] [INFO]       OK   s090608_014353.rf.pcm: sb0:694al
[2026-05-15 13:02:15] [INFO]       OK   s090724_220659.rf.pcm: sb0:230al
[2026-05-15 13:02:15] [INFO]       OK   s090630_224450.rf.pcm: sb0:715al
[2026-05-15 13:02:15] [INFO]       SKIP s090810_171526.rf.pcm: too small (10x1024)
[2026-05-15 13:02:15] [INFO]       OK   s090729_203439.rf.pcm: sb0:13al
[2026-05-15 13:02:15] [INFO]       OK   s090810_165510.rf.pcm: sb0:3al
[2026-05-15 13:02:15] [INFO]       OK   s090729_214619.rf.pcm: sb0:16al
[2026-05-15 13:02:15] [INFO]       OK   s090701_202641.rf.pcm: sb0:763al
[2026-05-15 13:02:15] [INFO]       OK   s090810_175700.rf.pcm: sb0:65al
[2026-05-15 13:02:15] [INFO]       OK   s090725_200718.rf.pcm: sb0:676al
[2026-05-15 13:02:15] [INFO]       OK   s090724_225219.rf.pcm: sb0:650al
[2026-05-15 13:02:15] [INFO]       OK   s090725_212348.rf.pcm: sb0:541al
[2026-05-15 13:02:15] [INFO]       OK   s090812_191929.rf.pcm: sb0:178al
[2026-05-15 13:02:16] [INFO]       OK   s090811_201019.rf.pcm: sb0:4al
[2026-05-15 13:02:16] [INFO]       OK   s090813_191530.rf.pcm: sb0:662al
[2026-05-15 13:02:16] [INFO]       OK   s090813_202818.rf.pcm: sb0:688al
[2026-05-15 13:02:16] [INFO]       OK   s090824_184400.rf.pcm: sb0:563al
[2026-05-15 13:02:16] [INFO]       OK   s090824_195228.rf.pcm: sb0:483al
[2026-05-15 13:02:16] [INFO]       OK   s090824_210058.rf.pcm: sb0:536al
[2026-05-15 13:02:16] [INFO]       OK   s090824_220932.rf.pcm: sb0:568al
[2026-05-15 13:02:17] [INFO]       OK   s090824_231809.rf.pcm: sb0:623al
[2026-05-15 13:02:17] [INFO]       OK   s090825_002640.rf.pcm: sb0:678al
[2026-05-15 13:02:17] [INFO]       OK   s090825_220733.rf.pcm: sb0:274al
[2026-05-15 13:02:17] [INFO]       OK   s090825_161828.rf.pcm: sb0:640al
[2026-05-15 13:02:17] [INFO]       OK   s090825_172700.rf.pcm: sb0:555al
[2026-05-15 13:02:17] [INFO]       OK   s090825_183530.rf.pcm: sb0:532al
[2026-05-15 13:02:17] [INFO]       OK   s090825_194940.rf.pcm: sb0:543al
[2026-05-15 13:02:17] [INFO]       OK   s090825_205900.rf.pcm: sb0:616al
[2026-05-15 13:02:17] [INFO]       OK   s090825_224840.rf.pcm: sb0:533al
[2026-05-15 13:02:17] [INFO]       OK   s090825_235710.rf.pcm: sb0:653al
[2026-05-15 13:02:18] [INFO]       OK   s090826_163458.rf.pcm: sb0:601al
[2026-05-15 13:02:18] [INFO]       OK   s090826_185250.rf.pcm: sb0:677al
[2026-05-15 13:02:18] [INFO]       OK   s090826_174408.rf.pcm: sb0:702al
[2026-05-15 13:02:18] [INFO]       OK   s090827_163218.rf.pcm: sb0:510al
[2026-05-15 13:02:18] [INFO]       OK   s090826_210950.rf.pcm: sb0:799al
[2026-05-15 13:02:18] [INFO]       OK   s090826_200118.rf.pcm: sb0:613al
[2026-05-15 13:02:18] [INFO]       OK   s090826_221820.rf.pcm: sb0:646al
[2026-05-15 13:02:18] [INFO]       OK   s090827_221224.rf.pcm: sb0:94al
[2026-05-15 13:02:18] [INFO]       OK   s090827_195748.rf.pcm: sb0:9al
[2026-05-15 13:02:18] [INFO]       OK   s090827_174048.rf.pcm: sb0:652al
[2026-05-15 13:02:18] [INFO]       OK   s090831_184659.rf.pcm: sb0:3al
[2026-05-15 13:02:18] [INFO]       OK   s090827_205657.rf.pcm: sb0:16al
[2026-05-15 13:02:18] [INFO]       OK   s090831_203029.rf.pcm: sb0:37al
[2026-05-15 13:02:18] [INFO]       OK   s090831_221959.rf.pcm: sb0:28al
[2026-05-15 13:02:18] [INFO]       OK   s090901_004500.rf.pcm: sb0:5al
[2026-05-15 13:02:19] [INFO]       OK   s090831_224100.rf.pcm: sb0:4al
[2026-05-15 13:02:19] [INFO]       OK   s090827_184920.rf.pcm: sb0:555al
[2026-05-15 13:02:19] [INFO]       SKIP s091003_135420.rf.pcm: too small (14x512)
[2026-05-15 13:02:19] [INFO]       OK   s090830_201239.rf.pcm: sb0:324al
[2026-05-15 13:02:19] [INFO]       OK   s090923_203352.rf.pcm: sb0:25al
[2026-05-15 13:02:19] [INFO]       OK   s090831_154139.rf.pcm: sb0:257al
[2026-05-15 13:02:19] [INFO]       OK   s090922_174059.rf.pcm: sb0:123al
[2026-05-15 13:02:19] [INFO]       OK   s090829_184139.rf.pcm: sb0:539al
[2026-05-15 13:02:19] [INFO]       OK   s090827_224520.rf.pcm: sb0:617al
[2026-05-15 13:02:19] [INFO]       OK   s091003_161729.rf.pcm: sb0:294al
[2026-05-15 13:02:19] [INFO]       OK   s091003_172949.rf.pcm: sb0:287al
[2026-05-15 13:02:19] [INFO]       OK   s091004_130129.rf.pcm: sb0:323al
[2026-05-15 13:02:19] [INFO]       OK   s091004_141358.rf.pcm: sb0:89al
[2026-05-15 13:02:19] [INFO]       OK   s091004_175420.rf.pcm: sb0:6al
[2026-05-15 13:02:19] [INFO]       OK   s090921_170311.rf.pcm: sb0:589al
[2026-05-15 13:02:19] [INFO]       OK   s091004_152919.rf.pcm: sb0:253al
[2026-05-15 13:02:19] [INFO]       OK   s091004_164139.rf.pcm: sb0:324al
[2026-05-15 13:02:19] [INFO]       OK   s091005_133621.rf.pcm: sb0:72al
[2026-05-15 13:02:19] [INFO]       OK   s091004_190700.rf.pcm: sb0:253al
[2026-05-15 13:02:19] [INFO]       OK   s091004_201920.rf.pcm: sb0:284al
[2026-05-15 13:02:19] [INFO]       OK   s091005_125949.rf.pcm: sb0:149al
[2026-05-15 13:02:20] [INFO]       OK   s091004_213159.rf.pcm: sb0:225al
[2026-05-15 13:02:20] [INFO]       SKIP s091006_124648.rf.pcm: too small (10x1024)
[2026-05-15 13:02:20] [INFO]       SKIP s091006_130219.rf.pcm: too small (13x1024)
[2026-05-15 13:02:20] [INFO]       OK   s091005_150739.rf.pcm: sb0:584al
[2026-05-15 13:02:20] [INFO]       OK   s091005_135751.rf.pcm: sb0:669al
[2026-05-15 13:02:20] [INFO]       OK   s091005_172509.rf.pcm: sb0:576al
[2026-05-15 13:02:20] [INFO]       OK   s091005_183400.rf.pcm: sb0:534al
[2026-05-15 13:02:20] [INFO]       OK   s091005_205140.rf.pcm: sb0:498al
[2026-05-15 13:02:20] [INFO]       OK   s091005_194250.rf.pcm: sb0:585al
[2026-05-15 13:02:20] [INFO]       OK   s091006_132330.rf.pcm: sb0:539al
[2026-05-15 13:02:20] [INFO]       OK   s091005_161629.rf.pcm: sb0:565al
[2026-05-15 13:02:20] [INFO]       OK   s091006_201621.rf.pcm: sb0:113al
[2026-05-15 13:02:21] [INFO]       OK   s091007_125948.rf.pcm: sb0:270al
[2026-05-15 13:02:21] [INFO]       OK   s091007_152419.rf.pcm: sb0:278al
[2026-05-15 13:02:21] [INFO]       OK   s091006_143218.rf.pcm: sb0:659al
[2026-05-15 13:02:21] [INFO]       OK   s091007_141158.rf.pcm: sb0:303al
[2026-05-15 13:02:21] [INFO]       OK   s091006_154100.rf.pcm: sb0:578al
[2026-05-15 13:02:21] [INFO]       OK   s091006_164948.rf.pcm: sb0:527al
[2026-05-15 13:02:21] [INFO]       OK   s091007_201800.rf.pcm: sb0:3al
[2026-05-15 13:02:21] [INFO]       OK   s091006_175840.rf.pcm: sb0:512al
[2026-05-15 13:02:21] [INFO]       OK   s091006_190729.rf.pcm: sb0:535al
[2026-05-15 13:02:21] [INFO]       OK   s091007_163648.rf.pcm: sb0:317al
[2026-05-15 13:02:21] [INFO]       OK   s091007_212640.rf.pcm: sb0:155al
[2026-05-15 13:02:21] [INFO]       OK   s091007_175420.rf.pcm: sb0:290al
[2026-05-15 13:02:21] [INFO]       OK   s091007_190310.rf.pcm: sb0:229al
[2026-05-15 13:02:21] [INFO]       OK   s091009_195350.rf.pcm: sb0:51al
[2026-05-15 13:02:21] [INFO]       OK   s091010_124831.rf.pcm: sb0:107al
[2026-05-15 13:02:21] [INFO]       OK   s091009_141239.rf.pcm: sb0:5al
[2026-05-15 13:02:21] [INFO]       OK   s091009_130020.rf.pcm: sb0:312al
[2026-05-15 13:02:22] [INFO]       OK   s091010_135558.rf.pcm: sb0:86al
[2026-05-15 13:02:22] [INFO]       OK   s091008_151509.rf.pcm: sb0:420al
[2026-05-15 13:02:22] [INFO]       OK   s091010_193101.rf.pcm: sb0:268al
[2026-05-15 13:02:22] [INFO]       OK   s091008_125718.rf.pcm: sb0:621al
[2026-05-15 13:02:22] [INFO]       OK   s091012_174848.rf.pcm: sb0:281al
[2026-05-15 13:02:22] [INFO]       OK   s091008_140619.rf.pcm: sb0:542al
[2026-05-15 13:02:22] [INFO]       OK   s091008_164758.rf.pcm: sb0:646al
[2026-05-15 13:02:22] [INFO]       OK   s091013_164519.rf.pcm: sb0:232al
[2026-05-15 13:02:22] [INFO]       OK   s091028_200128.rf.pcm: sb0:283al
[2026-05-15 13:02:22] [INFO]       OK   s091029_195926.rf.pcm: sb0:9al
[2026-05-15 13:02:22] [INFO]       OK   s091011_152510.rf.pcm: sb0:500al
[2026-05-15 13:02:22] [INFO]       OK   s091012_190410.rf.pcm: sb0:307al
[2026-05-15 13:02:22] [INFO]       OK   s091028_204016.rf.pcm: sb0:266al
[2026-05-15 13:02:22] [INFO]       OK   s091011_195400.rf.pcm: sb0:702al
[2026-05-15 13:02:22] [INFO]       OK   s091110_122917.rf.pcm: sb0:245al
[2026-05-15 13:02:23] [INFO]       OK   s091112_104357.rf.pcm: sb0:336al
[2026-05-15 13:02:23] [INFO]       OK   s091111_122449.rf.pcm: sb0:281al
[2026-05-15 13:02:23] [INFO]       OK   s091112_172419.rf.pcm: sb0:274al
[2026-05-15 13:02:23] [INFO]       OK   s091108_143607.rf.pcm: sb0:616al
[2026-05-15 13:02:23] [INFO]       OK   s091128_102647.rf.pcm: sb0:308al
[2026-05-15 13:02:23] [INFO]       OK   s091128_140948.rf.pcm: sb0:304al
[2026-05-15 13:02:23] [INFO]       OK   s091112_144046.rf.pcm: sb0:571al
[2026-05-15 13:02:23] [INFO]       OK   s091112_160147.rf.pcm: sb0:511al
[2026-05-15 13:02:23] [INFO]       OK   s091127_141218.rf.pcm: sb0:614al
[2026-05-15 13:02:23] [INFO]       SKIP s091129_164357.rf.pcm: too small (13x512)
[2026-05-15 13:02:24] [INFO]       OK   s091129_091717.rf.pcm: sb0:502al
[2026-05-15 13:02:24] [INFO]       OK   s091128_175217.rf.pcm: sb0:706al
[2026-05-15 13:02:24] [INFO]       OK   s091129_124233.rf.pcm: sb0:623al
[2026-05-15 13:02:24] [INFO]       OK   s091129_113208.rf.pcm: sb0:571al
[2026-05-15 13:02:24] [INFO]       OK   s091129_102249.rf.pcm: sb0:842al
[2026-05-15 13:02:24] [INFO]       OK   s091129_134721.rf.pcm: sb0:1105al
[2026-05-15 13:02:24] [INFO]       OK   s091129_174142.rf.pcm: sb0:536al
[2026-05-15 13:02:25] [INFO]       OK   s091215_122238.rf.pcm: sb0:588al
[2026-05-15 13:02:25] [INFO]       OK   s091218_132627.rf.pcm: sb0:244al
[2026-05-15 13:02:25] [INFO]       OK   s091218_074138.rf.pcm: sb0:549al
[2026-05-15 13:02:25] [INFO]       OK   s091218_085001.rf.pcm: sb0:601al
[2026-05-15 13:02:25] [INFO]       OK   s091218_095839.rf.pcm: sb0:693al
[2026-05-15 13:02:25] [INFO]       OK   s091218_110931.rf.pcm: sb0:622al
[2026-05-15 13:02:25] [INFO]       OK   s091218_121757.rf.pcm: sb0:646al
[2026-05-15 13:02:25] [INFO]       OK   s091219_080126.rf.pcm: sb0:275al
[2026-05-15 13:02:25] [INFO]       OK   s091219_113229.rf.pcm: sb0:6al
[2026-05-15 13:02:25] [INFO]       OK   s091219_134907.rf.pcm: sb0:159al
[2026-05-15 13:02:25] [INFO]       OK   s091219_091047.rf.pcm: sb0:166al
[2026-05-15 13:02:25] [INFO]       OK   s091219_101919.rf.pcm: sb0:296al
[2026-05-15 13:02:25] [INFO]       OK   s091219_124047.rf.pcm: sb0:369al
[2026-05-15 13:02:25] [INFO]       OK   s091221_093037.rf.pcm: sb0:14al
[2026-05-15 13:02:25] [INFO]       OK   s091220_083549.rf.pcm: sb0:391al
[2026-05-15 13:02:25] [INFO]       OK   s091221_082207.rf.pcm: sb0:248al
[2026-05-15 13:02:26] [INFO]       OK   s091220_094927.rf.pcm: sb0:503al
[2026-05-15 13:02:26] [INFO]       OK   s091220_105747.rf.pcm: sb0:491al
[2026-05-15 13:02:26] [INFO]       OK   s091114_114447.rf.pcm: sb0:2621al
[2026-05-15 13:02:26] [INFO]       OK   s091221_103908.rf.pcm: sb0:171al
[2026-05-15 13:02:26] [INFO]       OK   s091220_120619.rf.pcm: sb0:464al
[2026-05-15 13:02:26] [INFO]       OK   s091221_114737.rf.pcm: sb0:234al
[2026-05-15 13:02:26] [INFO]       OK   s091221_130027.rf.pcm: sb0:285al
[2026-05-15 13:02:26] [INFO]       OK   s091221_140857.rf.pcm: sb0:22al
[2026-05-15 13:02:26] [INFO]       OK   s091220_131449.rf.pcm: sb0:669al
[2026-05-15 13:02:26] [INFO]       OK   s091222_140347.rf.pcm: sb0:69al
[2026-05-15 13:02:27] [INFO]       OK   s091223_100759.rf.pcm: sb0:11al
[2026-05-15 13:02:27] [INFO]       OK   s091222_092947.rf.pcm: sb0:660al
[2026-05-15 13:02:27] [INFO]       OK   s091222_082129.rf.pcm: sb0:445al
[2026-05-15 13:02:27] [INFO]       OK   s091222_103817.rf.pcm: sb0:574al
[2026-05-15 13:02:27] [INFO]       OK   s091223_081907.rf.pcm: sb0:660al
[2026-05-15 13:02:27] [INFO]       OK   s091222_114647.rf.pcm: sb0:582al
[2026-05-15 13:02:27] [INFO]       OK   s091222_125518.rf.pcm: sb0:739al
[2026-05-15 13:02:27] [INFO]       OK   s091223_111629.rf.pcm: sb0:586al
[2026-05-15 13:02:28] [INFO]       OK   s091223_133321.rf.pcm: sb0:554al
[2026-05-15 13:02:28] [INFO]       OK   s091223_122457.rf.pcm: sb0:508al
[2026-05-15 13:02:28] [INFO]       OK   s091224_104627.rf.pcm: sb0:22al
[2026-05-15 13:02:28] [INFO]       OK   s091224_082947.rf.pcm: sb0:686al
[2026-05-15 13:02:28] [INFO]       OK   s091224_093807.rf.pcm: sb0:551al
[2026-05-15 13:02:28] [INFO]       OK   s091224_115449.rf.pcm: sb0:569al
[2026-05-15 13:02:28] [INFO]       OK   s091224_130859.rf.pcm: sb0:538al
[2026-05-15 13:02:28] [INFO]       OK   s091225_081719.rf.pcm: sb0:546al
[2026-05-15 13:02:28] [INFO]       OK   s091225_131127.rf.pcm: sb0:332al
[2026-05-15 13:02:28] [INFO]       OK   s091225_092537.rf.pcm: sb0:466al
[2026-05-15 13:02:28] [INFO]       OK   s091225_115807.rf.pcm: sb0:586al
[2026-05-15 13:02:28] [INFO]       OK   s091225_104311.rf.pcm: sb0:704al
[2026-05-15 13:02:29] [INFO]       OK   s100105_103527.rf.pcm: sb0:109al
[2026-05-15 13:02:29] [INFO]       OK   s091226_081337.rf.pcm: sb0:557al
[2026-05-15 13:02:29] [INFO]       OK   s091226_092157.rf.pcm: sb0:625al
[2026-05-15 13:02:29] [INFO]       OK   s091226_105037.rf.pcm: sb0:480al
[2026-05-15 13:02:29] [INFO]       OK   s091226_115907.rf.pcm: sb0:646al
[2026-05-15 13:02:29] [INFO]       OK   s100107_094357.rf.pcm: sb0:266al
[2026-05-15 13:02:29] [INFO]       OK   s100203_060756.rf.pcm: sb0:102al
[2026-05-15 13:02:29] [INFO]       OK   s091226_130727.rf.pcm: sb0:543al
[2026-05-15 13:02:29] [INFO]       OK   s100106_105319.rf.pcm: sb0:603al
[2026-05-15 13:02:29] [INFO]       OK   s100131_065033.rf.pcm: sb0:6al
[2026-05-15 13:02:29] [INFO]       OK   s100204_090709.rf.pcm: sb0:18al
[2026-05-15 13:02:30] [INFO]       OK   s100108_093547.rf.pcm: sb0:628al
[2026-05-15 13:02:30] [INFO]       OK   s100108_072249.rf.pcm: sb0:675al
[2026-05-15 13:02:30] [INFO]       SKIP s100211_100719.rf.pcm: too small (13x1024)
[2026-05-15 13:02:30] [INFO]       OK   s100109_065407.rf.pcm: sb0:568al
[2026-05-15 13:02:30] [INFO]       OK   s100201_094457.rf.pcm: sb0:726al
[2026-05-15 13:02:30] [INFO]       OK   s100211_042416.rf.pcm: sb0:10al
[2026-05-15 13:02:30] [INFO]       OK   s100212_055437.rf.pcm: sb0:22al
[2026-05-15 13:02:30] [INFO]       OK   s100211_053337.rf.pcm: sb0:476al
[2026-05-15 13:02:30] [INFO]       OK   s100211_064200.rf.pcm: sb0:626al
[2026-05-15 13:02:30] [INFO]       OK   s100211_075027.rf.pcm: sb0:553al
[2026-05-15 13:02:30] [INFO]       OK   s100212_100228.rf.pcm: sb0:8al
[2026-05-15 13:02:30] [INFO]       OK   s100211_085857.rf.pcm: sb0:583al
[2026-05-15 13:02:31] [INFO]       OK   s100212_085357.rf.pcm: sb0:579al
[2026-05-15 13:02:31] [INFO]       OK   s100212_074528.rf.pcm: sb0:728al
[2026-05-15 13:02:31] [INFO]       OK   s100212_063657.rf.pcm: sb0:780al
[2026-05-15 13:02:31] [INFO]       OK   s100213_052346.rf.pcm: sb0:543al
[2026-05-15 13:02:31] [INFO]       OK   s100213_063207.rf.pcm: sb0:641al
[2026-05-15 13:02:31] [INFO]       OK   s100213_084857.rf.pcm: sb0:581al
[2026-05-15 13:02:31] [INFO]       OK   s100213_074029.rf.pcm: sb0:745al
[2026-05-15 13:02:31] [INFO]       OK   s100214_043346.rf.pcm: sb0:646al
[2026-05-15 13:02:31] [INFO]       OK   s100214_075907.rf.pcm: sb0:506al
[2026-05-15 13:02:31] [INFO]       OK   s100214_065037.rf.pcm: sb0:423al
[2026-05-15 13:02:31] [INFO]       OK   s100214_054207.rf.pcm: sb0:627al
[2026-05-15 13:02:31] [INFO]       OK   s100215_092128.rf.pcm: sb0:7al
[2026-05-15 13:02:31] [INFO]       OK   s100214_090727.rf.pcm: sb0:399al
[2026-05-15 13:02:32] [INFO]       OK   s100215_043317.rf.pcm: sb0:580al
[2026-05-15 13:02:32] [INFO]       OK   s100215_065549.rf.pcm: sb0:578al
[2026-05-15 13:02:32] [INFO]       OK   s100215_054147.rf.pcm: sb0:615al
[2026-05-15 13:02:32] [INFO]       OK   s100216_090047.rf.pcm: sb0:199al
[2026-05-15 13:02:32] [INFO]       OK   s100215_081257.rf.pcm: sb0:677al
[2026-05-15 13:02:32] [INFO]       OK   s100216_053518.rf.pcm: sb0:576al
[2026-05-15 13:02:32] [INFO]       OK   s100216_042657.rf.pcm: sb0:566al
[2026-05-15 13:02:32] [INFO]       OK   s100216_075217.rf.pcm: sb0:488al
[2026-05-15 13:02:32] [INFO]       OK   s100216_064347.rf.pcm: sb0:488al
[2026-05-15 13:02:33] [INFO]       OK   s100217_085309.rf.pcm: sb0:6al
[2026-05-15 13:02:33] [INFO]       OK   s100218_055317.rf.pcm: sb0:185al
[2026-05-15 13:02:33] [INFO]       OK   s100217_063619.rf.pcm: sb0:11al
[2026-05-15 13:02:33] [INFO]       OK   s100217_041807.rf.pcm: sb0:639al
[2026-05-15 13:02:33] [INFO]       OK   s100217_052748.rf.pcm: sb0:578al
[2026-05-15 13:02:33] [INFO]       OK   s100218_070149.rf.pcm: sb0:286al
[2026-05-15 13:02:33] [INFO]       OK   s100218_081017.rf.pcm: sb0:261al
[2026-05-15 13:02:33] [INFO]       OK   s100217_074447.rf.pcm: sb0:654al
[2026-05-15 13:02:33] [INFO]       OK   s100221_120857.rf.pcm: sb0:270al
[2026-05-15 13:02:33] [INFO]       OK   s100222_054211.rf.pcm: sb0:4al
[2026-05-15 13:02:34] [INFO]       OK   s100220_090740.rf.pcm: sb0:599al
[2026-05-15 13:02:34] [INFO]       OK   s100315_051832.rf.pcm: sb0:318al
[2026-05-15 13:02:34] [INFO]       OK   s100317_023929.rf.pcm: sb0:201al
[2026-05-15 13:02:34] [INFO]       OK   s100222_034329.rf.pcm: sb0:587al
[2026-05-15 13:02:34] [INFO]       OK   s100314_050757.rf.pcm: sb0:613al
[2026-05-15 13:02:34] [INFO]       OK   s100314_075759.rf.pcm: sb0:650al
[2026-05-15 13:02:34] [INFO]       OK   s100407_032646.rf.pcm: sb0:314al
[2026-05-15 13:02:34] [INFO]       OK   s100316_052826.rf.pcm: sb0:468al
[2026-05-15 13:02:34] [INFO]       OK   s100408_020837.rf.pcm: sb0:238al
[2026-05-15 13:02:34] [INFO]       OK   s100408_065826.rf.pcm: sb0:94al
[2026-05-15 13:02:34] [INFO]       OK   s100405_031625.rf.pcm: sb0:631al
[2026-05-15 13:02:35] [INFO]       OK   s100408_002507.rf.pcm: sb0:568al
[2026-05-15 13:02:35] [INFO]       OK   s100409_020606.rf.pcm: sb0:684al
[2026-05-15 13:02:37] [INFO]       OK   s100410_041600.rf.pcm: sb0:14al
[2026-05-15 13:02:39] [INFO]       OK   s100411_004606.rf.pcm: sb0:2362al
[2026-05-15 13:02:39] [INFO]       OK   s100411_015024.rf.pcm: sb0:2536al
[2026-05-15 13:02:39] [INFO]       OK   s100410_063629.rf.pcm: sb0:2585al
[2026-05-15 13:02:39] [INFO]       OK   s100409_023246.rf.pcm: sb0:2523al
[2026-05-15 13:02:39] [INFO]       OK   s100411_035826.rf.pcm: sb0:2580al
[2026-05-15 13:02:39] [INFO]       OK   s100411_025439.rf.pcm: sb0:2540al
[2026-05-15 13:02:39] [INFO]       OK   s100410_031146.rf.pcm: sb0:2427al
[2026-05-15 13:02:40] [INFO]       OK   s100412_021806.rf.pcm: sb0:659al
[2026-05-15 13:02:40] [INFO]       OK   s100412_055426.rf.pcm: sb0:375al
[2026-05-15 13:02:40] [INFO]       OK   s100412_051225.rf.pcm: sb0:665al
[2026-05-15 13:02:41] [INFO]       OK   s100412_073135.rf.pcm: sb0:270al
[2026-05-15 13:02:41] [INFO]       OK   s100412_030326.rf.pcm: sb0:1106al
[2026-05-15 13:02:41] [INFO]       OK   s100412_040745.rf.pcm: sb0:1262al
[2026-05-15 13:02:41] [INFO]       OK   s100411_050226.rf.pcm: sb0:2472al
[2026-05-15 13:02:41] [INFO]       OK   s100412_062726.rf.pcm: sb0:700al
[2026-05-15 13:02:42] [INFO]       OK   s100411_071026.rf.pcm: sb0:2098al
[2026-05-15 13:02:42] [INFO]       OK   s100411_060626.rf.pcm: sb0:2272al
[2026-05-15 13:02:42] [INFO]       OK   s100414_052947.rf.pcm: sb0:10al
[2026-05-15 13:02:42] [INFO]       SKIP s100414_054115.rf.pcm: too small (13x1024)
[2026-05-15 13:02:44] [INFO]       OK   s100413_022046.rf.pcm: sb0:2296al
[2026-05-15 13:02:44] [INFO]       OK   s100413_033539.rf.pcm: sb0:2397al
[2026-05-15 13:02:44] [INFO]       OK   s100414_015106.rf.pcm: sb0:2227al
[2026-05-15 13:02:45] [INFO]       OK   s100423_062107.rf.pcm: sb0:494al
[2026-05-15 13:02:45] [INFO]       OK   s100413_054342.rf.pcm: sb0:2349al
[2026-05-15 13:02:45] [INFO]       OK   s100413_043940.rf.pcm: sb0:2564al
[2026-05-15 13:02:45] [INFO]       OK   s100504_044056.rf.pcm: sb0:3al
[2026-05-15 13:02:45] [INFO]       OK   s100424_080947.rf.pcm: sb0:270al
[2026-05-15 13:02:45] [INFO]       OK   s100424_233207.rf.pcm: sb0:265al
[2026-05-15 13:02:45] [INFO]       OK   s100504_050316.rf.pcm: sb0:4al
[2026-05-15 13:02:45] [INFO]       OK   s100414_025527.rf.pcm: sb0:2512al
[2026-05-15 13:02:45] [INFO]       OK   s100503_075548.rf.pcm: sb0:298al
[2026-05-15 13:02:45] [INFO]       OK   s100425_075819.rf.pcm: sb0:400al
[2026-05-15 13:02:46] [INFO]       OK   s100414_035938.rf.pcm: sb0:2548al
[2026-05-15 13:02:46] [INFO]       OK   s100512_034229.rf.pcm: sb0:264al
[2026-05-15 13:02:46] [INFO]       OK   s100511_235247.rf.pcm: sb0:249al
[2026-05-15 13:02:46] [INFO]       OK   s100510_064217.rf.pcm: sb0:621al
[2026-05-15 13:02:46] [INFO]       OK   s100531_215737.rf.pcm: sb0:134al
[2026-05-15 13:02:46] [INFO]       OK   s100513_001827.rf.pcm: sb0:309al
[2026-05-15 13:02:46] [INFO]       OK   s100510_232705.rf.pcm: sb0:568al
[2026-05-15 13:02:46] [INFO]       OK   s100531_000507.rf.pcm: sb0:187al
[2026-05-15 13:02:46] [INFO]       SKIP s100603_002617.rf.pcm: too small (10x1024)
[2026-05-15 13:02:46] [INFO]       OK   s100414_054648.rf.pcm: sb0:2496al
[2026-05-15 13:02:46] [INFO]       OK   s100528_222807.rf.pcm: sb0:652al
[2026-05-15 13:02:46] [INFO]       OK   s100617_215729.rf.pcm: sb0:120al
[2026-05-15 13:02:46] [INFO]       OK   s100602_215745.rf.pcm: sb0:3al
[2026-05-15 13:02:46] [INFO]       OK   s100601_210757.rf.pcm: sb0:411al
[2026-05-15 13:02:46] [INFO]       OK   s100528_063027.rf.pcm: sb0:585al
[2026-05-15 13:02:46] [INFO]       OK   s100602_204537.rf.pcm: sb0:458al
[2026-05-15 13:02:47] [INFO]       OK   s100709_224429.rf.pcm: sb0:25al
[2026-05-15 13:02:47] [INFO]       OK   s100618_194205.rf.pcm: sb0:282al
[2026-05-15 13:02:47] [INFO]       OK   s100602_231407.rf.pcm: sb0:546al
[2026-05-15 13:02:47] [INFO]       OK   s100619_004545.rf.pcm: sb0:251al
[2026-05-15 13:02:47] [INFO]       OK   s100616_203607.rf.pcm: sb0:631al
[2026-05-15 13:02:47] [INFO]       OK   s100711_042711.rf.pcm: sb0:24al
[2026-05-15 13:02:47] [INFO]       OK   s100709_213326.rf.pcm: sb0:311al
[2026-05-15 13:02:47] [INFO]       OK   s100710_210217.rf.pcm: sb0:177al
[2026-05-15 13:02:47] [INFO]       OK   s100710_221517.rf.pcm: sb0:188al
[2026-05-15 13:02:47] [INFO]       OK   s100711_221157.rf.pcm: sb0:84al
[2026-05-15 13:02:47] [INFO]       OK   s100710_232717.rf.pcm: sb0:301al
[2026-05-15 13:02:47] [INFO]       OK   s100619_201319.rf.pcm: sb0:560al
[2026-05-15 13:02:47] [INFO]       OK   s100729_225515.rf.pcm: sb0:0al
[2026-05-15 13:02:47] [INFO]       OK   s100711_031617.rf.pcm: sb0:235al
[2026-05-15 13:02:47] [INFO]       OK   s100708_221747.rf.pcm: sb0:520al
[2026-05-15 13:02:47] [INFO]       OK   s100729_005249.rf.pcm: sb0:276al
[2026-05-15 13:02:48] [INFO]       OK   s100711_223659.rf.pcm: sb0:606al
[2026-05-15 13:02:48] [INFO]       OK   s100727_185519.rf.pcm: sb0:540al
[2026-05-15 13:02:48] [INFO]       OK   s100730_173215.rf.pcm: sb0:575al
[2026-05-15 13:02:48] [INFO]       OK   s100730_194915.rf.pcm: sb0:12al
[2026-05-15 13:02:48] [INFO]       OK   s100730_180309.rf.pcm: sb0:461al
[2026-05-15 13:02:48] [INFO]       OK   s100730_202009.rf.pcm: sb0:484al
[2026-05-15 13:02:48] [INFO]       OK   s100730_205106.rf.pcm: sb0:612al
[2026-05-15 13:02:48] [INFO]       OK   s100731_185905.rf.pcm: sb0:459al
[2026-05-15 13:02:48] [INFO]       OK   s100731_192959.rf.pcm: sb0:570al
[2026-05-15 13:02:48] [INFO]       OK   s100731_220119.rf.pcm: sb0:421al
[2026-05-15 13:02:48] [INFO]       OK   s100731_213025.rf.pcm: sb0:503al
[2026-05-15 13:02:49] [INFO]       OK   s100801_020405.rf.pcm: sb0:620al
[2026-05-15 13:02:49] [INFO]       OK   s100801_023459.rf.pcm: sb0:489al
[2026-05-15 13:02:49] [INFO]       OK   s100801_204455.rf.pcm: sb0:602al
[2026-05-15 13:02:49] [INFO]       OK   s100801_211549.rf.pcm: sb0:493al
[2026-05-15 13:02:49] [INFO]       OK   s100801_215325.rf.pcm: sb0:546al
[2026-05-15 13:02:49] [INFO]       OK   s100802_173825.rf.pcm: sb0:11al
[2026-05-15 13:02:49] [INFO]       OK   s100802_210937.rf.pcm: sb0:139al
[2026-05-15 13:02:49] [INFO]       OK   s100803_180926.rf.pcm: sb0:4al
[2026-05-15 13:02:49] [INFO]       OK   s100802_180919.rf.pcm: sb0:456al
[2026-05-15 13:02:49] [INFO]       OK   s100802_200735.rf.pcm: sb0:413al
[2026-05-15 13:02:49] [INFO]       OK   s100803_203820.rf.pcm: sb0:10al
[2026-05-15 13:02:49] [INFO]       OK   s100802_203829.rf.pcm: sb0:489al
[2026-05-15 13:02:49] [INFO]       OK   s100803_200725.rf.pcm: sb0:452al
[2026-05-15 13:02:49] [INFO]       OK   s100803_210937.rf.pcm: sb0:701al
[2026-05-15 13:02:50] [INFO]       OK   s100804_173545.rf.pcm: sb0:510al
[2026-05-15 13:02:50] [INFO]       OK   s100817_212214.rf.pcm: sb0:226al
[2026-05-15 13:02:50] [INFO]       OK   s100804_205709.rf.pcm: sb0:386al
[2026-05-15 13:02:50] [INFO]       OK   s100819_173737.rf.pcm: sb0:3al
[2026-05-15 13:02:50] [INFO]       OK   s100804_192225.rf.pcm: sb0:499al
[2026-05-15 13:02:50] [INFO]       OK   s100804_180640.rf.pcm: sb0:495al
[2026-05-15 13:02:50] [INFO]       OK   s100804_195319.rf.pcm: sb0:507al
[2026-05-15 13:02:50] [INFO]       OK   s100804_202615.rf.pcm: sb0:524al
[2026-05-15 13:02:50] [INFO]       OK   s100819_160704.rf.pcm: sb0:289al
[2026-05-15 13:02:50] [INFO]       OK   s100930_205730.rf.pcm: sb0:7al
[2026-05-15 13:02:50] [INFO]       OK   s100918_160849.rf.pcm: sb0:388al
[2026-05-15 13:02:50] [INFO]       OK   s100819_000802.rf.pcm: sb0:535al
[2026-05-15 13:02:50] [INFO]       SKIP s101002_171659.rf.pcm: too small (12x1024)
[2026-05-15 13:02:50] [INFO]       OK   s100919_145727.rf.pcm: sb0:337al
[2026-05-15 13:02:50] [INFO]       OK   s100930_212039.rf.pcm: sb0:8al
[2026-05-15 13:02:50] [INFO]       OK   s101001_171849.rf.pcm: sb0:5al
[2026-05-15 13:02:51] [INFO]       OK   s100904_221219.rf.pcm: sb0:548al
[2026-05-15 13:02:51] [INFO]       OK   s100917_165927.rf.pcm: sb0:580al
[2026-05-15 13:02:51] [INFO]       OK   s100905_214829.rf.pcm: sb0:724al
[2026-05-15 13:02:51] [INFO]       OK   s101022_162337.rf.pcm: sb0:293al
[2026-05-15 13:02:51] [INFO]       OK   s100930_162637.rf.pcm: sb0:773al
[2026-05-15 13:02:51] [INFO]       OK   s101023_190838.rf.pcm: sb0:15al
[2026-05-15 13:02:51] [INFO]       OK   s101002_175947.rf.pcm: sb0:499al
[2026-05-15 13:02:51] [INFO]       OK   s101023_202227.rf.pcm: sb0:284al
[2026-05-15 13:02:51] [INFO]       OK   s101021_180326.rf.pcm: sb0:774al
[2026-05-15 13:02:51] [INFO]       OK   s101023_160907.rf.pcm: sb0:463al
[2026-05-15 13:02:51] [INFO]       OK   s101102_124749.rf.pcm: sb0:581al
[2026-05-15 13:02:52] [INFO]       OK   s101103_163646.rf.pcm: sb0:9al
[2026-05-15 13:02:52] [INFO]       OK   s101102_140637.rf.pcm: sb0:668al
[2026-05-15 13:02:52] [INFO]       OK   s101103_130914.rf.pcm: sb0:556al
[2026-05-15 13:02:52] [INFO]       OK   s101102_191622.rf.pcm: sb0:5al
[2026-05-15 13:02:52] [INFO]       SKIP s101109_171144.rf.pcm: too small (10x1024)
[2026-05-15 13:02:52] [INFO]       SKIP s101109_173603.rf.pcm: too small (10x1024)
[2026-05-15 13:02:52] [INFO]       SKIP s101109_180004.rf.pcm: too small (10x1024)
[2026-05-15 13:02:52] [INFO]       SKIP s101109_182115.rf.pcm: too small (10x1024)
[2026-05-15 13:02:52] [INFO]       SKIP s101109_184552.rf.pcm: too small (10x1024)
[2026-05-15 13:02:52] [INFO]       OK   s101103_141813.rf.pcm: sb0:598al
[2026-05-15 13:02:52] [INFO]       OK   s101104_134310.rf.pcm: sb0:459al
[2026-05-15 13:02:52] [INFO]       OK   s101108_134349.rf.pcm: sb0:181al
[2026-05-15 13:02:52] [INFO]       OK   s101104_114842.rf.pcm: sb0:683al
[2026-05-15 13:02:52] [INFO]       OK   s101128_150750.rf.pcm: sb0:3al
[2026-05-15 13:02:52] [INFO]       OK   s101104_163926.rf.pcm: sb0:437al
[2026-05-15 13:02:53] [INFO]       OK   s101129_100206.rf.pcm: sb0:260al
[2026-05-15 13:02:53] [INFO]       OK   s101217_145010.rf.pcm: sb0:251al
[2026-05-15 13:02:53] [INFO]       OK   s101109_134058.rf.pcm: sb0:710al
[2026-05-15 13:02:53] [INFO]       OK   s101109_145357.rf.pcm: sb0:598al
[2026-05-15 13:02:53] [INFO]       OK   s101109_185700.rf.pcm: sb0:501al
[2026-05-15 13:02:53] [INFO]       OK   s101127_131707.rf.pcm: sb0:460al
[2026-05-15 13:02:53] [INFO]       OK   s101219_160619.rf.pcm: sb0:7al
[2026-05-15 13:02:53] [INFO]       OK   s101218_132828.rf.pcm: sb0:607al
[2026-05-15 13:02:53] [INFO]       OK   s110108_075729.rf.pcm: sb0:7al
[2026-05-15 13:02:54] [INFO]       OK   s101223_133927.rf.pcm: sb0:5al
[2026-05-15 13:02:54] [INFO]       OK   s110109_062927.rf.pcm: sb0:10al
[2026-05-15 13:02:54] [INFO]       OK   s101222_132327.rf.pcm: sb0:973al
[2026-05-15 13:02:54] [INFO]       OK   s110120_113759.rf.pcm: sb0:4al
[2026-05-15 13:02:55] [INFO]       OK   s110121_092929.rf.pcm: sb0:8al
[2026-05-15 13:02:55] [INFO]       OK   s110119_120150.rf.pcm: sb0:699al
[2026-05-15 13:02:55] [INFO]       OK   s110121_104045.rf.pcm: sb0:575al
[2026-05-15 13:02:55] [INFO]       OK   s110201_091304.rf.pcm: sb0:535al
[2026-05-15 13:02:55] [INFO]       OK   s110201_094410.rf.pcm: sb0:548al
[2026-05-15 13:02:56] [INFO]       OK   s110201_101804.rf.pcm: sb0:309al
[2026-05-15 13:02:56] [INFO]       OK   s110202_093114.rf.pcm: sb0:19al
[2026-05-15 13:02:56] [INFO]       SKIP s110203_044726.rf.pcm: too small (15x1024)
[2026-05-15 13:02:56] [INFO]       OK   s110202_090004.rf.pcm: sb0:366al
[2026-05-15 13:02:56] [INFO]       OK   s110203_051857.rf.pcm: sb0:9al
[2026-05-15 13:02:56] [INFO]       OK   s101221_153307.rf.pcm: sb0:1785al
[2026-05-15 13:02:56] [INFO]       OK   s110203_061808.rf.pcm: sb0:50al
[2026-05-15 13:02:56] [INFO]       OK   s110203_054757.rf.pcm: sb0:8al
[2026-05-15 13:02:56] [INFO]       OK   s110203_070629.rf.pcm: sb0:39al
[2026-05-15 13:02:56] [INFO]       OK   s110203_073038.rf.pcm: sb0:6al
[2026-05-15 13:02:56] [INFO]       OK   s110203_075447.rf.pcm: sb0:66al
[2026-05-15 13:02:56] [INFO]       SKIP s110203_084636.rf.pcm: too small (15x1024)
[2026-05-15 13:02:56] [INFO]       OK   s110202_100229.rf.pcm: sb0:642al
[2026-05-15 13:02:56] [INFO]       OK   s110203_064219.rf.pcm: sb0:106al
[2026-05-15 13:02:57] [INFO]       OK   s110203_082116.rf.pcm: sb0:5al
[2026-05-15 13:02:57] [INFO]       OK   s101222_095426.rf.pcm: sb0:2493al
[2026-05-15 13:02:57] [INFO]       SKIP s110203_105350.rf.pcm: too small (15x2048)
[2026-05-15 13:02:57] [INFO]       OK   s110203_094106.rf.pcm: sb0:58al
[2026-05-15 13:02:57] [INFO]       OK   s110203_100518.rf.pcm: sb0:6al
[2026-05-15 13:02:57] [INFO]       OK   s110203_091106.rf.pcm: sb0:6al
[2026-05-15 13:02:57] [INFO]       OK   s101222_105926.rf.pcm: sb0:2626al
[2026-05-15 13:02:57] [INFO]       OK   s101221_115107.rf.pcm: sb0:2479al
[2026-05-15 13:02:57] [INFO]       OK   s110203_102928.rf.pcm: sb0:65al
[2026-05-15 13:02:57] [INFO]       SKIP s110203_140129.rf.pcm: too small (15x1024)
[2026-05-15 13:02:57] [INFO]       OK   s110203_111756.rf.pcm: sb0:41al
[2026-05-15 13:02:57] [INFO]       OK   s110203_122408.rf.pcm: sb0:64al
[2026-05-15 13:02:57] [INFO]       OK   s110203_114720.rf.pcm: sb0:8al
[2026-05-15 13:02:57] [INFO]       OK   s110203_131249.rf.pcm: sb0:48al
[2026-05-15 13:02:57] [INFO]       OK   s110203_144958.rf.pcm: sb0:56al
[2026-05-15 13:02:57] [INFO]       OK   s110203_124838.rf.pcm: sb0:211al
[2026-05-15 13:02:57] [INFO]       OK   s110204_084729.rf.pcm: sb0:23al
[2026-05-15 13:02:57] [INFO]       SKIP s110204_105850.rf.pcm: too small (15x1024)
[2026-05-15 13:02:57] [INFO]       SKIP s110204_112610.rf.pcm: too small (15x1024)
[2026-05-15 13:02:57] [INFO]       OK   s110204_093006.rf.pcm: sb0:44al
[2026-05-15 13:02:57] [INFO]       OK   s101223_111947.rf.pcm: sb0:2682al
[2026-05-15 13:02:57] [INFO]       OK   s110203_142556.rf.pcm: sb0:158al
[2026-05-15 13:02:57] [INFO]       OK   s110203_133717.rf.pcm: sb0:221al
[2026-05-15 13:02:57] [INFO]       OK   s110204_095018.rf.pcm: sb0:58al
[2026-05-15 13:02:57] [INFO]       OK   s110204_101038.rf.pcm: sb0:61al
[2026-05-15 13:02:57] [INFO]       OK   s110204_114639.rf.pcm: sb0:56al
[2026-05-15 13:02:57] [INFO]       OK   s110204_103448.rf.pcm: sb0:5al
[2026-05-15 13:02:57] [INFO]       OK   s110204_124237.rf.pcm: sb0:3al
[2026-05-15 13:02:57] [INFO]       OK   s110204_134437.rf.pcm: sb0:56al
[2026-05-15 13:02:57] [INFO]       OK   s110204_132428.rf.pcm: sb0:68al
[2026-05-15 13:02:57] [INFO]       OK   s110204_130417.rf.pcm: sb0:43al
[2026-05-15 13:02:57] [INFO]       OK   s110204_121128.rf.pcm: sb0:209al
[2026-05-15 13:02:58] [INFO]       OK   s110207_102550.rf.pcm: sb0:102al
[2026-05-15 13:02:58] [INFO]       OK   s110207_063231.rf.pcm: sb0:280al
[2026-05-15 13:02:58] [INFO]       OK   s110226_080336.rf.pcm: sb0:227al
[2026-05-15 13:02:58] [INFO]       OK   s110207_105027.rf.pcm: sb0:29al
[2026-05-15 13:02:58] [INFO]       OK   s110325_045440.rf.pcm: sb0:345al
[2026-05-15 13:02:58] [INFO]       OK   s110207_085936.rf.pcm: sb0:425al
[2026-05-15 13:02:58] [INFO]       OK   s110407_094530.rf.pcm: sb0:5al
[2026-05-15 13:02:58] [INFO]       OK   s110326_054606.rf.pcm: sb0:279al
[2026-05-15 13:02:58] [INFO]       OK   s110227_041057.rf.pcm: sb0:560al
[2026-05-15 13:02:58] [INFO]       OK   s110225_072646.rf.pcm: sb0:630al
[2026-05-15 13:02:58] [INFO]       OK   s110324_043626.rf.pcm: sb0:584al
[2026-05-15 13:02:58] [INFO]       OK   s110325_031708.rf.pcm: sb0:590al
[2026-05-15 13:02:58] [INFO]       OK   s110409_065259.rf.pcm: sb0:34al
[2026-05-15 13:02:59] [INFO]       OK   s110410_025052.rf.pcm: sb0:242al
[2026-05-15 13:02:59] [INFO]       OK   s110410_045810.rf.pcm: sb0:7al
[2026-05-15 13:02:59] [INFO]       OK   s110409_092859.rf.pcm: sb0:28al
[2026-05-15 13:02:59] [INFO]       OK   s110410_041222.rf.pcm: sb0:240al
[2026-05-15 13:02:59] [INFO]       OK   s110409_053949.rf.pcm: sb0:517al
[2026-05-15 13:02:59] [INFO]       OK   s110410_053149.rf.pcm: sb0:244al
[2026-05-15 13:02:59] [INFO]       OK   s110410_060611.rf.pcm: sb0:8al
[2026-05-15 13:02:59] [INFO]       OK   s110410_012240.rf.pcm: sb0:513al
[2026-05-15 13:02:59] [INFO]       OK   s110410_071849.rf.pcm: sb0:10al
[2026-05-15 13:02:59] [INFO]       OK   s110410_075219.rf.pcm: sb0:9al
[2026-05-15 13:02:59] [INFO]       OK   s110411_001609.rf.pcm: sb0:92al
[2026-05-15 13:02:59] [INFO]       OK   s110411_012250.rf.pcm: sb0:26al
[2026-05-15 13:02:59] [INFO]       OK   s110410_064021.rf.pcm: sb0:10al
[2026-05-15 13:02:59] [INFO]       OK   s110410_082559.rf.pcm: sb0:264al
[2026-05-15 13:02:59] [INFO]       OK   s110411_042152.rf.pcm: sb0:6al
[2026-05-15 13:02:59] [INFO]       OK   s110410_093419.rf.pcm: sb0:4al
[2026-05-15 13:02:59] [INFO]       SKIP s110411_071100.rf.pcm: too small (13x1024)
[2026-05-15 13:02:59] [INFO]       OK   s110411_035804.rf.pcm: sb0:56al
[2026-05-15 13:02:59] [INFO]       OK   s110411_031013.rf.pcm: sb0:42al
[2026-05-15 13:02:59] [INFO]       OK   s110410_085959.rf.pcm: sb0:289al
[2026-05-15 13:02:59] [INFO]       OK   s110411_044942.rf.pcm: sb0:65al
[2026-05-15 13:02:59] [INFO]       OK   s110411_054420.rf.pcm: sb0:84al
[2026-05-15 13:02:59] [INFO]       OK   s110411_082211.rf.pcm: sb0:5al
[2026-05-15 13:02:59] [INFO]       OK   s110411_075812.rf.pcm: sb0:58al
[2026-05-15 13:02:59] [INFO]       OK   s110411_061352.rf.pcm: sb0:61al
[2026-05-15 13:02:59] [INFO]       OK   s110411_090811.rf.pcm: sb0:11al
[2026-05-15 13:02:59] [INFO]       OK   s110411_084531.rf.pcm: sb0:37al
[2026-05-15 13:02:59] [INFO]       OK   s110411_022632.rf.pcm: sb0:200al
[2026-05-15 13:02:59] [INFO]       OK   s110428_083937.rf.pcm: sb0:248al
[2026-05-15 13:02:59] [INFO]       OK   s110430_014957.rf.pcm: sb0:3al
[2026-05-15 13:03:00] [INFO]       OK   s110521_023157.rf.pcm: sb0:254al
[2026-05-15 13:03:00] [INFO]       OK   s110521_232058.rf.pcm: sb0:265al
[2026-05-15 13:03:00] [INFO]       OK   s110612_010627.rf.pcm: sb0:310al
[2026-05-15 13:03:00] [INFO]       OK   s110612_213827.rf.pcm: sb0:182al
[2026-05-15 13:03:00] [INFO]       OK   s110612_202307.rf.pcm: sb0:190al
[2026-05-15 13:03:00] [INFO]       OK   s110522_032218.rf.pcm: sb0:513al
[2026-05-15 13:03:00] [INFO]       OK   s110429_043116.rf.pcm: sb0:792al
[2026-05-15 13:03:00] [INFO]       OK   s110520_223716.rf.pcm: sb0:557al
[2026-05-15 13:03:00] [INFO]       OK   s110613_002259.rf.pcm: sb0:7al
[2026-05-15 13:03:00] [INFO]       OK   s110611_013808.rf.pcm: sb0:660al
[2026-05-15 13:03:00] [INFO]       OK   s110613_040039.rf.pcm: sb0:85al
[2026-05-15 13:03:00] [INFO]       OK   s110613_042009.rf.pcm: sb0:39al
[2026-05-15 13:03:00] [INFO]       OK   s110613_013547.rf.pcm: sb0:259al
[2026-05-15 13:03:00] [INFO]       OK   s110613_045857.rf.pcm: sb0:37al
[2026-05-15 13:03:00] [INFO]       OK   s110613_051818.rf.pcm: sb0:58al
[2026-05-15 13:03:00] [INFO]       OK   s110613_043937.rf.pcm: sb0:49al
[2026-05-15 13:03:00] [INFO]       OK   s110612_030416.rf.pcm: sb0:628al
[2026-05-15 13:03:00] [INFO]       OK   s110624_043729.rf.pcm: sb0:1al
[2026-05-15 13:03:00] [INFO]       OK   s110624_052129.rf.pcm: sb0:3al
[2026-05-15 13:03:00] [INFO]       OK   s110613_024827.rf.pcm: sb0:301al
[2026-05-15 13:03:00] [INFO]       OK   s110613_061648.rf.pcm: sb0:43al
[2026-05-15 13:03:00] [INFO]       OK   s110613_053807.rf.pcm: sb0:42al
[2026-05-15 13:03:00] [INFO]       OK   s110613_055727.rf.pcm: sb0:49al
[2026-05-15 13:03:01] [INFO]       OK   s110709_224951.rf.pcm: sb0:279al
[2026-05-15 13:03:01] [INFO]       OK   s110710_222503.rf.pcm: sb0:140al
[2026-05-15 13:03:01] [INFO]       OK   s110622_210816.rf.pcm: sb0:26al
[2026-05-15 13:03:02] [INFO]       OK   s110613_223348.rf.pcm: sb0:606al
[2026-05-15 13:03:02] [INFO]       OK   s110710_011939.rf.pcm: sb0:631al
[2026-05-15 13:03:02] [INFO]       OK   s110710_210448.rf.pcm: sb0:587al
[2026-05-15 13:03:02] [INFO]       SKIP s110719_024632.rf.pcm: too small (11x1024)
[2026-05-15 13:03:02] [INFO]       OK   s110711_181217.rf.pcm: sb0:502al
[2026-05-15 13:03:02] [INFO]       OK   s110712_031303.rf.pcm: sb0:294al
[2026-05-15 13:03:02] [INFO]       OK   s110711_192447.rf.pcm: sb0:769al
[2026-05-15 13:03:02] [INFO]       OK   s110711_215641.rf.pcm: sb0:528al
[2026-05-15 13:03:02] [INFO]       OK   s110712_042520.rf.pcm: sb0:26al
[2026-05-15 13:03:02] [INFO]       OK   s110711_230929.rf.pcm: sb0:590al
[2026-05-15 13:03:02] [INFO]       OK   s110719_020653.rf.pcm: sb0:294al
[2026-05-15 13:03:02] [INFO]       OK   s110801_200738.rf.pcm: sb0:7al
[2026-05-15 13:03:02] [INFO]       OK   s110730_212500.rf.pcm: sb0:297al
[2026-05-15 13:03:02] [INFO]       OK   s110731_232636.rf.pcm: sb0:250al
[2026-05-15 13:03:02] [INFO]       OK   s110801_224419.rf.pcm: sb0:6al
[2026-05-15 13:03:03] [INFO]       OK   s110729_222037.rf.pcm: sb0:609al
[2026-05-15 13:03:03] [INFO]       OK   s110802_012118.rf.pcm: sb0:235al
[2026-05-15 13:03:03] [INFO]       OK   s110802_023736.rf.pcm: sb0:4al
[2026-05-15 13:03:03] [INFO]       OK   s110731_181828.rf.pcm: sb0:680al
[2026-05-15 13:03:03] [INFO]       OK   s110801_185117.rf.pcm: sb0:653al
[2026-05-15 13:03:03] [INFO]       OK   s110801_212351.rf.pcm: sb0:682al
[2026-05-15 13:03:03] [INFO]       OK   s110821_193147.rf.pcm: sb0:6al
[2026-05-15 13:03:03] [INFO]       OK   s110822_202116.rf.pcm: sb0:336al
[2026-05-15 13:03:03] [INFO]       OK   s110912_165428.rf.pcm: sb0:6al
[2026-05-15 13:03:03] [INFO]       OK   s110802_000100.rf.pcm: sb0:736al
[2026-05-15 13:03:03] [INFO]       OK   s110822_232809.rf.pcm: sb0:5al
[2026-05-15 13:03:03] [INFO]       OK   s110924_183437.rf.pcm: sb0:5al
[2026-05-15 13:03:03] [INFO]       OK   s110914_141136.rf.pcm: sb0:220al
[2026-05-15 13:03:03] [INFO]       OK   s110823_200007.rf.pcm: sb0:733al
[2026-05-15 13:03:04] [INFO]       OK   s110823_223159.rf.pcm: sb0:764al
[2026-05-15 13:03:04] [INFO]       OK   s110927_133746.rf.pcm: sb0:305al
[2026-05-15 13:03:04] [INFO]       OK   s110913_175027.rf.pcm: sb0:597al
[2026-05-15 13:03:04] [INFO]       OK   s110925_181917.rf.pcm: sb0:451al
[2026-05-15 13:03:04] [INFO]       OK   s110915_212958.rf.pcm: sb0:690al
[2026-05-15 13:03:04] [INFO]       OK   s110924_193727.rf.pcm: sb0:680al
[2026-05-15 13:03:04] [INFO]       OK   s110928_231446.rf.pcm: sb0:127al
[2026-05-15 13:03:04] [INFO]       OK   s110928_151318.rf.pcm: sb0:668al
[2026-05-15 13:03:04] [INFO]       SKIP s111015_115457.rf.pcm: too small (12x1024)
[2026-05-15 13:03:04] [INFO]       OK   s110928_173128.rf.pcm: sb0:13al
[2026-05-15 13:03:04] [INFO]       OK   s110928_194856.rf.pcm: sb0:6al
[2026-05-15 13:03:04] [INFO]       OK   s110928_205746.rf.pcm: sb0:6al
[2026-05-15 13:03:04] [INFO]       OK   s110928_162238.rf.pcm: sb0:740al
[2026-05-15 13:03:04] [INFO]       OK   s110928_220616.rf.pcm: sb0:9al
[2026-05-15 13:03:05] [INFO]       OK   s110929_194627.rf.pcm: sb0:280al
[2026-05-15 13:03:05] [INFO]       OK   s110928_184016.rf.pcm: sb0:623al
[2026-05-15 13:03:05] [INFO]       OK   s111016_162428.rf.pcm: sb0:258al
[2026-05-15 13:03:05] [INFO]       OK   s111016_124738.rf.pcm: sb0:342al
[2026-05-15 13:03:05] [INFO]       OK   s111016_173659.rf.pcm: sb0:273al
[2026-05-15 13:03:05] [INFO]       OK   s111029_205217.rf.pcm: sb0:295al
[2026-05-15 13:03:05] [INFO]       OK   s111015_163837.rf.pcm: sb0:622al
[2026-05-15 13:03:05] [INFO]       OK   s111118_154809.rf.pcm: sb0:263al
[2026-05-15 13:03:05] [INFO]       OK   s111119_154539.rf.pcm: sb0:6al
[2026-05-15 13:03:05] [INFO]       OK   s111018_120237.rf.pcm: sb0:574al
[2026-05-15 13:03:05] [INFO]       OK   s111028_195017.rf.pcm: sb0:576al
[2026-05-15 13:03:05] [INFO]       OK   s111203_182017.rf.pcm: sb0:206al
[2026-05-15 13:03:05] [INFO]       OK   s111119_182737.rf.pcm: sb0:453al
[2026-05-15 13:03:06] [INFO]       OK   s111120_125418.rf.pcm: sb0:631al
[2026-05-15 13:03:06] [INFO]       OK   s111218_113737.rf.pcm: sb0:255al
[2026-05-15 13:03:06] [INFO]       OK   s111219_111747.rf.pcm: sb0:334al
[2026-05-15 13:03:06] [INFO]       OK   s111219_161747.rf.pcm: sb0:213al
[2026-05-15 13:03:06] [INFO]       OK   s111204_131937.rf.pcm: sb0:678al
[2026-05-15 13:03:06] [INFO]       OK   s111202_105958.rf.pcm: sb0:717al
[2026-05-15 13:03:06] [INFO]       OK   s111217_110957.rf.pcm: sb0:585al
[2026-05-15 13:03:06] [INFO]       OK   s111220_074056.rf.pcm: sb0:603al
[2026-05-15 13:03:06] [INFO]       SKIP s111220_164946.rf.pcm: too small (13x1024)
[2026-05-15 13:03:06] [INFO]       OK   s111220_132358.rf.pcm: sb0:6al
[2026-05-15 13:03:07] [INFO]       OK   s111220_084926.rf.pcm: sb0:677al
[2026-05-15 13:03:07] [INFO]       OK   s111220_095758.rf.pcm: sb0:631al
[2026-05-15 13:03:07] [INFO]       OK   s111220_154108.rf.pcm: sb0:11al
[2026-05-15 13:03:07] [INFO]       OK   s111220_110638.rf.pcm: sb0:472al
[2026-05-15 13:03:07] [INFO]       OK   s111220_121518.rf.pcm: sb0:565al
[2026-05-15 13:03:07] [INFO]       OK   s111220_143236.rf.pcm: sb0:582al
[2026-05-15 13:03:07] [INFO]       OK   s120115_080609.rf.pcm: sb0:46al
[2026-05-15 13:03:07] [INFO]       OK   s120120_065808.rf.pcm: sb0:5al
[2026-05-15 13:03:07] [INFO]       OK   s120106_091549.rf.pcm: sb0:277al
[2026-05-15 13:03:07] [INFO]       OK   s111221_073416.rf.pcm: sb0:8al
[2026-05-15 13:03:07] [INFO]       OK   s120205_083627.rf.pcm: sb0:281al
[2026-05-15 13:03:07] [INFO]       OK   s120105_141058.rf.pcm: sb0:606al
[2026-05-15 13:03:08] [INFO]       OK   s120108_093018.rf.pcm: sb0:629al
[2026-05-15 13:03:08] [INFO]       OK   s120121_075246.rf.pcm: sb0:713al
[2026-05-15 13:03:08] [INFO]       OK   s120203_055126.rf.pcm: sb0:605al
[2026-05-15 13:03:08] [INFO]       OK   s120204_121139.rf.pcm: sb0:511al
[2026-05-15 13:03:08] [INFO]       SKIP s120302_042715.rf.pcm: too small (15x2048)
[2026-05-15 13:03:08] [INFO]       OK   s120229_045755.rf.pcm: sb0:327al
[2026-05-15 13:03:08] [INFO]       OK   s120302_053207.rf.pcm: sb0:6al
[2026-05-15 13:03:08] [INFO]       OK   s120302_040732.rf.pcm: sb0:3al
[2026-05-15 13:03:08] [INFO]       OK   s120301_072208.rf.pcm: sb0:366al
[2026-05-15 13:03:08] [INFO]       OK   s120206_070526.rf.pcm: sb0:580al
[2026-05-15 13:03:08] [INFO]       OK   s120302_062947.rf.pcm: sb0:5al
[2026-05-15 13:03:08] [INFO]       OK   s120302_055147.rf.pcm: sb0:188al
[2026-05-15 13:03:08] [INFO]       OK   s120228_051738.rf.pcm: sb0:648al
[2026-05-15 13:03:08] [INFO]       SKIP s120319_052138.rf.pcm: too small (13x1024)
[2026-05-15 13:03:08] [INFO]       OK   s111221_084506.rf.pcm: sb0:1409al
[2026-05-15 13:03:08] [INFO]       OK   s120316_022816.rf.pcm: sb0:84al
[2026-05-15 13:03:08] [INFO]       OK   s120303_053906.rf.pcm: sb0:253al
[2026-05-15 13:03:09] [INFO]       OK   s120317_032758.rf.pcm: sb0:256al
[2026-05-15 13:03:09] [INFO]       OK   s120324_063007.rf.pcm: sb0:109al
[2026-05-15 13:03:09] [INFO]       SKIP s120221_084812.rf.pcm: Padded array too large: 42x2093056 = 87908352 elements
[2026-05-15 13:03:09] [INFO]       OK   s120319_110846.rf.pcm: sb0:336al
[2026-05-15 13:03:09] [INFO]       OK   s120407_031808.rf.pcm: sb0:242al
[2026-05-15 13:03:09] [INFO]       OK   s120316_025336.rf.pcm: sb0:595al
[2026-05-15 13:03:09] [INFO]       OK   s120408_022027.rf.pcm: sb0:231al
[2026-05-15 13:03:09] [INFO]       OK   s120319_054558.rf.pcm: sb0:468al
[2026-05-15 13:03:09] [INFO]       OK   s120408_051357.rf.pcm: sb0:241al
[2026-05-15 13:03:09] [INFO]       OK   s120406_021958.rf.pcm: sb0:664al
[2026-05-15 13:03:09] [INFO]       OK   s120302_070459.rf.pcm: sb0:689al
[2026-05-15 13:03:09] [INFO]       OK   s120502_231204.rf.pcm: sb0:150al
[2026-05-15 13:03:09] [INFO]       OK   s120421_044716.rf.pcm: sb0:219al
[2026-05-15 13:03:10] [INFO]       OK   s120504_010013.rf.pcm: sb0:193al
[2026-05-15 13:03:10] [INFO]       OK   s120420_063536.rf.pcm: sb0:672al
[2026-05-15 13:03:10] [INFO]       OK   s120505_024418.rf.pcm: sb0:309al
[2026-05-15 13:03:10] [INFO]       OK   s120503_234544.rf.pcm: sb0:10al
[2026-05-15 13:03:10] [INFO]       OK   s120504_032339.rf.pcm: sb0:287al
[2026-05-15 13:03:10] [INFO]       OK   s120422_005706.rf.pcm: sb0:525al
[2026-05-15 13:03:10] [INFO]       OK   s120502_065718.rf.pcm: sb0:477al
[2026-05-15 13:03:10] [INFO]       SKIP s120523_064928.rf.pcm: too small (11x512)
[2026-05-15 13:03:10] [INFO]       OK   s120503_224034.rf.pcm: sb0:526al
[2026-05-15 13:03:10] [INFO]       OK   s120524_215638.rf.pcm: sb0:248al
[2026-05-15 13:03:10] [INFO]       OK   s120505_052106.rf.pcm: sb0:383al
[2026-05-15 13:03:11] [INFO]       OK   s120523_000058.rf.pcm: sb0:494al
[2026-05-15 13:03:11] [INFO]       OK   s120523_022738.rf.pcm: sb0:475al
[2026-05-15 13:03:11] [INFO]       OK   s120523_045618.rf.pcm: sb0:663al
[2026-05-15 13:03:11] [INFO]       OK   s120505_040212.rf.pcm: sb0:660al
[2026-05-15 13:03:11] [INFO]       OK   s120522_223558.rf.pcm: sb0:637al
[2026-05-15 13:03:11] [INFO]       OK   s120524_012139.rf.pcm: sb0:505al
[2026-05-15 13:03:11] [INFO]       OK   s120526_014149.rf.pcm: sb0:341al
[2026-05-15 13:03:11] [INFO]       OK   s120614_215457.rf.pcm: sb0:4al
[2026-05-15 13:03:11] [INFO]       OK   s120525_234447.rf.pcm: sb0:675al
[2026-05-15 13:03:11] [INFO]       OK   s120526_022919.rf.pcm: sb0:588al
[2026-05-15 13:03:12] [INFO]       OK   s120616_201246.rf.pcm: sb0:894al
[2026-05-15 13:03:12] [INFO]       OK   s120615_031837.rf.pcm: sb0:19al
[2026-05-15 13:03:12] [INFO]       OK   s120614_222651.rf.pcm: sb0:914al
[2026-05-15 13:03:12] [INFO]       OK   s120615_042609.rf.pcm: sb0:14al
[2026-05-15 13:03:13] [INFO]       OK   s120615_053407.rf.pcm: sb0:817al
[2026-05-15 13:03:13] [INFO]       OK   s120615_021037.rf.pcm: sb0:1172al
[2026-05-15 13:03:13] [INFO]       OK   s120617_010119.rf.pcm: sb0:3al
[2026-05-15 13:03:13] [INFO]       OK   s120614_235418.rf.pcm: sb0:1170al
[2026-05-15 13:03:13] [INFO]       SKIP s120618_045838.rf.pcm: too small (15x1024)
[2026-05-15 13:03:13] [INFO]       OK   s120615_010257.rf.pcm: sb0:1432al
[2026-05-15 13:03:13] [INFO]       OK   s120616_212447.rf.pcm: sb0:702al
[2026-05-15 13:03:13] [INFO]       OK   s120616_234859.rf.pcm: sb0:619al
[2026-05-15 13:03:13] [INFO]       OK   s120616_223647.rf.pcm: sb0:813al
[2026-05-15 13:03:14] [INFO]       OK   s120727_011829.rf.pcm: sb0:5al
[2026-05-15 13:03:14] [INFO]       OK   s120617_022008.rf.pcm: sb0:483al
[2026-05-15 13:03:14] [INFO]       OK   s120707_003158.rf.pcm: sb0:287al
[2026-05-15 13:03:14] [INFO]       OK   s120708_215738.rf.pcm: sb0:223al
[2026-05-15 13:03:14] [INFO]       OK   s120617_033217.rf.pcm: sb0:569al
[2026-05-15 13:03:14] [INFO]       OK   s120728_224740.rf.pcm: sb0:10al
[2026-05-15 13:03:14] [INFO]       OK   s120617_044419.rf.pcm: sb0:622al
[2026-05-15 13:03:14] [INFO]       OK   s120705_230909.rf.pcm: sb0:614al
[2026-05-15 13:03:14] [INFO]       OK   s120730_003128.rf.pcm: sb0:60al
[2026-05-15 13:03:14] [INFO]       OK   s120707_224409.rf.pcm: sb0:650al
[2026-05-15 13:03:14] [INFO]       OK   s120729_232247.rf.pcm: sb0:214al
[2026-05-15 13:03:14] [INFO]       OK   s120727_014929.rf.pcm: sb0:582al
[2026-05-15 13:03:15] [INFO]       OK   s120810_215530.rf.pcm: sb0:401al
[2026-05-15 13:03:15] [INFO]       OK   s120811_181458.rf.pcm: sb0:355al
[2026-05-15 13:03:15] [INFO]       OK   s120729_192927.rf.pcm: sb0:623al
[2026-05-15 13:03:15] [INFO]       OK   s120812_173518.rf.pcm: sb0:370al
[2026-05-15 13:03:15] [INFO]       OK   s120809_182709.rf.pcm: sb0:566al
[2026-05-15 13:03:15] [INFO]       OK   s120810_180547.rf.pcm: sb0:737al
[2026-05-15 13:03:15] [INFO]       OK   s120812_204158.rf.pcm: sb0:265al
[2026-05-15 13:03:15] [INFO]       OK   s120831_174038.rf.pcm: sb0:276al
[2026-05-15 13:03:15] [INFO]       OK   s120811_193929.rf.pcm: sb0:607al
[2026-05-15 13:03:15] [INFO]       OK   s120901_162639.rf.pcm: sb0:254al
[2026-05-15 13:03:15] [INFO]       OK   s120830_162809.rf.pcm: sb0:651al
[2026-05-15 13:03:15] [INFO]       OK   s120922_135117.rf.pcm: sb0:116al
[2026-05-15 13:03:15] [INFO]       OK   s120921_184538.rf.pcm: sb0:284al
[2026-05-15 13:03:16] [INFO]       OK   s120922_143737.rf.pcm: sb0:199al
[2026-05-15 13:03:16] [INFO]       OK   s120901_174727.rf.pcm: sb0:579al
[2026-05-15 13:03:16] [INFO]       OK   s120902_144547.rf.pcm: sb0:553al
[2026-05-15 13:03:16] [INFO]       OK   s120920_170629.rf.pcm: sb0:550al
[2026-05-15 13:03:16] [INFO]       OK   s121007_151846.rf.pcm: sb0:331al
[2026-05-15 13:03:16] [INFO]       OK   s121007_141018.rf.pcm: sb0:250al
[2026-05-15 13:03:16] [INFO]       OK   s120922_151237.rf.pcm: sb0:499al
[2026-05-15 13:03:16] [INFO]       OK   s121020_115342.rf.pcm: sb0:35al
[2026-05-15 13:03:16] [INFO]       OK   s121020_121338.rf.pcm: sb0:43al
[2026-05-15 13:03:16] [INFO]       OK   s121020_123256.rf.pcm: sb0:24al
[2026-05-15 13:03:16] [INFO]       OK   s121020_125218.rf.pcm: sb0:44al
[2026-05-15 13:03:16] [INFO]       OK   s121020_131136.rf.pcm: sb0:69al
[2026-05-15 13:03:16] [INFO]       OK   s121008_125357.rf.pcm: sb0:583al
[2026-05-15 13:03:16] [INFO]       OK   s121005_162709.rf.pcm: sb0:734al
[2026-05-15 13:03:16] [INFO]       OK   s121020_133056.rf.pcm: sb0:46al
[2026-05-15 13:03:16] [INFO]       OK   s121020_140938.rf.pcm: sb0:4al
[2026-05-15 13:03:17] [INFO]       OK   s121020_135018.rf.pcm: sb0:62al
[2026-05-15 13:03:17] [INFO]       OK   s121020_144818.rf.pcm: sb0:5al
[2026-05-15 13:03:17] [INFO]       OK   s121008_140909.rf.pcm: sb0:537al
[2026-05-15 13:03:17] [INFO]       OK   s121020_142858.rf.pcm: sb0:46al
[2026-05-15 13:03:17] [INFO]       OK   s121020_152658.rf.pcm: sb0:41al
[2026-05-15 13:03:17] [INFO]       OK   s121020_150738.rf.pcm: sb0:43al
[2026-05-15 13:03:17] [INFO]       OK   s121020_154628.rf.pcm: sb0:53al
[2026-05-15 13:03:17] [INFO]       OK   s121008_152138.rf.pcm: sb0:775al
[2026-05-15 13:03:17] [INFO]       OK   s121019_161309.rf.pcm: sb0:638al
[2026-05-15 13:03:17] [INFO]       OK   s121020_160550.rf.pcm: sb0:20al
[2026-05-15 13:03:17] [INFO]       OK   s121020_162516.rf.pcm: sb0:54al
[2026-05-15 13:03:17] [INFO]       OK   s121020_174147.rf.pcm: sb0:6al
[2026-05-15 13:03:17] [INFO]       OK   s121020_172229.rf.pcm: sb0:7al
[2026-05-15 13:03:17] [INFO]       OK   s121020_180107.rf.pcm: sb0:6al
[2026-05-15 13:03:17] [INFO]       OK   s121020_182027.rf.pcm: sb0:7al
[2026-05-15 13:03:17] [INFO]       OK   s121020_170231.rf.pcm: sb0:106al
[2026-05-15 13:03:17] [INFO]       OK   s121020_185937.rf.pcm: sb0:8al
[2026-05-15 13:03:17] [INFO]       OK   s121020_193829.rf.pcm: sb0:5al
[2026-05-15 13:03:17] [INFO]       OK   s121020_183947.rf.pcm: sb0:123al
[2026-05-15 13:03:17] [INFO]       OK   s121020_203629.rf.pcm: sb0:6al
[2026-05-15 13:03:17] [INFO]       OK   s121020_195749.rf.pcm: sb0:231al
[2026-05-15 13:03:17] [INFO]       OK   s121020_191907.rf.pcm: sb0:221al
[2026-05-15 13:03:17] [INFO]       OK   s121020_201709.rf.pcm: sb0:129al
[2026-05-15 13:03:17] [INFO]       OK   s121020_205547.rf.pcm: sb0:105al
[2026-05-15 13:03:17] [INFO]       OK   s121020_213427.rf.pcm: sb0:11al
[2026-05-15 13:03:17] [INFO]       OK   s121020_211507.rf.pcm: sb0:175al
[2026-05-15 13:03:17] [INFO]       OK   s121023_141402.rf.pcm: sb0:113al
[2026-05-15 13:03:18] [INFO]       OK   s121021_131049.rf.pcm: sb0:335al
[2026-05-15 13:03:18] [INFO]       OK   s121206_180827.rf.pcm: sb0:3al
[2026-05-15 13:03:18] [INFO]       OK   s121117_130117.rf.pcm: sb0:222al
[2026-05-15 13:03:18] [INFO]       OK   s121118_125959.rf.pcm: sb0:250al
[2026-05-15 13:03:18] [INFO]       OK   s121023_155549.rf.pcm: sb0:9al
[2026-05-15 13:03:18] [INFO]       OK   s121119_122459.rf.pcm: sb0:32al
[2026-05-15 13:03:18] [INFO]       OK   s121022_153239.rf.pcm: sb0:459al
[2026-05-15 13:03:18] [INFO]       OK   s121221_113018.rf.pcm: sb0:106al
[2026-05-15 13:03:18] [INFO]       OK   s121207_172357.rf.pcm: sb0:267al
[2026-05-15 13:03:18] [INFO]       OK   s121208_140528.rf.pcm: sb0:185al
[2026-05-15 13:03:18] [INFO]       OK   s121116_132629.rf.pcm: sb0:647al
[2026-05-15 13:03:18] [INFO]       OK   s121222_104808.rf.pcm: sb0:117al
[2026-05-15 13:03:18] [INFO]       OK   s121223_101658.rf.pcm: sb0:101al
[2026-05-15 13:03:18] [INFO]       OK   s121223_090406.rf.pcm: sb0:4al
[2026-05-15 13:03:19] [INFO]       OK   s121223_124708.rf.pcm: sb0:156al
[2026-05-15 13:03:19] [INFO]       SKIP s130113_111023.rf.pcm: too small (10x1024)
[2026-05-15 13:03:19] [INFO]       OK   s121222_142527.rf.pcm: sb0:297al
[2026-05-15 13:03:19] [INFO]       OK   s130111_102638.rf.pcm: sb0:288al
[2026-05-15 13:03:19] [INFO]       OK   s121208_125319.rf.pcm: sb0:674al
[2026-05-15 13:03:19] [INFO]       OK   s121221_115559.rf.pcm: sb0:524al
[2026-05-15 13:03:19] [INFO]       OK   s130111_113524.rf.pcm: sb0:307al
[2026-05-15 13:03:19] [INFO]       OK   s130112_095603.rf.pcm: sb0:6al
[2026-05-15 13:03:19] [INFO]       OK   s130125_092234.rf.pcm: sb0:361al
[2026-05-15 13:03:19] [INFO]       OK   s130127_090834.rf.pcm: sb0:268al
[2026-05-15 13:03:19] [INFO]       OK   s130112_084553.rf.pcm: sb0:653al
[2026-05-15 13:03:20] [INFO]       OK   s130113_112613.rf.pcm: sb0:781al
[2026-05-15 13:03:20] [INFO]       OK   s130126_092043.rf.pcm: sb0:628al
[2026-05-15 13:03:20] [INFO]       OK   s130126_111915.rf.pcm: sb0:565al
[2026-05-15 13:03:20] [INFO]       OK   s130127_135013.rf.pcm: sb0:486al
[2026-05-15 13:03:20] [INFO]       OK   s130128_053518.rf.pcm: sb0:46al
[2026-05-15 13:03:21] [INFO]       OK   s130128_075103.rf.pcm: sb0:34al
[2026-05-15 13:03:21] [INFO]       OK   s130205_101029.rf.pcm: sb0:237al
[2026-05-15 13:03:22] [INFO]       OK   s130208_092445.rf.pcm: sb0:334al
[2026-05-15 13:03:22] [INFO]       OK   s130209_093204.rf.pcm: sb0:319al
[2026-05-15 13:03:22] [INFO]       OK   s130128_064303.rf.pcm: sb0:1297al
[2026-05-15 13:03:22] [INFO]       OK   s130128_085904.rf.pcm: sb0:1331al
[2026-05-15 13:03:22] [INFO]       OK   s130128_122343.rf.pcm: sb0:836al
[2026-05-15 13:03:22] [INFO]       OK   s130128_100744.rf.pcm: sb0:1461al
[2026-05-15 13:03:22] [INFO]       SKIP s130411_001806.rf.pcm: too small (10x1024)
[2026-05-15 13:03:22] [INFO]       SKIP s130411_003947.rf.pcm: too small (10x1024)
[2026-05-15 13:03:22] [INFO]       SKIP s130411_005936.rf.pcm: too small (10x1024)
[2026-05-15 13:03:22] [INFO]       SKIP s130411_011206.rf.pcm: too small (10x2048)
[2026-05-15 13:03:22] [INFO]       SKIP s130411_012436.rf.pcm: too small (10x512)
[2026-05-15 13:03:22] [INFO]       SKIP s130411_013706.rf.pcm: too small (10x2048)
[2026-05-15 13:03:22] [INFO]       SKIP s130411_015007.rf.pcm: too small (10x1024)
[2026-05-15 13:03:22] [INFO]       SKIP s130411_020236.rf.pcm: too small (10x2048)
[2026-05-15 13:03:22] [INFO]       SKIP s130411_021506.rf.pcm: too small (10x512)
[2026-05-15 13:03:22] [INFO]       SKIP s130411_022736.rf.pcm: too small (10x2048)
[2026-05-15 13:03:22] [INFO]       OK   s130128_133134.rf.pcm: sb0:1163al
[2026-05-15 13:03:22] [INFO]       SKIP s130411_024008.rf.pcm: too small (10x1024)
[2026-05-15 13:03:22] [INFO]       SKIP s130411_030506.rf.pcm: too small (10x512)
[2026-05-15 13:03:22] [INFO]       SKIP s130411_025237.rf.pcm: too small (10x2048)
[2026-05-15 13:03:22] [INFO]       SKIP s130411_031738.rf.pcm: too small (10x2048)
[2026-05-15 13:03:22] [INFO]       SKIP s130411_033517.rf.pcm: too small (10x1024)
[2026-05-15 13:03:22] [INFO]       SKIP s130411_034747.rf.pcm: too small (10x1024)
[2026-05-15 13:03:22] [INFO]       SKIP s130411_041638.rf.pcm: too small (10x512)
[2026-05-15 13:03:22] [INFO]       SKIP s130411_040408.rf.pcm: too small (10x2048)
[2026-05-15 13:03:22] [INFO]       SKIP s130411_044259.rf.pcm: too small (10x1024)
[2026-05-15 13:03:22] [INFO]       SKIP s130411_042909.rf.pcm: too small (10x2048)
[2026-05-15 13:03:22] [INFO]       OK   s130210_092454.rf.pcm: sb0:336al
[2026-05-15 13:03:22] [INFO]       SKIP s130411_045528.rf.pcm: too small (10x1024)
[2026-05-15 13:03:22] [INFO]       SKIP s130411_052038.rf.pcm: too small (10x512)
[2026-05-15 13:03:22] [INFO]       SKIP s130411_050757.rf.pcm: too small (10x2048)
[2026-05-15 13:03:22] [INFO]       SKIP s130411_054538.rf.pcm: too small (10x1024)
[2026-05-15 13:03:22] [INFO]       SKIP s130411_055808.rf.pcm: too small (10x1024)
[2026-05-15 13:03:22] [INFO]       SKIP s130411_053308.rf.pcm: too small (10x2048)
[2026-05-15 13:03:22] [INFO]       SKIP s130411_062306.rf.pcm: too small (10x512)
[2026-05-15 13:03:22] [INFO]       SKIP s130411_064806.rf.pcm: too small (10x1024)
[2026-05-15 13:03:22] [INFO]       SKIP s130411_061037.rf.pcm: too small (10x2048)
[2026-05-15 13:03:22] [INFO]       SKIP s130411_063536.rf.pcm: too small (10x2048)
[2026-05-15 13:03:22] [INFO]       SKIP s130411_070036.rf.pcm: too small (10x1024)
[2026-05-15 13:03:22] [INFO]       SKIP s130411_071306.rf.pcm: too small (10x2048)
[2026-05-15 13:03:22] [INFO]       SKIP s130411_072537.rf.pcm: too small (10x512)
[2026-05-15 13:03:22] [INFO]       SKIP s130411_073806.rf.pcm: too small (10x2048)
[2026-05-15 13:03:22] [INFO]       SKIP s130411_075046.rf.pcm: too small (10x1024)
[2026-05-15 13:03:22] [INFO]       SKIP s130411_080318.rf.pcm: too small (10x1024)
[2026-05-15 13:03:22] [INFO]       SKIP s130411_082818.rf.pcm: too small (10x512)
[2026-05-15 13:03:22] [INFO]       SKIP s130411_081546.rf.pcm: too small (10x2048)
[2026-05-15 13:03:22] [INFO]       SKIP s130411_084047.rf.pcm: too small (10x2048)
[2026-05-15 13:03:22] [INFO]       SKIP s130411_085307.rf.pcm: too small (10x1024)
[2026-05-15 13:03:22] [INFO]       SKIP s130411_090537.rf.pcm: too small (10x1024)
[2026-05-15 13:03:22] [INFO]       SKIP s130411_093017.rf.pcm: too small (10x512)
[2026-05-15 13:03:22] [INFO]       SKIP s130411_091757.rf.pcm: too small (10x2048)
[2026-05-15 13:03:22] [INFO]       SKIP s130411_094258.rf.pcm: too small (10x2048)
[2026-05-15 13:03:22] [INFO]       SKIP s130411_095526.rf.pcm: too small (10x1024)
[2026-05-15 13:03:22] [INFO]       SKIP s130411_100806.rf.pcm: too small (10x1024)
[2026-05-15 13:03:22] [INFO]       SKIP s130411_102106.rf.pcm: too small (10x2048)
[2026-05-15 13:03:22] [INFO]       SKIP s130412_101727.rf.pcm: too small (13x1024)
[2026-05-15 13:03:22] [INFO]       OK   s130128_111543.rf.pcm: sb0:1511al
[2026-05-15 13:03:22] [INFO]       SKIP s130414_032007.rf.pcm: too small (10x1024)
[2026-05-15 13:03:22] [INFO]       SKIP s130414_033238.rf.pcm: too small (10x1024)
[2026-05-15 13:03:22] [INFO]       SKIP s130414_034508.rf.pcm: too small (10x1024)
[2026-05-15 13:03:22] [INFO]       SKIP s130414_035858.rf.pcm: too small (10x1024)
[2026-05-15 13:03:22] [INFO]       SKIP s130414_041129.rf.pcm: too small (10x2048)
[2026-05-15 13:03:22] [INFO]       SKIP s130414_042358.rf.pcm: too small (10x2048)
[2026-05-15 13:03:22] [INFO]       SKIP s130414_044216.rf.pcm: too small (10x512)
[2026-05-15 13:03:22] [INFO]       SKIP s130414_045446.rf.pcm: too small (10x512)
[2026-05-15 13:03:22] [INFO]       SKIP s130414_050716.rf.pcm: too small (10x2048)
[2026-05-15 13:03:22] [INFO]       SKIP s130414_051948.rf.pcm: too small (10x2048)
[2026-05-15 13:03:22] [INFO]       SKIP s130414_054017.rf.pcm: too small (10x1024)
[2026-05-15 13:03:22] [INFO]       SKIP s130414_055248.rf.pcm: too small (10x1024)
[2026-05-15 13:03:22] [INFO]       SKIP s130414_060516.rf.pcm: too small (10x1024)
[2026-05-15 13:03:22] [INFO]       SKIP s130414_061746.rf.pcm: too small (10x1024)
[2026-05-15 13:03:22] [INFO]       SKIP s130414_063016.rf.pcm: too small (10x2048)
[2026-05-15 13:03:22] [INFO]       SKIP s130414_064246.rf.pcm: too small (10x2048)
[2026-05-15 13:03:22] [INFO]       SKIP s130414_065516.rf.pcm: too small (10x512)
[2026-05-15 13:03:22] [INFO]       OK   s130322_063723.rf.pcm: sb0:271al
[2026-05-15 13:03:22] [INFO]       OK   s130323_084955.rf.pcm: sb0:287al
[2026-05-15 13:03:23] [INFO]       OK   s130301_061128.rf.pcm: sb0:649al
[2026-05-15 13:03:23] [INFO]       OK   s130413_071156.rf.pcm: sb0:319al
[2026-05-15 13:03:23] [INFO]       OK   s130428_035217.rf.pcm: sb0:271al
[2026-05-15 13:03:23] [INFO]       SKIP s130430_061126.rf.pcm: too small (13x512)
[2026-05-15 13:03:23] [INFO]       OK   s130321_071057.rf.pcm: sb0:944al
[2026-05-15 13:03:23] [INFO]       OK   s130412_050527.rf.pcm: sb0:460al
[2026-05-15 13:03:23] [INFO]       OK   s130429_042348.rf.pcm: sb0:228al
[2026-05-15 13:03:23] [INFO]       OK   s130430_010256.rf.pcm: sb0:355al
[2026-05-15 13:03:23] [INFO]       OK   s130412_062636.rf.pcm: sb0:769al
[2026-05-15 13:03:23] [INFO]       OK   s130510_043736.rf.pcm: sb0:4al
[2026-05-15 13:03:24] [INFO]       OK   s130427_023908.rf.pcm: sb0:765al
[2026-05-15 13:03:24] [INFO]       OK   s130429_004928.rf.pcm: sb0:650al
[2026-05-15 13:03:24] [INFO]       OK   s130513_034308.rf.pcm: sb0:3al
[2026-05-15 13:03:24] [INFO]       OK   s130511_012358.rf.pcm: sb0:261al
[2026-05-15 13:03:24] [INFO]       OK   s130512_000336.rf.pcm: sb0:367al
[2026-05-15 13:03:24] [INFO]       OK   s130509_221956.rf.pcm: sb0:621al
[2026-05-15 13:03:24] [INFO]       OK   s130512_060618.rf.pcm: sb0:6al
[2026-05-15 13:03:24] [INFO]       OK   s130516_234927.rf.pcm: sb0:345al
[2026-05-15 13:03:24] [INFO]       OK   s130510_030038.rf.pcm: sb0:739al
[2026-05-15 13:03:24] [INFO]       OK   s130517_061328.rf.pcm: sb0:312al
[2026-05-15 13:03:25] [INFO]       OK   s130516_223905.rf.pcm: sb0:33al
[2026-05-15 13:03:25] [INFO]       SKIP s130603_062922.rf.pcm: too small (13x1024)
[2026-05-15 13:03:25] [INFO]       OK   s130518_223055.rf.pcm: sb0:578al
[2026-05-15 13:03:25] [INFO]       OK   s130517_041946.rf.pcm: sb0:19al
[2026-05-15 13:03:25] [INFO]       OK   s130603_052028.rf.pcm: sb0:569al
[2026-05-15 13:03:26] [INFO]       OK   s130619_234908.rf.pcm: sb0:4al
[2026-05-15 13:03:26] [INFO]       OK   s130603_234408.rf.pcm: sb0:540al
[2026-05-15 13:03:26] [INFO]       OK   s130517_020420.rf.pcm: sb0:1209al
[2026-05-15 13:03:26] [INFO]       SKIP s130704_012718.rf.pcm: too small (10x1024)
[2026-05-15 13:03:26] [INFO]       OK   s130618_231618.rf.pcm: sb0:567al
[2026-05-15 13:03:26] [INFO]       OK   s130517_004038.rf.pcm: sb0:1493al
[2026-05-15 13:03:26] [INFO]       OK   s130619_030036.rf.pcm: sb0:488al
[2026-05-15 13:03:26] [INFO]       OK   s130620_231008.rf.pcm: sb0:3al
[2026-05-15 13:03:26] [INFO]       OK   s130517_071046.rf.pcm: sb0:1218al
[2026-05-15 13:03:26] [INFO]       OK   s130517_031208.rf.pcm: sb0:1414al
[2026-05-15 13:03:26] [INFO]       OK   s130621_220626.rf.pcm: sb0:316al
[2026-05-15 13:03:26] [INFO]       OK   s130711_232836.rf.pcm: sb0:18al
[2026-05-15 13:03:27] [INFO]       OK   s130706_031048.rf.pcm: sb0:270al
[2026-05-15 13:03:27] [INFO]       OK   s130704_014348.rf.pcm: sb0:25al
[2026-05-15 13:03:27] [INFO]       OK   s130706_014257.rf.pcm: sb0:313al
[2026-05-15 13:03:27] [INFO]       SKIP s130724_002820.rf.pcm: too small (10x1024)
[2026-05-15 13:03:27] [INFO]       OK   s130711_001218.rf.pcm: sb0:5al
[2026-05-15 13:03:27] [INFO]       OK   s130704_233226.rf.pcm: sb0:593al
[2026-05-15 13:03:27] [INFO]       OK   s130722_192526.rf.pcm: sb0:168al
[2026-05-15 13:03:27] [INFO]       OK   s130722_203354.rf.pcm: sb0:251al
[2026-05-15 13:03:27] [INFO]       OK   s130706_191816.rf.pcm: sb0:520al
[2026-05-15 13:03:27] [INFO]       OK   s130709_204746.rf.pcm: sb0:704al
[2026-05-15 13:03:27] [INFO]       OK   s130811_184837.rf.pcm: sb0:205al
[2026-05-15 13:03:27] [INFO]       OK   s130811_211416.rf.pcm: sb0:4al
[2026-05-15 13:03:28] [INFO]       OK   s130808_194918.rf.pcm: sb0:603al
[2026-05-15 13:03:28] [INFO]       OK   s130810_190336.rf.pcm: sb0:341al
[2026-05-15 13:03:28] [INFO]       SKIP s130824_213403.rf.pcm: too small (10x1024)
[2026-05-15 13:03:28] [INFO]       OK   s130811_200139.rf.pcm: sb0:254al
[2026-05-15 13:03:28] [INFO]       OK   s130721_193516.rf.pcm: sb0:824al
[2026-05-15 13:03:28] [INFO]       OK   s130824_223214.rf.pcm: sb0:7al
[2026-05-15 13:03:28] [INFO]       OK   s130825_001038.rf.pcm: sb0:144al
[2026-05-15 13:03:28] [INFO]       OK   s130824_214637.rf.pcm: sb0:9al
[2026-05-15 13:03:28] [INFO]       OK   s130809_183846.rf.pcm: sb0:657al
[2026-05-15 13:03:28] [INFO]       OK   s130823_194509.rf.pcm: sb0:18al
[2026-05-15 13:03:28] [INFO]       OK   s130827_002016.rf.pcm: sb0:205al
[2026-05-15 13:03:28] [INFO]       OK   s130811_223507.rf.pcm: sb0:711al
[2026-05-15 13:03:28] [INFO]       OK   s130826_230042.rf.pcm: sb0:24al
[2026-05-15 13:03:28] [INFO]       OK   s130824_231226.rf.pcm: sb0:345al
[2026-05-15 13:03:28] [INFO]       OK   s130824_183528.rf.pcm: sb0:556al
[2026-05-15 13:03:28] [INFO]       OK   s130912_181128.rf.pcm: sb0:226al
[2026-05-15 13:03:29] [INFO]       OK   s130831_183317.rf.pcm: sb0:526al
[2026-05-15 13:03:29] [INFO]       OK   s130912_192017.rf.pcm: sb0:354al
[2026-05-15 13:03:29] [INFO]       OK   s130831_193926.rf.pcm: sb0:671al
[2026-05-15 13:03:29] [INFO]       OK   s130926_144658.rf.pcm: sb0:6al
[2026-05-15 13:03:29] [INFO]       OK   s130914_192658.rf.pcm: sb0:349al
[2026-05-15 13:03:29] [INFO]       OK   s130926_134728.rf.pcm: sb0:153al
[2026-05-15 13:03:29] [INFO]       OK   s130926_142648.rf.pcm: sb0:126al
[2026-05-15 13:03:29] [INFO]       OK   s130926_150647.rf.pcm: sb0:174al
[2026-05-15 13:03:29] [INFO]       OK   s130913_201936.rf.pcm: sb0:509al
[2026-05-15 13:03:29] [INFO]       OK   s130926_162619.rf.pcm: sb0:187al
[2026-05-15 13:03:29] [INFO]       OK   s130926_160609.rf.pcm: sb0:127al
[2026-05-15 13:03:29] [INFO]       OK   s130926_152638.rf.pcm: sb0:106al
[2026-05-15 13:03:29] [INFO]       OK   s130926_164539.rf.pcm: sb0:144al
[2026-05-15 13:03:29] [INFO]       OK   s130926_170459.rf.pcm: sb0:3al
[2026-05-15 13:03:29] [INFO]       OK   s130924_210818.rf.pcm: sb0:578al
[2026-05-15 13:03:29] [INFO]       OK   s130926_172418.rf.pcm: sb0:143al
[2026-05-15 13:03:29] [INFO]       OK   s130926_182228.rf.pcm: sb0:6al
[2026-05-15 13:03:29] [INFO]       OK   s130926_174339.rf.pcm: sb0:98al
[2026-05-15 13:03:29] [INFO]       OK   s130926_184148.rf.pcm: sb0:6al
[2026-05-15 13:03:29] [INFO]       OK   s130926_180307.rf.pcm: sb0:146al
[2026-05-15 13:03:30] [INFO]       OK   s130926_195539.rf.pcm: sb0:8al
[2026-05-15 13:03:30] [INFO]       OK   s130926_191659.rf.pcm: sb0:175al
[2026-05-15 13:03:30] [INFO]       OK   s130926_193618.rf.pcm: sb0:172al
[2026-05-15 13:03:30] [INFO]       OK   s130926_203417.rf.pcm: sb0:8al
[2026-05-15 13:03:30] [INFO]       OK   s130926_205340.rf.pcm: sb0:12al
[2026-05-15 13:03:30] [INFO]       OK   s130926_211309.rf.pcm: sb0:12al
[2026-05-15 13:03:30] [INFO]       OK   s130926_213229.rf.pcm: sb0:12al
[2026-05-15 13:03:30] [INFO]       OK   s130926_215159.rf.pcm: sb0:10al
[2026-05-15 13:03:30] [INFO]       OK   s130926_201459.rf.pcm: sb0:239al
[2026-05-15 13:03:30] [INFO]       OK   s130928_151317.rf.pcm: sb0:5al
[2026-05-15 13:03:30] [INFO]       OK   s130926_221119.rf.pcm: sb0:7al
[2026-05-15 13:03:30] [INFO]       OK   s130926_223058.rf.pcm: sb0:6al
[2026-05-15 13:03:30] [INFO]       OK   s130926_230937.rf.pcm: sb0:16al
[2026-05-15 13:03:30] [INFO]       OK   s130926_225018.rf.pcm: sb0:210al
[2026-05-15 13:03:30] [INFO]       OK   s130928_193536.rf.pcm: sb0:195al
[2026-05-15 13:03:30] [INFO]       OK   s130929_190437.rf.pcm: sb0:245al
[2026-05-15 13:03:30] [INFO]       OK   s130928_182909.rf.pcm: sb0:364al
[2026-05-15 13:03:30] [INFO]       OK   s130929_175617.rf.pcm: sb0:254al
[2026-05-15 13:03:31] [INFO]       OK   s130927_153717.rf.pcm: sb0:726al
[2026-05-15 13:03:31] [INFO]       OK   s131008_131206.rf.pcm: sb0:342al
[2026-05-15 13:03:31] [INFO]       OK   s131008_153029.rf.pcm: sb0:452al
[2026-05-15 13:03:31] [INFO]       OK   s131008_142116.rf.pcm: sb0:494al
[2026-05-15 13:03:31] [INFO]       OK   s131008_163908.rf.pcm: sb0:542al
[2026-05-15 13:03:31] [INFO]       OK   s131014_153459.rf.pcm: sb0:314al
[2026-05-15 13:03:31] [INFO]       OK   s131008_174748.rf.pcm: sb0:354al
[2026-05-15 13:03:31] [INFO]       OK   s131015_145259.rf.pcm: sb0:319al
[2026-05-15 13:03:31] [INFO]       OK   s131008_200517.rf.pcm: sb0:744al
[2026-05-15 13:03:31] [INFO]       OK   s131008_185638.rf.pcm: sb0:659al
[2026-05-15 13:03:32] [INFO]       OK   s131015_160144.rf.pcm: sb0:403al
[2026-05-15 13:03:32] [INFO]       SKIP s131127_133559.rf.pcm: too small (12x1024)
[2026-05-15 13:03:32] [INFO]       OK   s131024_144329.rf.pcm: sb0:373al
[2026-05-15 13:03:32] [INFO]       OK   s131013_160128.rf.pcm: sb0:585al
[2026-05-15 13:03:32] [INFO]       OK   s131027_140017.rf.pcm: sb0:312al
[2026-05-15 13:03:32] [INFO]       OK   s131025_142217.rf.pcm: sb0:22al
[2026-05-15 13:03:32] [INFO]       OK   s131126_132518.rf.pcm: sb0:157al
[2026-05-15 13:03:32] [INFO]       OK   s131027_182218.rf.pcm: sb0:287al
[2026-05-15 13:03:32] [INFO]       OK   s131026_133018.rf.pcm: sb0:622al
[2026-05-15 13:03:32] [INFO]       OK   s131129_153308.rf.pcm: sb0:288al
[2026-05-15 13:03:32] [INFO]       OK   s131128_113846.rf.pcm: sb0:22al
[2026-05-15 13:03:32] [INFO]       OK   s131129_181147.rf.pcm: sb0:301al
[2026-05-15 13:03:32] [INFO]       OK   s131203_104157.rf.pcm: sb0:350al
[2026-05-15 13:03:32] [INFO]       SKIP s131219_160159.rf.pcm: too small (12x512)
[2026-05-15 13:03:32] [INFO]       OK   s131127_143258.rf.pcm: sb0:655al
[2026-05-15 13:03:33] [INFO]       OK   s131128_102926.rf.pcm: sb0:569al
[2026-05-15 13:03:33] [INFO]       OK   s131218_112018.rf.pcm: sb0:297al
[2026-05-15 13:03:33] [INFO]       OK   s131219_093446.rf.pcm: sb0:220al
[2026-05-15 13:03:33] [INFO]       OK   s131128_124720.rf.pcm: sb0:775al
[2026-05-15 13:03:33] [INFO]       OK   s140107_100038.rf.pcm: sb0:114al
[2026-05-15 13:03:33] [INFO]       OK   s131220_110130.rf.pcm: sb0:310al
[2026-05-15 13:03:33] [INFO]       OK   s131219_163229.rf.pcm: sb0:502al
[2026-05-15 13:03:33] [INFO]       OK   s131217_095457.rf.pcm: sb0:571al
[2026-05-15 13:03:33] [INFO]       OK   s140108_081807.rf.pcm: sb0:273al
[2026-05-15 13:03:33] [INFO]       OK   s131219_125148.rf.pcm: sb0:615al
[2026-05-15 13:03:33] [INFO]       OK   s140131_091529.rf.pcm: sb0:393al
[2026-05-15 13:03:33] [INFO]       OK   s140110_093020.rf.pcm: sb0:13al
[2026-05-15 13:03:33] [INFO]       OK   s140109_094819.rf.pcm: sb0:6al
[2026-05-15 13:03:33] [INFO]       OK   s140130_080450.rf.pcm: sb0:4al
[2026-05-15 13:03:33] [INFO]       OK   s140202_065359.rf.pcm: sb0:3al
[2026-05-15 13:03:33] [INFO]       OK   s140202_085149.rf.pcm: sb0:138al
[2026-05-15 13:03:33] [INFO]       OK   s140201_055357.rf.pcm: sb0:277al
[2026-05-15 13:03:33] [INFO]       OK   s140314_052058.rf.pcm: sb0:108al
[2026-05-15 13:03:34] [INFO]       OK   s140320_073158.rf.pcm: sb0:336al
[2026-05-15 13:03:34] [INFO]       OK   s140322_041457.rf.pcm: sb0:321al
[2026-05-15 13:03:34] [INFO]       OK   s140322_052658.rf.pcm: sb0:314al
[2026-05-15 13:03:34] [INFO]       OK   s140201_075427.rf.pcm: sb0:573al
[2026-05-15 13:03:34] [INFO]       OK   s140323_040426.rf.pcm: sb0:26al
[2026-05-15 13:03:34] [INFO]       OK   s140219_052405.rf.pcm: sb0:524al
[2026-05-15 13:03:34] [INFO]       OK   s140321_035956.rf.pcm: sb0:802al
[2026-05-15 13:03:34] [INFO]       OK   s140323_051658.rf.pcm: sb0:645al
[2026-05-15 13:03:35] [INFO]       OK   s140324_082309.rf.pcm: sb0:320al
[2026-05-15 13:03:35] [INFO]       OK   s140405_051228.rf.pcm: sb0:131al
[2026-05-15 13:03:35] [INFO]       OK   s140324_034159.rf.pcm: sb0:541al
[2026-05-15 13:03:35] [INFO]       OK   s140405_035728.rf.pcm: sb0:10al
[2026-05-15 13:03:35] [INFO]       OK   s140324_023208.rf.pcm: sb0:19al
[2026-05-15 13:03:35] [INFO]       OK   s140411_032608.rf.pcm: sb0:340al
[2026-05-15 13:03:35] [INFO]       OK   s140406_040357.rf.pcm: sb0:536al
[2026-05-15 13:03:35] [INFO]       OK   s140407_063224.rf.pcm: sb0:498al
[2026-05-15 13:03:36] [INFO]       OK   s140409_045957.rf.pcm: sb0:508al
[2026-05-15 13:03:36] [INFO]       OK   s140410_051817.rf.pcm: sb0:593al
[2026-05-15 13:03:36] [INFO]       OK   s140324_060328.rf.pcm: sb0:763al
[2026-05-15 13:03:36] [INFO]       OK   s140324_071328.rf.pcm: sb0:948al
[2026-05-15 13:03:36] [INFO]       OK   s140415_074026.rf.pcm: sb0:10al
[2026-05-15 13:03:36] [INFO]       OK   s140413_061147.rf.pcm: sb0:426al
[2026-05-15 13:03:36] [INFO]       OK   s140415_043918.rf.pcm: sb0:326al
[2026-05-15 13:03:36] [INFO]       OK   s140413_035508.rf.pcm: sb0:495al
[2026-05-15 13:03:36] [INFO]       OK   s140415_071210.rf.pcm: sb0:188al
[2026-05-15 13:03:36] [INFO]       OK   s140415_031146.rf.pcm: sb0:487al
[2026-05-15 13:03:36] [INFO]       OK   s140412_042638.rf.pcm: sb0:717al
[2026-05-15 13:03:37] [INFO]       OK   s140415_080006.rf.pcm: sb0:6al
[2026-05-15 13:03:37] [INFO]       SKIP s140415_101747.rf.pcm: too small (10x2048)
[2026-05-15 13:03:37] [INFO]       OK   s140415_083927.rf.pcm: sb0:10al
[2026-05-15 13:03:37] [INFO]       OK   s140415_081947.rf.pcm: sb0:4al
[2026-05-15 13:03:37] [INFO]       OK   s140415_085907.rf.pcm: sb0:8al
[2026-05-15 13:03:37] [INFO]       SKIP s140416_032048.rf.pcm: too small (12x2048)
[2026-05-15 13:03:37] [INFO]       OK   s140415_093827.rf.pcm: sb0:11al
[2026-05-15 13:03:37] [INFO]       OK   s140415_091846.rf.pcm: sb0:118al
[2026-05-15 13:03:37] [INFO]       OK   s140415_095807.rf.pcm: sb0:172al
[2026-05-15 13:03:37] [INFO]       OK   s140324_045338.rf.pcm: sb0:1477al
[2026-05-15 13:03:37] [INFO]       OK   s140416_061037.rf.pcm: sb0:16al
[2026-05-15 13:03:37] [INFO]       OK   s140416_034610.rf.pcm: sb0:197al
[2026-05-15 13:03:37] [INFO]       OK   s140416_045828.rf.pcm: sb0:297al
[2026-05-15 13:03:38] [INFO]       OK   s140421_041948.rf.pcm: sb0:28al
[2026-05-15 13:03:38] [INFO]       OK   s140417_054737.rf.pcm: sb0:518al
[2026-05-15 13:03:38] [INFO]       OK   s140417_033148.rf.pcm: sb0:716al
[2026-05-15 13:03:38] [INFO]       OK   s140419_044626.rf.pcm: sb0:630al
[2026-05-15 13:03:38] [INFO]       SKIP s140519_054436.rf.pcm: too small (11x1024)
[2026-05-15 13:03:38] [INFO]       OK   s140416_010506.rf.pcm: sb0:16al
[2026-05-15 13:03:38] [INFO]       OK   s140421_031108.rf.pcm: sb0:677al
[2026-05-15 13:03:38] [INFO]       OK   s140425_033618.rf.pcm: sb0:236al
[2026-05-15 13:03:39] [INFO]       OK   s140519_061128.rf.pcm: sb0:10al
[2026-05-15 13:03:39] [INFO]       OK   t080812_235659.rf.pcm: sb0:189al
[2026-05-15 13:03:39] [INFO]       OK   s140426_022348.rf.pcm: sb0:479al
[2026-05-15 13:03:39] [INFO]       OK   s140427_021456.rf.pcm: sb0:739al
[2026-05-15 13:03:39] [INFO]       OK   s140520_033119.rf.pcm: sb0:556al
[2026-05-15 13:03:39] [INFO]       OK   s140416_021257.rf.pcm: sb0:1289al
[2026-05-15 13:03:39] [INFO]       OK   s150306_080939.rf.pcm: sb0:698al
[2026-05-15 13:03:39] [INFO]       SKIP t080922_202357.rf.pcm: too small (12x1024)
[2026-05-15 13:03:40] [INFO]       OK   t080813_213215.rf.pcm: sb0:19al
[2026-05-15 13:03:40] [INFO]       SKIP t081010_170603.rf.pcm: too small (10x1024)
[2026-05-15 13:03:40] [INFO]       OK   t081012_130414.rf.pcm: sb0:6al
[2026-05-15 13:03:40] [INFO]       OK   s140415_235715.rf.pcm: sb0:1913al
[2026-05-15 13:03:40] [INFO]       OK   t080814_220612.rf.pcm: sb0:662al
[2026-05-15 13:03:40] [INFO]       OK   t081012_132415.rf.pcm: sb0:7al
[2026-05-15 13:03:40] [INFO]       OK   t080831_154000.rf.pcm: sb0:525al
[2026-05-15 13:03:40] [INFO]       OK   t080831_200458.rf.pcm: sb0:529al
[2026-05-15 13:03:40] [INFO]       OK   t081010_161218.rf.pcm: sb0:219al
[2026-05-15 13:03:41] [INFO]       OK   t080922_134013.rf.pcm: sb0:198al
[2026-05-15 13:03:41] [INFO]       OK   t080902_173414.rf.pcm: sb0:672al
[2026-05-15 13:03:41] [INFO]       OK   t081013_165409.rf.pcm: sb0:565al
[2026-05-15 13:03:41] [INFO]       OK   t081012_164714.rf.pcm: sb0:682al
[2026-05-15 13:03:41] [INFO]       OK   t081013_192700.rf.pcm: sb0:410al
[2026-05-15 13:03:41] [INFO]       OK   t081013_180759.rf.pcm: sb0:794al
[2026-05-15 13:03:41] [INFO]       OK   t081013_203558.rf.pcm: sb0:528al
[2026-05-15 13:03:41] [INFO]       SKIP t081014_211848.rf.pcm: too small (13x1024)
[2026-05-15 13:03:42] [INFO]       OK   t081014_125636.rf.pcm: sb0:784al
[2026-05-15 13:03:42] [INFO]       OK   t081014_164935.rf.pcm: sb0:353al
[2026-05-15 13:03:42] [INFO]       OK   t081014_140955.rf.pcm: sb0:738al
[2026-05-15 13:03:42] [INFO]       OK   t081014_152255.rf.pcm: sb0:741al
[2026-05-15 13:03:42] [INFO]       OK   t081015_124940.rf.pcm: sb0:631al
[2026-05-15 13:03:42] [INFO]       OK   t081014_175014.rf.pcm: sb0:710al
[2026-05-15 13:03:43] [INFO]       OK   t081014_185948.rf.pcm: sb0:736al
[2026-05-15 13:03:43] [INFO]       OK   t081014_200914.rf.pcm: sb0:728al
[2026-05-15 13:03:43] [INFO]       OK   t081015_140159.rf.pcm: sb0:658al
[2026-05-15 13:03:43] [INFO]       OK   t081015_213720.rf.pcm: sb0:95al
[2026-05-15 13:03:43] [INFO]       OK   t081015_151419.rf.pcm: sb0:570al
[2026-05-15 13:03:43] [INFO]       OK   t081015_162659.rf.pcm: sb0:539al
[2026-05-15 13:03:43] [INFO]       OK   t081015_173919.rf.pcm: sb0:596al
[2026-05-15 13:03:43] [INFO]       OK   t081016_154419.rf.pcm: sb0:4al
[2026-05-15 13:03:43] [INFO]       OK   t081015_191200.rf.pcm: sb0:521al
[2026-05-15 13:03:43] [INFO]       OK   t081015_202509.rf.pcm: sb0:489al
[2026-05-15 13:03:44] [INFO]       OK   t081016_143139.rf.pcm: sb0:695al
[2026-05-15 13:03:44] [INFO]       OK   t081016_165639.rf.pcm: sb0:590al
[2026-05-15 13:03:44] [INFO]       OK   t081016_180909.rf.pcm: sb0:693al
[2026-05-15 13:03:44] [INFO]       OK   t081016_192129.rf.pcm: sb0:591al
[2026-05-15 13:03:44] [INFO]       OK   t081016_203349.rf.pcm: sb0:554al
[2026-05-15 13:03:44] [INFO]       OK   t081017_122039.rf.pcm: sb0:584al
[2026-05-15 13:03:44] [INFO]       OK   t081017_133641.rf.pcm: sb0:665al
[2026-05-15 13:03:44] [INFO]       OK   t081017_152950.rf.pcm: sb0:485al
[2026-05-15 13:03:45] [INFO]       OK   t081018_130139.rf.pcm: sb0:86al
[2026-05-15 13:03:45] [INFO]       OK   t081017_164219.rf.pcm: sb0:645al
[2026-05-15 13:03:45] [INFO]       OK   t081018_121106.rf.pcm: sb0:378al
[2026-05-15 13:03:45] [INFO]       SKIP t081024_161513.rf.pcm: too small (10x1024)
[2026-05-15 13:03:45] [INFO]       OK   t081017_201959.rf.pcm: sb0:520al
[2026-05-15 13:03:45] [INFO]       OK   t081017_190709.rf.pcm: sb0:612al
[2026-05-15 13:03:45] [INFO]       OK   t081017_175439.rf.pcm: sb0:753al
[2026-05-15 13:03:45] [INFO]       OK   t081018_132851.rf.pcm: sb0:552al
[2026-05-15 13:03:45] [INFO]       OK   t081018_143739.rf.pcm: sb0:562al
[2026-05-15 13:03:45] [INFO]       OK   t081018_154640.rf.pcm: sb0:442al
[2026-05-15 13:03:45] [INFO]       OK   t081018_165539.rf.pcm: sb0:637al
[2026-05-15 13:03:46] [INFO]       OK   t081113_195902.rf.pcm: sb0:4al
[2026-05-15 13:03:46] [INFO]       OK   t081024_162715.rf.pcm: sb0:449al
[2026-05-15 13:03:46] [INFO]       OK   t081024_181655.rf.pcm: sb0:309al
[2026-05-15 13:03:46] [INFO]       OK   t081112_194419.rf.pcm: sb0:285al
[2026-05-15 13:03:46] [INFO]       OK   t081115_171215.rf.pcm: sb0:6al
[2026-05-15 13:03:46] [INFO]       OK   t081025_144158.rf.pcm: sb0:530al
[2026-05-15 13:03:46] [INFO]       OK   t081026_113730.rf.pcm: sb0:560al
[2026-05-15 13:03:46] [INFO]       OK   t081026_142733.rf.pcm: sb0:664al
[2026-05-15 13:03:46] [INFO]       OK   t081202_153240.rf.pcm: sb0:807al
[2026-05-15 13:03:47] [INFO]       OK   t081115_125414.rf.pcm: sb0:711al
[2026-05-15 13:03:47] [INFO]       OK   t081212_082139.rf.pcm: sb0:511al
[2026-05-15 13:03:47] [INFO]       OK   t081201_115834.rf.pcm: sb0:753al
[2026-05-15 13:03:47] [INFO]       OK   t081203_114814.rf.pcm: sb0:837al
[2026-05-15 13:03:47] [INFO]       OK   t081213_102415.rf.pcm: sb0:694al
[2026-05-15 13:03:47] [INFO]       OK   t081214_105435.rf.pcm: sb0:735al
[2026-05-15 13:03:47] [INFO]       OK   t081214_133209.rf.pcm: sb0:538al
[2026-05-15 13:03:48] [INFO]       OK   t081222_171357.rf.pcm: sb0:8al
[2026-05-15 13:03:48] [INFO]       OK   t081222_082215.rf.pcm: sb0:744al
[2026-05-15 13:03:48] [INFO]       OK   t081222_120813.rf.pcm: sb0:741al
[2026-05-15 13:03:48] [INFO]       OK   t081222_103533.rf.pcm: sb0:736al
[2026-05-15 13:03:48] [INFO]       OK   t081222_133033.rf.pcm: sb0:709al
[2026-05-15 13:03:48] [INFO]       OK   t081222_144735.rf.pcm: sb0:723al
[2026-05-15 13:03:49] [INFO]       OK   t081223_090135.rf.pcm: sb0:8al
[2026-05-15 13:03:49] [INFO]       OK   t081222_160033.rf.pcm: sb0:722al
[2026-05-15 13:03:49] [INFO]       OK   t081223_074819.rf.pcm: sb0:740al
[2026-05-15 13:03:49] [INFO]       OK   t081223_101453.rf.pcm: sb0:655al
[2026-05-15 13:03:49] [INFO]       OK   t081223_135453.rf.pcm: sb0:708al
[2026-05-15 13:03:49] [INFO]       OK   t081223_112753.rf.pcm: sb0:676al
[2026-05-15 13:03:49] [INFO]       OK   t081223_124153.rf.pcm: sb0:743al
[2026-05-15 13:03:50] [INFO]       OK   t081224_090655.rf.pcm: sb0:9al
[2026-05-15 13:03:50] [INFO]       OK   t081223_150813.rf.pcm: sb0:702al
[2026-05-15 13:03:50] [INFO]       OK   t081223_162113.rf.pcm: sb0:740al
[2026-05-15 13:03:50] [INFO]       OK   t081224_103233.rf.pcm: sb0:702al
[2026-05-15 13:03:50] [INFO]       OK   t081225_085315.rf.pcm: sb0:3al
[2026-05-15 13:03:50] [INFO]       OK   t081224_114533.rf.pcm: sb0:777al
[2026-05-15 13:03:51] [INFO]       OK   t081224_152435.rf.pcm: sb0:753al
[2026-05-15 13:03:51] [INFO]       OK   t081224_141135.rf.pcm: sb0:735al
[2026-05-15 13:03:51] [INFO]       OK   t081224_125833.rf.pcm: sb0:771al
[2026-05-15 13:03:51] [INFO]       OK   t081224_163815.rf.pcm: sb0:718al
[2026-05-15 13:03:51] [INFO]       OK   t081225_074017.rf.pcm: sb0:788al
[2026-05-15 13:03:51] [INFO]       OK   t081225_131513.rf.pcm: sb0:4al
[2026-05-15 13:03:51] [INFO]       OK   t081225_093455.rf.pcm: sb0:680al
[2026-05-15 13:03:52] [INFO]       OK   t081225_104753.rf.pcm: sb0:711al
[2026-05-15 13:03:52] [INFO]       OK   t081225_120213.rf.pcm: sb0:672al
[2026-05-15 13:03:52] [INFO]       OK   t081225_134915.rf.pcm: sb0:727al
[2026-05-15 13:03:52] [INFO]       OK   t081225_150215.rf.pcm: sb0:726al
[2026-05-15 13:03:52] [INFO]       OK   t081225_161515.rf.pcm: sb0:711al
[2026-05-15 13:03:53] [INFO]       OK   t081226_074215.rf.pcm: sb0:784al
[2026-05-15 13:03:53] [INFO]       SKIP t081226_172659.rf.pcm: too small (12x1024)
[2026-05-15 13:03:53] [INFO]       OK   t081226_085535.rf.pcm: sb0:712al
[2026-05-15 13:03:53] [INFO]       OK   t081226_100833.rf.pcm: sb0:706al
[2026-05-15 13:03:53] [INFO]       OK   t081226_123433.rf.pcm: sb0:13al
[2026-05-15 13:03:53] [INFO]       OK   t081226_112133.rf.pcm: sb0:768al
[2026-05-15 13:03:54] [INFO]       OK   t081226_134753.rf.pcm: sb0:661al
[2026-05-15 13:03:54] [INFO]       OK   t081226_150055.rf.pcm: sb0:739al
[2026-05-15 13:03:54] [INFO]       OK   t081226_161353.rf.pcm: sb0:764al
[2026-05-15 13:03:54] [INFO]       OK   t081227_082736.rf.pcm: sb0:716al
[2026-05-15 13:03:54] [INFO]       OK   t081227_094033.rf.pcm: sb0:724al
[2026-05-15 13:03:54] [INFO]       OK   t081227_135514.rf.pcm: sb0:20al
[2026-05-15 13:03:54] [INFO]       OK   t081227_105333.rf.pcm: sb0:708al
[2026-05-15 13:03:54] [INFO]       OK   t081227_124213.rf.pcm: sb0:711al
[2026-05-15 13:03:54] [INFO]       OK   t081227_162115.rf.pcm: sb0:6al
[2026-05-15 13:03:55] [INFO]       OK   t081230_095828.rf.pcm: sb0:6al
[2026-05-15 13:03:55] [INFO]       SKIP t090101_165035.rf.pcm: too small (13x1024)
[2026-05-15 13:03:55] [INFO]       SKIP t090115_030742.rf.pcm: too small (10x512)
[2026-05-15 13:03:55] [INFO]       SKIP t090115_033038.rf.pcm: too small (10x512)
[2026-05-15 13:03:55] [INFO]       OK   t090116_073410.rf.pcm: sb0:4al
[2026-05-15 13:03:55] [INFO]       OK   t081228_083821.rf.pcm: sb0:724al
[2026-05-15 13:03:55] [INFO]       OK   t081227_150814.rf.pcm: sb0:773al
[2026-05-15 13:03:55] [INFO]       OK   t081231_120458.rf.pcm: sb0:401al
[2026-05-15 13:03:56] [INFO]       OK   t081231_075315.rf.pcm: sb0:744al
[2026-05-15 13:03:56] [INFO]       SKIP t090211_072613.rf.pcm: too small (11x1024)
[2026-05-15 13:03:56] [INFO]       OK   t090126_071942.rf.pcm: sb0:103al
[2026-05-15 13:03:56] [INFO]       OK   t090101_100933.rf.pcm: sb0:658al
[2026-05-15 13:03:56] [INFO]       OK   t090101_112313.rf.pcm: sb0:669al
[2026-05-15 13:03:56] [INFO]       OK   t090101_141316.rf.pcm: sb0:719al
[2026-05-15 13:03:56] [INFO]       OK   t090124_101418.rf.pcm: sb0:553al
[2026-05-15 13:03:56] [INFO]       OK   t090125_073058.rf.pcm: sb0:648al
[2026-05-15 13:03:56] [INFO]       OK   t090123_060654.rf.pcm: sb0:680al
[2026-05-15 13:03:56] [INFO]       OK   t090220_090753.rf.pcm: sb0:12al
[2026-05-15 13:03:57] [INFO]       OK   t090211_080413.rf.pcm: sb0:669al
[2026-05-15 13:03:57] [INFO]       OK   t090306_025939.rf.pcm: sb0:484al
[2026-05-15 13:03:57] [INFO]       OK   t090222_065343.rf.pcm: sb0:676al
[2026-05-15 13:03:57] [INFO]       OK   t090221_064413.rf.pcm: sb0:667al
[2026-05-15 13:03:57] [INFO]       OK   t090306_052529.rf.pcm: sb0:530al
[2026-05-15 13:03:57] [INFO]       OK   t090222_052755.rf.pcm: sb0:751al
[2026-05-15 13:03:57] [INFO]       OK   t090306_040810.rf.pcm: sb0:622al
[2026-05-15 13:03:57] [INFO]       OK   t090314_051058.rf.pcm: sb0:565al
[2026-05-15 13:03:57] [INFO]       OK   t090410_025408.rf.pcm: sb0:236al
[2026-05-15 13:03:58] [INFO]       OK   t090411_012115.rf.pcm: sb0:17al
[2026-05-15 13:03:58] [INFO]       OK   t090315_070618.rf.pcm: sb0:571al
[2026-05-15 13:03:58] [INFO]       SKIP t090424_000715.rf.pcm: too small (15x1024)
[2026-05-15 13:03:58] [INFO]       OK   t090317_081358.rf.pcm: sb0:28al
[2026-05-15 13:03:58] [INFO]       OK   t090317_065818.rf.pcm: sb0:531al
[2026-05-15 13:03:58] [INFO]       OK   t090409_062258.rf.pcm: sb0:588al
[2026-05-15 13:03:58] [INFO]       SKIP t090520_075502.rf.pcm: too small (14x1024)
[2026-05-15 13:03:58] [INFO]       OK   t090316_070554.rf.pcm: sb0:723al
[2026-05-15 13:03:58] [INFO]       OK   t090407_082454.rf.pcm: sb0:723al
[2026-05-15 13:03:58] [INFO]       OK   t090521_042514.rf.pcm: sb0:4al
[2026-05-15 13:03:58] [INFO]       OK   t090424_003514.rf.pcm: sb0:528al
[2026-05-15 13:03:58] [INFO]       OK   t090521_213449.rf.pcm: sb0:190al
[2026-05-15 13:03:58] [INFO]       OK   t090412_012520.rf.pcm: sb0:782al
[2026-05-15 13:03:58] [INFO]       OK   t090413_030149.rf.pcm: sb0:440al
[2026-05-15 13:03:58] [INFO]       SKIP t090630_204808.rf.pcm: too small (10x1024)
[2026-05-15 13:03:58] [INFO]       OK   t090426_072910.rf.pcm: sb0:21al
[2026-05-15 13:03:58] [INFO]       OK   t090522_212711.rf.pcm: sb0:241al
[2026-05-15 13:03:58] [INFO]       SKIP t090724_220658.rf.pcm: too small (13x1024)
[2026-05-15 13:03:59] [INFO]       OK   t090609_213101.rf.pcm: sb0:340al
[2026-05-15 13:03:59] [INFO]       OK   t090425_035214.rf.pcm: sb0:735al
[2026-05-15 13:03:59] [INFO]       OK   t090606_222228.rf.pcm: sb0:448al
[2026-05-15 13:03:59] [INFO]       OK   t090608_002410.rf.pcm: sb0:560al
[2026-05-15 13:03:59] [INFO]       OK   t090630_224450.rf.pcm: sb0:594al
[2026-05-15 13:03:59] [INFO]       OK   t090724_225219.rf.pcm: sb0:581al
[2026-05-15 13:03:59] [INFO]       OK   t090701_202641.rf.pcm: sb0:709al
[2026-05-15 13:03:59] [INFO]       SKIP t090810_171537.rf.pcm: too small (10x1024)
[2026-05-15 13:03:59] [INFO]       OK   t090608_014354.rf.pcm: sb0:727al
[2026-05-15 13:03:59] [INFO]       OK   t090725_202334.rf.pcm: sb0:629al
[2026-05-15 13:03:59] [INFO]       OK   t090810_165511.rf.pcm: sb0:5al
[2026-05-15 13:03:59] [INFO]       OK   t090725_212415.rf.pcm: sb0:537al
[2026-05-15 13:03:59] [INFO]       OK   t090810_175700.rf.pcm: sb0:78al
[2026-05-15 13:03:59] [INFO]       OK   t090811_201019.rf.pcm: sb0:7al
[2026-05-15 13:03:59] [INFO]       OK   t090821_165300.rf.pcm: sb0:246al
[2026-05-15 13:04:00] [INFO]       OK   t090727_203614.rf.pcm: sb0:746al
[2026-05-15 13:04:00] [INFO]       OK   t090729_203616.rf.pcm: sb0:709al
[2026-05-15 13:04:00] [INFO]       OK   t090729_214745.rf.pcm: sb0:696al
[2026-05-15 13:04:00] [INFO]       OK   t090813_191530.rf.pcm: sb0:617al
[2026-05-15 13:04:00] [INFO]       OK   t090813_202819.rf.pcm: sb0:685al
[2026-05-15 13:04:00] [INFO]       OK   t090821_194418.rf.pcm: sb0:344al
[2026-05-15 13:04:00] [INFO]       OK   t090812_192154.rf.pcm: sb0:649al
[2026-05-15 13:04:00] [INFO]       OK   t090821_213248.rf.pcm: sb0:181al
[2026-05-15 13:04:00] [INFO]       OK   t090821_172648.rf.pcm: sb0:734al
[2026-05-15 13:04:00] [INFO]       OK   t090821_183548.rf.pcm: sb0:768al
[2026-05-15 13:04:00] [INFO]       OK   t090821_202418.rf.pcm: sb0:607al
[2026-05-15 13:04:00] [INFO]       SKIP t090823_001920.rf.pcm: too small (13x1024)
[2026-05-15 13:04:00] [INFO]       OK   t090822_184630.rf.pcm: sb0:26al
[2026-05-15 13:04:00] [INFO]       OK   t090822_164358.rf.pcm: sb0:412al
[2026-05-15 13:04:00] [INFO]       OK   t090822_195458.rf.pcm: sb0:323al
[2026-05-15 13:04:01] [INFO]       OK   t090822_173759.rf.pcm: sb0:537al
[2026-05-15 13:04:01] [INFO]       OK   t090822_205140.rf.pcm: sb0:17al
[2026-05-15 13:04:01] [INFO]       OK   t090822_220200.rf.pcm: sb0:673al
[2026-05-15 13:04:01] [INFO]       OK   t090822_231040.rf.pcm: sb0:507al
[2026-05-15 13:04:01] [INFO]       OK   t090823_173309.rf.pcm: sb0:518al
[2026-05-15 13:04:01] [INFO]       OK   t090823_184139.rf.pcm: sb0:461al
[2026-05-15 13:04:01] [INFO]       OK   t090823_195009.rf.pcm: sb0:466al
[2026-05-15 13:04:01] [INFO]       OK   t090823_205839.rf.pcm: sb0:573al
[2026-05-15 13:04:01] [INFO]       OK   t090824_195228.rf.pcm: sb0:471al
[2026-05-15 13:04:01] [INFO]       OK   t090824_184400.rf.pcm: sb0:543al
[2026-05-15 13:04:02] [INFO]       OK   t090824_210058.rf.pcm: sb0:472al
[2026-05-15 13:04:02] [INFO]       OK   t090824_220932.rf.pcm: sb0:476al
[2026-05-15 13:04:02] [INFO]       OK   t090824_231810.rf.pcm: sb0:540al
[2026-05-15 13:04:02] [INFO]       OK   t090825_161927.rf.pcm: sb0:578al
[2026-05-15 13:04:02] [INFO]       OK   t090825_002640.rf.pcm: sb0:611al
[2026-05-15 13:04:02] [INFO]       OK   t090825_172707.rf.pcm: sb0:464al
[2026-05-15 13:04:02] [INFO]       OK   t090825_183530.rf.pcm: sb0:528al
[2026-05-15 13:04:02] [INFO]       OK   t090825_194951.rf.pcm: sb0:560al
[2026-05-15 13:04:02] [INFO]       OK   t090825_220732.rf.pcm: sb0:252al
[2026-05-15 13:04:02] [INFO]       OK   t090826_165634.rf.pcm: sb0:517al
[2026-05-15 13:04:03] [INFO]       OK   t090825_205900.rf.pcm: sb0:604al
[2026-05-15 13:04:03] [INFO]       OK   t090825_224840.rf.pcm: sb0:493al
[2026-05-15 13:04:03] [INFO]       OK   t090825_235710.rf.pcm: sb0:563al
[2026-05-15 13:04:03] [INFO]       OK   t090826_174408.rf.pcm: sb0:638al
[2026-05-15 13:04:03] [INFO]       OK   t090826_210950.rf.pcm: sb0:739al
[2026-05-15 13:04:03] [INFO]       OK   t090826_185250.rf.pcm: sb0:618al
[2026-05-15 13:04:03] [INFO]       OK   t090826_200118.rf.pcm: sb0:532al
[2026-05-15 13:04:03] [INFO]       OK   t090827_221223.rf.pcm: sb0:77al
[2026-05-15 13:04:03] [INFO]       OK   t090827_163219.rf.pcm: sb0:543al
[2026-05-15 13:04:03] [INFO]       OK   t090826_221820.rf.pcm: sb0:654al
[2026-05-15 13:04:03] [INFO]       OK   t090827_195749.rf.pcm: sb0:283al
[2026-05-15 13:04:03] [INFO]       OK   t090827_205658.rf.pcm: sb0:5al
[2026-05-15 13:04:03] [INFO]       OK   t090827_174049.rf.pcm: sb0:609al
[2026-05-15 13:04:03] [INFO]       SKIP t090831_222027.rf.pcm: too small (15x1024)
[2026-05-15 13:04:04] [INFO]       OK   t090827_184919.rf.pcm: sb0:596al
[2026-05-15 13:04:04] [INFO]       OK   t090831_184718.rf.pcm: sb0:5al
[2026-05-15 13:04:04] [INFO]       OK   t090831_203033.rf.pcm: sb0:101al
[2026-05-15 13:04:04] [INFO]       OK   t090901_004500.rf.pcm: sb0:3al
[2026-05-15 13:04:04] [INFO]       SKIP t090923_203417.rf.pcm: too small (15x1024)
[2026-05-15 13:04:04] [INFO]       OK   t090827_224519.rf.pcm: sb0:616al
[2026-05-15 13:04:04] [INFO]       OK   t090831_224137.rf.pcm: sb0:3al
[2026-05-15 13:04:04] [INFO]       OK   t090829_184140.rf.pcm: sb0:561al
[2026-05-15 13:04:04] [INFO]       OK   t091005_125949.rf.pcm: sb0:141al
[2026-05-15 13:04:04] [INFO]       OK   t091005_133620.rf.pcm: sb0:69al
[2026-05-15 13:04:04] [INFO]       OK   t090831_154155.rf.pcm: sb0:676al
[2026-05-15 13:04:04] [INFO]       OK   t090921_170329.rf.pcm: sb0:611al
[2026-05-15 13:04:04] [INFO]       OK   t090830_201258.rf.pcm: sb0:631al
[2026-05-15 13:04:05] [INFO]       OK   t091005_135750.rf.pcm: sb0:670al
[2026-05-15 13:04:05] [INFO]       SKIP t091006_130219.rf.pcm: too small (13x1024)
[2026-05-15 13:04:05] [INFO]       OK   t090922_174116.rf.pcm: sb0:705al
[2026-05-15 13:04:05] [INFO]       OK   t091005_150738.rf.pcm: sb0:571al
[2026-05-15 13:04:05] [INFO]       OK   t091005_161629.rf.pcm: sb0:516al
[2026-05-15 13:04:05] [INFO]       OK   t091005_172510.rf.pcm: sb0:539al
[2026-05-15 13:04:05] [INFO]       OK   t091005_194250.rf.pcm: sb0:535al
[2026-05-15 13:04:05] [INFO]       OK   t091005_205139.rf.pcm: sb0:570al
[2026-05-15 13:04:05] [INFO]       OK   t091005_183400.rf.pcm: sb0:544al
[2026-05-15 13:04:05] [INFO]       OK   t091006_132330.rf.pcm: sb0:535al
[2026-05-15 13:04:05] [INFO]       OK   t091006_201620.rf.pcm: sb0:135al
[2026-05-15 13:04:05] [INFO]       OK   t091006_143219.rf.pcm: sb0:632al
[2026-05-15 13:04:05] [INFO]       OK   t091006_154100.rf.pcm: sb0:501al
[2026-05-15 13:04:05] [INFO]       OK   t091006_164948.rf.pcm: sb0:536al
[2026-05-15 13:04:06] [INFO]       OK   t091006_175840.rf.pcm: sb0:517al
[2026-05-15 13:04:06] [INFO]       OK   t091006_190729.rf.pcm: sb0:492al
[2026-05-15 13:04:06] [INFO]       OK   t091008_151510.rf.pcm: sb0:401al
[2026-05-15 13:04:06] [INFO]       OK   t091008_125721.rf.pcm: sb0:640al
[2026-05-15 13:04:06] [INFO]       OK   t091008_140642.rf.pcm: sb0:502al
[2026-05-15 13:04:06] [INFO]       OK   t091008_164758.rf.pcm: sb0:658al
[2026-05-15 13:04:06] [INFO]       OK   t091011_152532.rf.pcm: sb0:492al
[2026-05-15 13:04:06] [INFO]       OK   t091029_195926.rf.pcm: sb0:8al
[2026-05-15 13:04:06] [INFO]       OK   t091011_195359.rf.pcm: sb0:789al
[2026-05-15 13:04:06] [INFO]       OK   t091028_200150.rf.pcm: sb0:287al
[2026-05-15 13:04:07] [INFO]       OK   t091012_190436.rf.pcm: sb0:667al
[2026-05-15 13:04:07] [INFO]       OK   t091108_143611.rf.pcm: sb0:660al
[2026-05-15 13:04:07] [INFO]       OK   t091013_164541.rf.pcm: sb0:667al
[2026-05-15 13:04:07] [INFO]       OK   t091112_104415.rf.pcm: sb0:13al
[2026-05-15 13:04:07] [INFO]       OK   t091112_160159.rf.pcm: sb0:568al
[2026-05-15 13:04:07] [INFO]       OK   t091112_144050.rf.pcm: sb0:537al
[2026-05-15 13:04:07] [INFO]       OK   t091110_122933.rf.pcm: sb0:740al
[2026-05-15 13:04:07] [INFO]       OK   t091111_122454.rf.pcm: sb0:758al
[2026-05-15 13:04:08] [INFO]       OK   t091218_074140.rf.pcm: sb0:550al
[2026-05-15 13:04:08] [INFO]       OK   t091218_085001.rf.pcm: sb0:633al
[2026-05-15 13:04:08] [INFO]       OK   t091216_132554.rf.pcm: sb0:234al
[2026-05-15 13:04:08] [INFO]       OK   t091215_122240.rf.pcm: sb0:682al
[2026-05-15 13:04:08] [INFO]       OK   t091218_095839.rf.pcm: sb0:661al
[2026-05-15 13:04:08] [INFO]       OK   t091127_141218.rf.pcm: sb0:1657al
[2026-05-15 13:04:08] [INFO]       OK   t091218_110931.rf.pcm: sb0:777al
[2026-05-15 13:04:08] [INFO]       OK   t091218_132627.rf.pcm: sb0:253al
[2026-05-15 13:04:08] [INFO]       OK   t091219_135054.rf.pcm: sb0:4al
[2026-05-15 13:04:09] [INFO]       OK   t091218_121759.rf.pcm: sb0:619al
[2026-05-15 13:04:09] [INFO]       OK   t091220_083550.rf.pcm: sb0:404al
[2026-05-15 13:04:09] [INFO]       OK   t091219_101933.rf.pcm: sb0:678al
[2026-05-15 13:04:09] [INFO]       OK   t091219_113254.rf.pcm: sb0:627al
[2026-05-15 13:04:09] [INFO]       OK   t091220_094928.rf.pcm: sb0:541al
[2026-05-15 13:04:09] [INFO]       OK   t091219_124134.rf.pcm: sb0:698al
[2026-05-15 13:04:09] [INFO]       OK   t091220_105750.rf.pcm: sb0:457al
[2026-05-15 13:04:10] [INFO]       OK   t091220_120620.rf.pcm: sb0:472al
[2026-05-15 13:04:10] [INFO]       OK   t091114_114455.rf.pcm: sb0:2313al
[2026-05-15 13:04:10] [INFO]       OK   t091220_131449.rf.pcm: sb0:685al
[2026-05-15 13:04:10] [INFO]       OK   t091221_140934.rf.pcm: sb0:3al
[2026-05-15 13:04:10] [INFO]       OK   t091221_082648.rf.pcm: sb0:240al
[2026-05-15 13:04:10] [INFO]       OK   t091221_093054.rf.pcm: sb0:488al
[2026-05-15 13:04:10] [INFO]       OK   t091221_103934.rf.pcm: sb0:482al
[2026-05-15 13:04:10] [INFO]       OK   t091221_114815.rf.pcm: sb0:524al
[2026-05-15 13:04:11] [INFO]       OK   t091221_130055.rf.pcm: sb0:419al
[2026-05-15 13:04:11] [INFO]       OK   t091222_140346.rf.pcm: sb0:60al
[2026-05-15 13:04:11] [INFO]       OK   t091222_082130.rf.pcm: sb0:531al
[2026-05-15 13:04:11] [INFO]       OK   t091222_092950.rf.pcm: sb0:573al
[2026-05-15 13:04:11] [INFO]       OK   t091222_103816.rf.pcm: sb0:554al
[2026-05-15 13:04:11] [INFO]       OK   t091222_114650.rf.pcm: sb0:562al
[2026-05-15 13:04:11] [INFO]       OK   t091222_125519.rf.pcm: sb0:660al
[2026-05-15 13:04:11] [INFO]       OK   t091223_081909.rf.pcm: sb0:523al
[2026-05-15 13:04:11] [INFO]       OK   t091223_111629.rf.pcm: sb0:540al
[2026-05-15 13:04:11] [INFO]       OK   t091223_100759.rf.pcm: sb0:743al
[2026-05-15 13:04:12] [INFO]       OK   t091223_133321.rf.pcm: sb0:582al
[2026-05-15 13:04:12] [INFO]       OK   t091223_122457.rf.pcm: sb0:541al
[2026-05-15 13:04:12] [INFO]       OK   t091224_082949.rf.pcm: sb0:621al
[2026-05-15 13:04:12] [INFO]       OK   t091224_093809.rf.pcm: sb0:540al
[2026-05-15 13:04:12] [INFO]       OK   t091224_104630.rf.pcm: sb0:18al
[2026-05-15 13:04:12] [INFO]       OK   t091224_115449.rf.pcm: sb0:625al
[2026-05-15 13:04:12] [INFO]       OK   t091224_130900.rf.pcm: sb0:549al
[2026-05-15 13:04:12] [INFO]       OK   t091225_081720.rf.pcm: sb0:577al
[2026-05-15 13:04:12] [INFO]       OK   t091225_131128.rf.pcm: sb0:346al
[2026-05-15 13:04:12] [INFO]       OK   t091225_092540.rf.pcm: sb0:530al
[2026-05-15 13:04:12] [INFO]       OK   t091225_104310.rf.pcm: sb0:713al
[2026-05-15 13:04:13] [INFO]       OK   t091225_115810.rf.pcm: sb0:561al
[2026-05-15 13:04:13] [INFO]       OK   t091226_081340.rf.pcm: sb0:445al
[2026-05-15 13:04:13] [INFO]       OK   t091226_092200.rf.pcm: sb0:584al
[2026-05-15 13:04:13] [INFO]       OK   t100108_074101.rf.pcm: sb0:440al
[2026-05-15 13:04:13] [INFO]       OK   t091226_105040.rf.pcm: sb0:534al
[2026-05-15 13:04:13] [INFO]       OK   t100107_094414.rf.pcm: sb0:12al
[2026-05-15 13:04:13] [INFO]       OK   t091226_130730.rf.pcm: sb0:509al
[2026-05-15 13:04:13] [INFO]       OK   t091226_115908.rf.pcm: sb0:584al
[2026-05-15 13:04:13] [INFO]       OK   t100106_105321.rf.pcm: sb0:565al
[2026-05-15 13:04:13] [INFO]       OK   t100211_042434.rf.pcm: sb0:7al
[2026-05-15 13:04:13] [INFO]       OK   t100108_093550.rf.pcm: sb0:620al
[2026-05-15 13:04:14] [INFO]       OK   t100211_045714.rf.pcm: sb0:153al
[2026-05-15 13:04:14] [INFO]       OK   t100131_065029.rf.pcm: sb0:5al
[2026-05-15 13:04:14] [INFO]       SKIP t100211_100721.rf.pcm: too small (13x1024)
[2026-05-15 13:04:14] [INFO]       OK   t100109_065420.rf.pcm: sb0:649al
[2026-05-15 13:04:14] [INFO]       OK   t100204_090714.rf.pcm: sb0:21al
[2026-05-15 13:04:14] [INFO]       OK   t100201_094524.rf.pcm: sb0:689al
[2026-05-15 13:04:14] [INFO]       OK   t100211_053340.rf.pcm: sb0:528al
[2026-05-15 13:04:14] [INFO]       OK   t100212_055441.rf.pcm: sb0:25al
[2026-05-15 13:04:14] [INFO]       OK   t100211_064200.rf.pcm: sb0:574al
[2026-05-15 13:04:14] [INFO]       OK   t100211_075027.rf.pcm: sb0:645al
[2026-05-15 13:04:14] [INFO]       OK   t100212_100229.rf.pcm: sb0:10al
[2026-05-15 13:04:14] [INFO]       OK   t100211_085858.rf.pcm: sb0:630al
[2026-05-15 13:04:15] [INFO]       OK   t100212_063659.rf.pcm: sb0:825al
[2026-05-15 13:04:15] [INFO]       OK   t100212_074528.rf.pcm: sb0:776al
[2026-05-15 13:04:15] [INFO]       OK   t100212_085359.rf.pcm: sb0:704al
[2026-05-15 13:04:15] [INFO]       OK   t100213_052350.rf.pcm: sb0:467al
[2026-05-15 13:04:15] [INFO]       OK   t100213_084900.rf.pcm: sb0:604al
[2026-05-15 13:04:15] [INFO]       OK   t100213_063210.rf.pcm: sb0:628al
[2026-05-15 13:04:15] [INFO]       OK   t100213_074030.rf.pcm: sb0:614al
[2026-05-15 13:04:15] [INFO]       OK   t100214_043455.rf.pcm: sb0:597al
[2026-05-15 13:04:15] [INFO]       OK   t100214_054239.rf.pcm: sb0:618al
[2026-05-15 13:04:15] [INFO]       OK   t100214_065049.rf.pcm: sb0:471al
[2026-05-15 13:04:16] [INFO]       OK   t100215_092200.rf.pcm: sb0:7al
[2026-05-15 13:04:16] [INFO]       OK   t100214_075938.rf.pcm: sb0:490al
[2026-05-15 13:04:16] [INFO]       OK   t100214_090749.rf.pcm: sb0:365al
[2026-05-15 13:04:16] [INFO]       OK   t100215_043401.rf.pcm: sb0:654al
[2026-05-15 13:04:16] [INFO]       OK   t100215_054240.rf.pcm: sb0:630al
[2026-05-15 13:04:16] [INFO]       OK   t100215_065551.rf.pcm: sb0:548al
[2026-05-15 13:04:16] [INFO]       OK   t100216_042659.rf.pcm: sb0:13al
[2026-05-15 13:04:16] [INFO]       OK   t100215_081331.rf.pcm: sb0:711al
[2026-05-15 13:04:16] [INFO]       OK   t100216_090047.rf.pcm: sb0:219al
[2026-05-15 13:04:17] [INFO]       OK   t100216_064347.rf.pcm: sb0:513al
[2026-05-15 13:04:17] [INFO]       OK   t100216_053520.rf.pcm: sb0:575al
[2026-05-15 13:04:17] [INFO]       OK   t100216_075217.rf.pcm: sb0:483al
[2026-05-15 13:04:17] [INFO]       OK   t100217_063619.rf.pcm: sb0:9al
[2026-05-15 13:04:17] [INFO]       OK   t100217_085309.rf.pcm: sb0:7al
[2026-05-15 13:04:17] [INFO]       OK   t100217_041809.rf.pcm: sb0:661al
[2026-05-15 13:04:17] [INFO]       OK   t100217_052749.rf.pcm: sb0:577al
[2026-05-15 13:04:17] [INFO]       OK   t100217_074447.rf.pcm: sb0:674al
[2026-05-15 13:04:18] [INFO]       OK   t100220_090739.rf.pcm: sb0:559al
[2026-05-15 13:04:18] [INFO]       SKIP t100315_043937.rf.pcm: too small (15x1024)
[2026-05-15 13:04:18] [INFO]       OK   t100218_070214.rf.pcm: sb0:704al
[2026-05-15 13:04:18] [INFO]       OK   t100218_055334.rf.pcm: sb0:659al
[2026-05-15 13:04:18] [INFO]       OK   t100222_034332.rf.pcm: sb0:597al
[2026-05-15 13:04:18] [INFO]       OK   t100218_081054.rf.pcm: sb0:726al
[2026-05-15 13:04:18] [INFO]       OK   t100314_050757.rf.pcm: sb0:652al
[2026-05-15 13:04:18] [INFO]       OK   t100221_120915.rf.pcm: sb0:739al
[2026-05-15 13:04:18] [INFO]       OK   t100314_075758.rf.pcm: sb0:637al
[2026-05-15 13:04:19] [INFO]       OK   t100316_052827.rf.pcm: sb0:504al
[2026-05-15 13:04:19] [INFO]       OK   t100317_023935.rf.pcm: sb0:511al
[2026-05-15 13:04:19] [INFO]       OK   t100408_065854.rf.pcm: sb0:360al
[2026-05-15 13:04:19] [INFO]       OK   t100405_031630.rf.pcm: sb0:623al
[2026-05-15 13:04:19] [INFO]       OK   t100408_002506.rf.pcm: sb0:531al
[2026-05-15 13:04:19] [INFO]       OK   t100315_051848.rf.pcm: sb0:678al
[2026-05-15 13:04:19] [INFO]       OK   t100407_032715.rf.pcm: sb0:733al
[2026-05-15 13:04:19] [INFO]       OK   t100408_020854.rf.pcm: sb0:771al
[2026-05-15 13:04:21] [INFO]       OK   t100423_062106.rf.pcm: sb0:616al
[2026-05-15 13:04:21] [INFO]       OK   t100412_073147.rf.pcm: sb0:6al
[2026-05-15 13:04:21] [INFO]       SKIP t100425_073020.rf.pcm: too small (13x1024)
[2026-05-15 13:04:22] [INFO]       OK   t100424_080955.rf.pcm: sb0:770al
[2026-05-15 13:04:22] [INFO]       OK   t100412_055435.rf.pcm: sb0:884al
[2026-05-15 13:04:22] [INFO]       OK   t100424_233235.rf.pcm: sb0:15al
[2026-05-15 13:04:22] [INFO]       OK   t100504_044111.rf.pcm: sb0:104al
[2026-05-15 13:04:22] [INFO]       OK   t100425_075820.rf.pcm: sb0:464al
[2026-05-15 13:04:23] [INFO]       OK   t100412_040756.rf.pcm: sb0:7al
[2026-05-15 13:04:23] [INFO]       OK   t100412_051238.rf.pcm: sb0:1333al
[2026-05-15 13:04:23] [INFO]       OK   t100503_075549.rf.pcm: sb0:689al
[2026-05-15 13:04:23] [INFO]       OK   t100510_064240.rf.pcm: sb0:544al
[2026-05-15 13:04:23] [INFO]       OK   t100510_232706.rf.pcm: sb0:589al
[2026-05-15 13:04:23] [INFO]       OK   t100518_213355.rf.pcm: sb0:155al
[2026-05-15 13:04:23] [INFO]       OK   t100518_212102.rf.pcm: sb0:335al
[2026-05-15 13:04:23] [INFO]       OK   t100513_001828.rf.pcm: sb0:288al
[2026-05-15 13:04:23] [INFO]       OK   t100511_235315.rf.pcm: sb0:718al
[2026-05-15 13:04:24] [INFO]       OK   t100512_034254.rf.pcm: sb0:687al
[2026-05-15 13:04:24] [INFO]       OK   t100531_215758.rf.pcm: sb0:3al
[2026-05-15 13:04:24] [INFO]       OK   t100528_063030.rf.pcm: sb0:608al
[2026-05-15 13:04:24] [INFO]       OK   t100528_222806.rf.pcm: sb0:483al
[2026-05-15 13:04:25] [INFO]       OK   t100531_000522.rf.pcm: sb0:676al
[2026-05-15 13:04:25] [INFO]       SKIP t100603_002625.rf.pcm: too small (10x1024)
[2026-05-15 13:04:25] [INFO]       OK   t100601_210802.rf.pcm: sb0:361al
[2026-05-15 13:04:25] [INFO]       OK   t100518_234825.rf.pcm: sb0:31al
[2026-05-15 13:04:25] [INFO]       OK   t100602_204546.rf.pcm: sb0:382al
[2026-05-15 13:04:25] [INFO]       OK   t100412_062714.rf.pcm: sb0:2442al
[2026-05-15 13:04:25] [INFO]       OK   t100617_215729.rf.pcm: sb0:158al
[2026-05-15 13:04:25] [INFO]       OK   t100602_215755.rf.pcm: sb0:655al
[2026-05-15 13:04:25] [INFO]       OK   t100412_030334.rf.pcm: sb0:2461al
[2026-05-15 13:04:25] [INFO]       OK   t100602_231414.rf.pcm: sb0:548al
[2026-05-15 13:04:25] [INFO]       SKIP t100709_224451.rf.pcm: too small (15x1024)
[2026-05-15 13:04:25] [INFO]       OK   t100603_013425.rf.pcm: sb0:659al
[2026-05-15 13:04:25] [INFO]       OK   t100616_203607.rf.pcm: sb0:618al
[2026-05-15 13:04:25] [INFO]       OK   t100619_004617.rf.pcm: sb0:16al
[2026-05-15 13:04:25] [INFO]       OK   t100708_221748.rf.pcm: sb0:567al
[2026-05-15 13:04:25] [INFO]       OK   t100619_201318.rf.pcm: sb0:589al
[2026-05-15 13:04:25] [INFO]       SKIP t100711_221158.rf.pcm: too small (14x1024)
[2026-05-15 13:04:26] [INFO]       OK   t100618_194215.rf.pcm: sb0:670al
[2026-05-15 13:04:26] [INFO]       OK   t100711_042742.rf.pcm: sb0:8al
[2026-05-15 13:04:26] [INFO]       OK   t100709_213337.rf.pcm: sb0:427al
[2026-05-15 13:04:26] [INFO]       OK   t100710_210236.rf.pcm: sb0:515al
[2026-05-15 13:04:26] [INFO]       OK   t100710_221537.rf.pcm: sb0:517al
[2026-05-15 13:04:26] [INFO]       OK   t100710_232756.rf.pcm: sb0:476al
[2026-05-15 13:04:26] [INFO]       OK   t100729_225523.rf.pcm: sb0:93al
[2026-05-15 13:04:26] [INFO]       OK   t100711_223702.rf.pcm: sb0:611al
[2026-05-15 13:04:26] [INFO]       OK   t100729_005305.rf.pcm: sb0:13al
[2026-05-15 13:04:26] [INFO]       OK   t100727_185521.rf.pcm: sb0:464al
[2026-05-15 13:04:26] [INFO]       OK   t100711_031636.rf.pcm: sb0:503al
[2026-05-15 13:04:26] [INFO]       OK   t100819_173727.rf.pcm: sb0:4al
[2026-05-15 13:04:26] [INFO]       OK   t100729_185218.rf.pcm: sb0:503al
[2026-05-15 13:04:26] [INFO]       OK   t100819_000759.rf.pcm: sb0:556al
[2026-05-15 13:04:27] [INFO]       OK   t100817_212246.rf.pcm: sb0:659al
[2026-05-15 13:04:27] [INFO]       OK   t100904_221223.rf.pcm: sb0:545al
[2026-05-15 13:04:27] [INFO]       OK   t100819_160704.rf.pcm: sb0:762al
[2026-05-15 13:04:27] [INFO]       OK   t100917_165927.rf.pcm: sb0:460al
[2026-05-15 13:04:27] [INFO]       SKIP t101002_171659.rf.pcm: too small (12x1024)
[2026-05-15 13:04:27] [INFO]       OK   t100905_214829.rf.pcm: sb0:692al
[2026-05-15 13:04:27] [INFO]       OK   t100930_205732.rf.pcm: sb0:5al
[2026-05-15 13:04:27] [INFO]       OK   t100930_212041.rf.pcm: sb0:7al
[2026-05-15 13:04:27] [INFO]       OK   t100918_160918.rf.pcm: sb0:705al
[2026-05-15 13:04:27] [INFO]       OK   t100930_162641.rf.pcm: sb0:671al
[2026-05-15 13:04:27] [INFO]       OK   t100919_145757.rf.pcm: sb0:648al
[2026-05-15 13:04:27] [INFO]       OK   t101002_175954.rf.pcm: sb0:525al
[2026-05-15 13:04:27] [INFO]       OK   t101021_180330.rf.pcm: sb0:688al
[2026-05-15 13:04:27] [INFO]       OK   t101023_160914.rf.pcm: sb0:435al
[2026-05-15 13:04:27] [INFO]       OK   t101001_171857.rf.pcm: sb0:706al
[2026-05-15 13:04:27] [INFO]       OK   t101022_162355.rf.pcm: sb0:636al
[2026-05-15 13:04:28] [INFO]       OK   t101102_124753.rf.pcm: sb0:584al
[2026-05-15 13:04:28] [INFO]       SKIP t101109_190111.rf.pcm: too small (10x1024)
[2026-05-15 13:04:28] [INFO]       SKIP t101109_194441.rf.pcm: too small (10x1024)
[2026-05-15 13:04:28] [INFO]       OK   t101023_190857.rf.pcm: sb0:763al
[2026-05-15 13:04:28] [INFO]       OK   t101023_202256.rf.pcm: sb0:695al
[2026-05-15 13:04:28] [INFO]       OK   t101102_140723.rf.pcm: sb0:738al
[2026-05-15 13:04:28] [INFO]       OK   t101108_134418.rf.pcm: sb0:6al
[2026-05-15 13:04:28] [INFO]       OK   t101102_191633.rf.pcm: sb0:7al
[2026-05-15 13:04:28] [INFO]       OK   t101109_134058.rf.pcm: sb0:662al
[2026-05-15 13:04:28] [INFO]       OK   t101109_145357.rf.pcm: sb0:608al
[2026-05-15 13:04:28] [INFO]       OK   t101129_100217.rf.pcm: sb0:6al
[2026-05-15 13:04:28] [INFO]       OK   t101127_131712.rf.pcm: sb0:528al
[2026-05-15 13:04:28] [INFO]       OK   t101219_160622.rf.pcm: sb0:6al
[2026-05-15 13:04:28] [INFO]       OK   t110109_062941.rf.pcm: sb0:20al
[2026-05-15 13:04:28] [INFO]       OK   t101218_132829.rf.pcm: sb0:579al
[2026-05-15 13:04:28] [INFO]       OK   t101128_150817.rf.pcm: sb0:721al
[2026-05-15 13:04:29] [INFO]       OK   t101217_145037.rf.pcm: sb0:716al
[2026-05-15 13:04:29] [INFO]       OK   t110203_044727.rf.pcm: sb0:33al
[2026-05-15 13:04:29] [INFO]       OK   t110203_051906.rf.pcm: sb0:5al
[2026-05-15 13:04:29] [INFO]       OK   t110121_092928.rf.pcm: sb0:4al
[2026-05-15 13:04:29] [INFO]       OK   t110203_054801.rf.pcm: sb0:9al
[2026-05-15 13:04:29] [INFO]       OK   t110203_064219.rf.pcm: sb0:4al
[2026-05-15 13:04:29] [INFO]       OK   t110108_075757.rf.pcm: sb0:718al
[2026-05-15 13:04:29] [INFO]       OK   t110119_120150.rf.pcm: sb0:778al
[2026-05-15 13:04:29] [INFO]       OK   t110120_113826.rf.pcm: sb0:403al
[2026-05-15 13:04:29] [INFO]       OK   t110203_061812.rf.pcm: sb0:9al
[2026-05-15 13:04:29] [INFO]       OK   t110203_073042.rf.pcm: sb0:6al
[2026-05-15 13:04:29] [INFO]       OK   t110121_104110.rf.pcm: sb0:625al
[2026-05-15 13:04:29] [INFO]       OK   t110203_082116.rf.pcm: sb0:6al
[2026-05-15 13:04:29] [INFO]       OK   t110203_070630.rf.pcm: sb0:250al
[2026-05-15 13:04:29] [INFO]       OK   t110203_075447.rf.pcm: sb0:290al
[2026-05-15 13:04:29] [INFO]       OK   t110203_100542.rf.pcm: sb0:137al
[2026-05-15 13:04:29] [INFO]       OK   t110203_091111.rf.pcm: sb0:119al
[2026-05-15 13:04:29] [INFO]       OK   t110203_105403.rf.pcm: sb0:218al
[2026-05-15 13:04:29] [INFO]       OK   t110203_084637.rf.pcm: sb0:245al
[2026-05-15 13:04:29] [INFO]       OK   t110203_094105.rf.pcm: sb0:308al
[2026-05-15 13:04:29] [INFO]       OK   t110203_102929.rf.pcm: sb0:172al
[2026-05-15 13:04:29] [INFO]       OK   t110203_114719.rf.pcm: sb0:189al
[2026-05-15 13:04:29] [INFO]       OK   t110203_111812.rf.pcm: sb0:50al
[2026-05-15 13:04:29] [INFO]       SKIP t110204_090921.rf.pcm: too small (12x2048)
[2026-05-15 13:04:29] [INFO]       OK   t110203_124842.rf.pcm: sb0:54al
[2026-05-15 13:04:29] [INFO]       OK   t110203_131252.rf.pcm: sb0:1al
[2026-05-15 13:04:29] [INFO]       OK   t110203_133722.rf.pcm: sb0:70al
[2026-05-15 13:04:29] [INFO]       OK   t110203_145002.rf.pcm: sb0:1al
[2026-05-15 13:04:29] [INFO]       OK   t110203_142557.rf.pcm: sb0:5al
[2026-05-15 13:04:29] [INFO]       OK   t110203_140132.rf.pcm: sb0:12al
[2026-05-15 13:04:29] [INFO]       OK   t110204_103451.rf.pcm: sb0:8al
[2026-05-15 13:04:30] [INFO]       OK   t110204_084729.rf.pcm: sb0:5al
[2026-05-15 13:04:30] [INFO]       OK   t110204_093005.rf.pcm: sb0:4al
[2026-05-15 13:04:30] [INFO]       OK   t110204_101037.rf.pcm: sb0:6al
[2026-05-15 13:04:30] [INFO]       OK   t110204_112610.rf.pcm: sb0:6al
[2026-05-15 13:04:30] [INFO]       OK   t110204_095017.rf.pcm: sb0:270al
[2026-05-15 13:04:30] [INFO]       OK   t110204_121128.rf.pcm: sb0:252al
[2026-05-15 13:04:30] [INFO]       OK   t110204_105851.rf.pcm: sb0:278al
[2026-05-15 13:04:30] [INFO]       OK   t110204_114639.rf.pcm: sb0:254al
[2026-05-15 13:04:30] [INFO]       OK   t110204_132427.rf.pcm: sb0:3al
[2026-05-15 13:04:30] [INFO]       OK   t110204_124237.rf.pcm: sb0:292al
[2026-05-15 13:04:30] [INFO]       OK   t110207_102615.rf.pcm: sb0:107al
[2026-05-15 13:04:30] [INFO]       OK   t110204_130418.rf.pcm: sb0:227al
[2026-05-15 13:04:30] [INFO]       SKIP t110325_043456.rf.pcm: too small (13x1024)
[2026-05-15 13:04:30] [INFO]       OK   t110204_134436.rf.pcm: sb0:242al
[2026-05-15 13:04:30] [INFO]       OK   t110207_105057.rf.pcm: sb0:6al
[2026-05-15 13:04:30] [INFO]       OK   t110327_030337.rf.pcm: sb0:5al
[2026-05-15 13:04:30] [INFO]       OK   t110225_072646.rf.pcm: sb0:576al
[2026-05-15 13:04:30] [INFO]       OK   t110327_034017.rf.pcm: sb0:156al
[2026-05-15 13:04:30] [INFO]       OK   t110324_043633.rf.pcm: sb0:507al
[2026-05-15 13:04:30] [INFO]       OK   t110227_041056.rf.pcm: sb0:608al
[2026-05-15 13:04:31] [INFO]       OK   t110325_031707.rf.pcm: sb0:579al
[2026-05-15 13:04:31] [INFO]       OK   t110226_080339.rf.pcm: sb0:711al
[2026-05-15 13:04:31] [INFO]       OK   t110325_045450.rf.pcm: sb0:769al
[2026-05-15 13:04:31] [INFO]       OK   t110326_054636.rf.pcm: sb0:720al
[2026-05-15 13:04:31] [INFO]       OK   t110409_065302.rf.pcm: sb0:7al
[2026-05-15 13:04:31] [INFO]       OK   t110409_092902.rf.pcm: sb0:305al
[2026-05-15 13:04:31] [INFO]       OK   t110409_053952.rf.pcm: sb0:755al
[2026-05-15 13:04:31] [INFO]       OK   t110407_094537.rf.pcm: sb0:662al
[2026-05-15 13:04:31] [INFO]       OK   t110410_012242.rf.pcm: sb0:615al
[2026-05-15 13:04:31] [INFO]       OK   t110410_045808.rf.pcm: sb0:7al
[2026-05-15 13:04:31] [INFO]       OK   t110410_060608.rf.pcm: sb0:12al
[2026-05-15 13:04:31] [INFO]       OK   t110410_025057.rf.pcm: sb0:713al
[2026-05-15 13:04:31] [INFO]       OK   t110410_041230.rf.pcm: sb0:578al
[2026-05-15 13:04:32] [INFO]       OK   t110410_064016.rf.pcm: sb0:14al
[2026-05-15 13:04:32] [INFO]       OK   t110410_071852.rf.pcm: sb0:9al
[2026-05-15 13:04:32] [INFO]       OK   t110410_053146.rf.pcm: sb0:598al
[2026-05-15 13:04:32] [INFO]       OK   t110410_075222.rf.pcm: sb0:4al
[2026-05-15 13:04:32] [INFO]       OK   t110411_001606.rf.pcm: sb0:80al
[2026-05-15 13:04:32] [INFO]       OK   t110410_093422.rf.pcm: sb0:4al
[2026-05-15 13:04:32] [INFO]       OK   t110411_012317.rf.pcm: sb0:110al
[2026-05-15 13:04:32] [INFO]       OK   t110410_085958.rf.pcm: sb0:285al
[2026-05-15 13:04:32] [INFO]       OK   t110411_042148.rf.pcm: sb0:7al
[2026-05-15 13:04:32] [INFO]       OK   t110411_054422.rf.pcm: sb0:85al
[2026-05-15 13:04:32] [INFO]       OK   t110411_022628.rf.pcm: sb0:267al
[2026-05-15 13:04:32] [INFO]       OK   t110411_031013.rf.pcm: sb0:233al
[2026-05-15 13:04:32] [INFO]       OK   t110411_082208.rf.pcm: sb0:9al
[2026-05-15 13:04:32] [INFO]       OK   t110411_035758.rf.pcm: sb0:247al
[2026-05-15 13:04:32] [INFO]       OK   t110411_075808.rf.pcm: sb0:4al
[2026-05-15 13:04:32] [INFO]       OK   t110410_082602.rf.pcm: sb0:718al
[2026-05-15 13:04:32] [INFO]       OK   t110411_090806.rf.pcm: sb0:9al
[2026-05-15 13:04:32] [INFO]       OK   t110411_044938.rf.pcm: sb0:273al
[2026-05-15 13:04:32] [INFO]       OK   t110411_061352.rf.pcm: sb0:225al
[2026-05-15 13:04:32] [INFO]       OK   t110411_084543.rf.pcm: sb0:3al
[2026-05-15 13:04:33] [INFO]       OK   t110428_083948.rf.pcm: sb0:634al
[2026-05-15 13:04:33] [INFO]       OK   t110429_043115.rf.pcm: sb0:674al
[2026-05-15 13:04:33] [INFO]       OK   t110520_223715.rf.pcm: sb0:468al
[2026-05-15 13:04:33] [INFO]       OK   t110522_032218.rf.pcm: sb0:422al
[2026-05-15 13:04:33] [INFO]       OK   t110611_013812.rf.pcm: sb0:789al
[2026-05-15 13:04:33] [INFO]       OK   t110430_015020.rf.pcm: sb0:696al
[2026-05-15 13:04:33] [INFO]       OK   t110521_023218.rf.pcm: sb0:747al
[2026-05-15 13:04:33] [INFO]       OK   t110521_232118.rf.pcm: sb0:676al
[2026-05-15 13:04:33] [INFO]       OK   t110612_030422.rf.pcm: sb0:556al
[2026-05-15 13:04:33] [INFO]       OK   t110612_213857.rf.pcm: sb0:514al
[2026-05-15 13:04:33] [INFO]       OK   t110612_010637.rf.pcm: sb0:719al
[2026-05-15 13:04:33] [INFO]       OK   t110613_040039.rf.pcm: sb0:253al
[2026-05-15 13:04:33] [INFO]       OK   t110612_202339.rf.pcm: sb0:744al
[2026-05-15 13:04:33] [INFO]       OK   t110613_042012.rf.pcm: sb0:269al
[2026-05-15 13:04:34] [INFO]       OK   t110613_045903.rf.pcm: sb0:5al
[2026-05-15 13:04:34] [INFO]       OK   t110613_043942.rf.pcm: sb0:240al
[2026-05-15 13:04:34] [INFO]       OK   t110613_002319.rf.pcm: sb0:683al
[2026-05-15 13:04:34] [INFO]       OK   t110613_013557.rf.pcm: sb0:700al
[2026-05-15 13:04:34] [INFO]       OK   t110613_024858.rf.pcm: sb0:656al
[2026-05-15 13:04:34] [INFO]       OK   t110613_051822.rf.pcm: sb0:237al
[2026-05-15 13:04:34] [INFO]       OK   t110613_053806.rf.pcm: sb0:270al
[2026-05-15 13:04:34] [INFO]       OK   t110613_055732.rf.pcm: sb0:260al
[2026-05-15 13:04:34] [INFO]       OK   t110613_061652.rf.pcm: sb0:289al
[2026-05-15 13:04:34] [INFO]       OK   t110622_210816.rf.pcm: sb0:12al
[2026-05-15 13:04:34] [INFO]       OK   t110613_223348.rf.pcm: sb0:603al
[2026-05-15 13:04:34] [INFO]       OK   t110710_012049.rf.pcm: sb0:603al
[2026-05-15 13:04:34] [INFO]       OK   t110710_210500.rf.pcm: sb0:626al
[2026-05-15 13:04:34] [INFO]       OK   t110711_181232.rf.pcm: sb0:466al
[2026-05-15 13:04:34] [INFO]       OK   t110709_225010.rf.pcm: sb0:697al
[2026-05-15 13:04:34] [INFO]       SKIP t110719_024740.rf.pcm: too small (10x1024)
[2026-05-15 13:04:34] [INFO]       OK   t110711_192504.rf.pcm: sb0:709al
[2026-05-15 13:04:34] [INFO]       OK   t110710_222525.rf.pcm: sb0:702al
[2026-05-15 13:04:34] [INFO]       OK   t110711_215639.rf.pcm: sb0:525al
[2026-05-15 13:04:34] [INFO]       OK   t110719_020647.rf.pcm: sb0:186al
[2026-05-15 13:04:34] [INFO]       OK   t110712_042522.rf.pcm: sb0:273al
[2026-05-15 13:04:35] [INFO]       OK   t110711_230940.rf.pcm: sb0:580al
[2026-05-15 13:04:35] [INFO]       OK   t110731_181849.rf.pcm: sb0:5al
[2026-05-15 13:04:35] [INFO]       OK   t110729_222049.rf.pcm: sb0:592al
[2026-05-15 13:04:35] [INFO]       OK   t110712_031340.rf.pcm: sb0:730al
[2026-05-15 13:04:35] [INFO]       OK   t110801_185134.rf.pcm: sb0:672al
[2026-05-15 13:04:35] [INFO]       OK   t110730_212533.rf.pcm: sb0:692al
[2026-05-15 13:04:35] [INFO]       OK   t110801_212414.rf.pcm: sb0:820al
[2026-05-15 13:04:35] [INFO]       OK   t110731_232714.rf.pcm: sb0:712al
[2026-05-15 13:04:35] [INFO]       OK   t110801_200754.rf.pcm: sb0:721al
[2026-05-15 13:04:35] [INFO]       OK   t110802_000112.rf.pcm: sb0:680al
[2026-05-15 13:04:35] [INFO]       OK   t110802_023804.rf.pcm: sb0:284al
[2026-05-15 13:04:35] [INFO]       OK   t110821_193148.rf.pcm: sb0:8al
[2026-05-15 13:04:36] [INFO]       OK   t110801_224433.rf.pcm: sb0:742al
[2026-05-15 13:04:36] [INFO]       OK   t110822_232808.rf.pcm: sb0:6al
[2026-05-15 13:04:36] [INFO]       OK   t110802_012142.rf.pcm: sb0:716al
[2026-05-15 13:04:36] [INFO]       OK   t110924_183444.rf.pcm: sb0:12al
[2026-05-15 13:04:36] [INFO]       OK   t110823_200007.rf.pcm: sb0:694al
[2026-05-15 13:04:36] [INFO]       OK   t110822_202124.rf.pcm: sb0:674al
[2026-05-15 13:04:36] [INFO]       OK   t110823_223159.rf.pcm: sb0:696al
[2026-05-15 13:04:36] [INFO]       OK   t110913_175027.rf.pcm: sb0:652al
[2026-05-15 13:04:36] [INFO]       OK   t110912_165435.rf.pcm: sb0:722al
[2026-05-15 13:04:36] [INFO]       OK   t110915_213005.rf.pcm: sb0:844al
[2026-05-15 13:04:36] [INFO]       OK   t110925_181925.rf.pcm: sb0:407al
[2026-05-15 13:04:36] [INFO]       OK   t110914_141145.rf.pcm: sb0:747al
[2026-05-15 13:04:36] [INFO]       OK   t110924_193734.rf.pcm: sb0:516al
[2026-05-15 13:04:37] [INFO]       OK   t110928_151325.rf.pcm: sb0:683al
[2026-05-15 13:04:37] [INFO]       OK   t110928_173134.rf.pcm: sb0:10al
[2026-05-15 13:04:37] [INFO]       OK   t110928_194905.rf.pcm: sb0:7al
[2026-05-15 13:04:37] [INFO]       SKIP t111015_115457.rf.pcm: too small (12x1024)
[2026-05-15 13:04:37] [INFO]       OK   t110927_133746.rf.pcm: sb0:657al
[2026-05-15 13:04:37] [INFO]       OK   t110928_162245.rf.pcm: sb0:709al
[2026-05-15 13:04:37] [INFO]       OK   t110928_231503.rf.pcm: sb0:121al
[2026-05-15 13:04:37] [INFO]       OK   t110928_205800.rf.pcm: sb0:12al
[2026-05-15 13:04:37] [INFO]       OK   t110928_220631.rf.pcm: sb0:10al
[2026-05-15 13:04:37] [INFO]       OK   t110928_184025.rf.pcm: sb0:610al
[2026-05-15 13:04:37] [INFO]       OK   t111016_124744.rf.pcm: sb0:338al
[2026-05-15 13:04:37] [INFO]       OK   t111029_205229.rf.pcm: sb0:329al
[2026-05-15 13:04:37] [INFO]       OK   t111015_163845.rf.pcm: sb0:611al
[2026-05-15 13:04:37] [INFO]       OK   t111028_195017.rf.pcm: sb0:636al
[2026-05-15 13:04:37] [INFO]       OK   t111018_120238.rf.pcm: sb0:712al
[2026-05-15 13:04:37] [INFO]       OK   t110929_194634.rf.pcm: sb0:751al
[2026-05-15 13:04:38] [INFO]       OK   t111016_162434.rf.pcm: sb0:702al
[2026-05-15 13:04:38] [INFO]       OK   t111016_173658.rf.pcm: sb0:661al
[2026-05-15 13:04:38] [INFO]       OK   t111119_154547.rf.pcm: sb0:12al
[2026-05-15 13:04:38] [INFO]       OK   t111202_110005.rf.pcm: sb0:12al
[2026-05-15 13:04:38] [INFO]       OK   t111118_154817.rf.pcm: sb0:489al
[2026-05-15 13:04:38] [INFO]       OK   t111120_125425.rf.pcm: sb0:705al
[2026-05-15 13:04:38] [INFO]       OK   t111203_182017.rf.pcm: sb0:539al
[2026-05-15 13:04:38] [INFO]       OK   t111217_110957.rf.pcm: sb0:551al
[2026-05-15 13:04:38] [INFO]       OK   t111204_131937.rf.pcm: sb0:658al
[2026-05-15 13:04:38] [INFO]       OK   t111218_113745.rf.pcm: sb0:631al
[2026-05-15 13:04:39] [INFO]       OK   t111219_111755.rf.pcm: sb0:710al
[2026-05-15 13:04:39] [INFO]       OK   t111220_074105.rf.pcm: sb0:674al
[2026-05-15 13:04:39] [INFO]       OK   t111219_161747.rf.pcm: sb0:759al
[2026-05-15 13:04:39] [INFO]       OK   t111220_084927.rf.pcm: sb0:588al
[2026-05-15 13:04:39] [INFO]       SKIP t111220_164946.rf.pcm: too small (13x1024)
[2026-05-15 13:04:39] [INFO]       OK   t111220_110638.rf.pcm: sb0:576al
[2026-05-15 13:04:39] [INFO]       OK   t111220_095759.rf.pcm: sb0:599al
[2026-05-15 13:04:39] [INFO]       OK   t111220_132357.rf.pcm: sb0:8al
[2026-05-15 13:04:39] [INFO]       OK   t111220_154107.rf.pcm: sb0:12al
[2026-05-15 13:04:39] [INFO]       OK   t111220_121517.rf.pcm: sb0:720al
[2026-05-15 13:04:39] [INFO]       OK   t111220_143236.rf.pcm: sb0:632al
[2026-05-15 13:04:39] [INFO]       OK   t120105_141105.rf.pcm: sb0:620al
[2026-05-15 13:04:39] [INFO]       OK   t111221_073425.rf.pcm: sb0:11al
[2026-05-15 13:04:40] [INFO]       OK   t120108_093018.rf.pcm: sb0:704al
[2026-05-15 13:04:40] [INFO]       OK   t120106_091549.rf.pcm: sb0:709al
[2026-05-15 13:04:40] [INFO]       OK   t120107_080355.rf.pcm: sb0:718al
[2026-05-15 13:04:40] [INFO]       OK   t120120_065815.rf.pcm: sb0:695al
[2026-05-15 13:04:40] [INFO]       OK   t120121_075255.rf.pcm: sb0:679al
[2026-05-15 13:04:40] [INFO]       OK   t120203_055127.rf.pcm: sb0:698al
[2026-05-15 13:04:40] [INFO]       OK   t111221_084515.rf.pcm: sb0:1300al
[2026-05-15 13:04:40] [INFO]       OK   t120204_121138.rf.pcm: sb0:635al
[2026-05-15 13:04:40] [INFO]       SKIP t120302_042724.rf.pcm: too small (15x2048)
[2026-05-15 13:04:40] [INFO]       OK   t120302_040748.rf.pcm: sb0:12al
[2026-05-15 13:04:40] [INFO]       OK   t120302_053206.rf.pcm: sb0:3al
[2026-05-15 13:04:40] [INFO]       OK   t120206_070527.rf.pcm: sb0:549al
[2026-05-15 13:04:41] [INFO]       OK   t120302_055154.rf.pcm: sb0:9al
[2026-05-15 13:04:41] [INFO]       OK   t120205_083635.rf.pcm: sb0:652al
[2026-05-15 13:04:41] [INFO]       OK   t120228_051739.rf.pcm: sb0:715al
[2026-05-15 13:04:41] [INFO]       OK   t120302_062948.rf.pcm: sb0:8al
[2026-05-15 13:04:41] [INFO]       OK   t120301_072213.rf.pcm: sb0:16al
[2026-05-15 13:04:41] [INFO]       SKIP t120319_052138.rf.pcm: too small (14x1024)
[2026-05-15 13:04:41] [INFO]       OK   t120316_022824.rf.pcm: sb0:72al
[2026-05-15 13:04:41] [INFO]       OK   t120229_045805.rf.pcm: sb0:784al
[2026-05-15 13:04:41] [INFO]       OK   t120303_053906.rf.pcm: sb0:3al
[2026-05-15 13:04:41] [INFO]       OK   t120316_025343.rf.pcm: sb0:568al
[2026-05-15 13:04:41] [INFO]       OK   t120319_110853.rf.pcm: sb0:9al
[2026-05-15 13:04:41] [INFO]       OK   t120319_054557.rf.pcm: sb0:491al
[2026-05-15 13:04:41] [INFO]       OK   t120302_070458.rf.pcm: sb0:667al
[2026-05-15 13:04:41] [INFO]       OK   t120406_022000.rf.pcm: sb0:685al
[2026-05-15 13:04:41] [INFO]       OK   t120317_032803.rf.pcm: sb0:711al
[2026-05-15 13:04:42] [INFO]       OK   t120407_031820.rf.pcm: sb0:696al
[2026-05-15 13:04:42] [INFO]       OK   t120420_063536.rf.pcm: sb0:696al
[2026-05-15 13:04:42] [INFO]       OK   t120408_051400.rf.pcm: sb0:686al
[2026-05-15 13:04:42] [INFO]       OK   t120408_022040.rf.pcm: sb0:707al
[2026-05-15 13:04:42] [INFO]       OK   t120422_005713.rf.pcm: sb0:579al
[2026-05-15 13:04:42] [INFO]       OK   t120421_044716.rf.pcm: sb0:703al
[2026-05-15 13:04:42] [INFO]       SKIP t111107_193146.rf.pcm: Padded array too large: 60x8380418 = 502825080 elements
[2026-05-15 13:04:42] [INFO]       OK   t120505_024424.rf.pcm: sb0:667al
[2026-05-15 13:04:42] [INFO]       OK   t120522_223611.rf.pcm: sb0:202al
[2026-05-15 13:04:42] [INFO]       OK   t120523_000057.rf.pcm: sb0:309al
[2026-05-15 13:04:43] [INFO]       OK   t120523_022745.rf.pcm: sb0:422al
[2026-05-15 13:04:43] [INFO]       OK   t120523_045626.rf.pcm: sb0:702al
[2026-05-15 13:04:43] [INFO]       OK   t120524_012146.rf.pcm: sb0:602al
[2026-05-15 13:04:43] [INFO]       OK   t120526_014149.rf.pcm: sb0:360al
[2026-05-15 13:04:43] [INFO]       OK   t120727_011841.rf.pcm: sb0:6al
[2026-05-15 13:04:43] [INFO]       OK   t120525_234448.rf.pcm: sb0:673al
[2026-05-15 13:04:43] [INFO]       OK   t120526_022919.rf.pcm: sb0:729al
[2026-05-15 13:04:43] [INFO]       OK   t120524_215646.rf.pcm: sb0:750al
[2026-05-15 13:04:43] [INFO]       OK   t120707_003206.rf.pcm: sb0:679al
[2026-05-15 13:04:43] [INFO]       OK   t120707_224410.rf.pcm: sb0:715al
[2026-05-15 13:04:43] [INFO]       OK   t120727_014928.rf.pcm: sb0:510al
[2026-05-15 13:04:43] [INFO]       OK   t120730_003144.rf.pcm: sb0:217al
[2026-05-15 13:04:43] [INFO]       OK   t120708_215746.rf.pcm: sb0:710al
[2026-05-15 13:04:43] [INFO]       OK   t120729_192928.rf.pcm: sb0:434al
[2026-05-15 13:04:43] [INFO]       OK   t120728_224748.rf.pcm: sb0:677al
[2026-05-15 13:04:44] [INFO]       OK   t120729_232247.rf.pcm: sb0:641al
[2026-05-15 13:04:44] [INFO]       OK   t120809_182717.rf.pcm: sb0:493al
[2026-05-15 13:04:44] [INFO]       OK   t120810_180548.rf.pcm: sb0:778al
[2026-05-15 13:04:44] [INFO]       OK   t120810_215537.rf.pcm: sb0:690al
[2026-05-15 13:04:44] [INFO]       OK   t120811_193937.rf.pcm: sb0:716al
[2026-05-15 13:04:44] [INFO]       OK   t120811_181508.rf.pcm: sb0:665al
[2026-05-15 13:04:44] [INFO]       OK   t120812_173528.rf.pcm: sb0:698al
[2026-05-15 13:04:44] [INFO]       OK   t120830_162817.rf.pcm: sb0:612al
[2026-05-15 13:04:44] [INFO]       OK   t120812_204208.rf.pcm: sb0:713al
[2026-05-15 13:04:44] [INFO]       OK   t120922_135127.rf.pcm: sb0:5al
[2026-05-15 13:04:44] [INFO]       OK   t120831_174047.rf.pcm: sb0:748al
[2026-05-15 13:04:44] [INFO]       OK   t120922_143746.rf.pcm: sb0:135al
[2026-05-15 13:04:44] [INFO]       OK   t120901_162639.rf.pcm: sb0:678al
[2026-05-15 13:04:44] [INFO]       OK   t120901_174728.rf.pcm: sb0:566al
[2026-05-15 13:04:44] [INFO]       OK   t120902_144557.rf.pcm: sb0:547al
[2026-05-15 13:04:45] [INFO]       OK   t120920_170629.rf.pcm: sb0:502al
[2026-05-15 13:04:45] [INFO]       OK   t121008_140915.rf.pcm: sb0:3al
[2026-05-15 13:04:45] [INFO]       OK   t120921_184547.rf.pcm: sb0:703al
[2026-05-15 13:04:45] [INFO]       OK   t120922_151247.rf.pcm: sb0:540al
[2026-05-15 13:04:45] [INFO]       OK   t121008_125358.rf.pcm: sb0:550al
[2026-05-15 13:04:45] [INFO]       OK   t121005_162716.rf.pcm: sb0:670al
[2026-05-15 13:04:45] [INFO]       OK   t121020_115402.rf.pcm: sb0:3al
[2026-05-15 13:04:45] [INFO]       OK   t121008_152153.rf.pcm: sb0:873al
[2026-05-15 13:04:45] [INFO]       OK   t121007_151858.rf.pcm: sb0:644al
[2026-05-15 13:04:45] [INFO]       OK   t121007_141026.rf.pcm: sb0:769al
[2026-05-15 13:04:45] [INFO]       OK   t121020_121345.rf.pcm: sb0:3al
[2026-05-15 13:04:45] [INFO]       OK   t121020_123306.rf.pcm: sb0:9al
[2026-05-15 13:04:45] [INFO]       OK   t121020_125225.rf.pcm: sb0:237al
[2026-05-15 13:04:45] [INFO]       OK   t121020_131146.rf.pcm: sb0:6al
[2026-05-15 13:04:45] [INFO]       OK   t121019_161309.rf.pcm: sb0:762al
[2026-05-15 13:04:45] [INFO]       OK   t121020_133105.rf.pcm: sb0:5al
[2026-05-15 13:04:45] [INFO]       OK   t121020_135025.rf.pcm: sb0:3al
[2026-05-15 13:04:46] [INFO]       OK   t121020_142905.rf.pcm: sb0:5al
[2026-05-15 13:04:46] [INFO]       OK   t121020_144825.rf.pcm: sb0:4al
[2026-05-15 13:04:46] [INFO]       OK   t121020_140946.rf.pcm: sb0:266al
[2026-05-15 13:04:46] [INFO]       OK   t121020_162526.rf.pcm: sb0:5al
[2026-05-15 13:04:46] [INFO]       OK   t121020_152706.rf.pcm: sb0:274al
[2026-05-15 13:04:46] [INFO]       OK   t121020_150746.rf.pcm: sb0:302al
[2026-05-15 13:04:46] [INFO]       SKIP t121020_184037.rf.pcm: too small (15x2048)
[2026-05-15 13:04:46] [INFO]       OK   t121020_174156.rf.pcm: sb0:12al
[2026-05-15 13:04:46] [INFO]       OK   t121020_154628.rf.pcm: sb0:279al
[2026-05-15 13:04:46] [INFO]       OK   t121020_160556.rf.pcm: sb0:279al
[2026-05-15 13:04:46] [INFO]       OK   t121020_170241.rf.pcm: sb0:93al
[2026-05-15 13:04:46] [INFO]       OK   t121020_172236.rf.pcm: sb0:118al
[2026-05-15 13:04:46] [INFO]       OK   t121020_180117.rf.pcm: sb0:5al
[2026-05-15 13:04:46] [INFO]       OK   t121020_182036.rf.pcm: sb0:9al
[2026-05-15 13:04:46] [INFO]       OK   t121020_185947.rf.pcm: sb0:8al
[2026-05-15 13:04:46] [INFO]       OK   t121020_191917.rf.pcm: sb0:5al
[2026-05-15 13:04:46] [INFO]       OK   t121020_203637.rf.pcm: sb0:10al
[2026-05-15 13:04:46] [INFO]       OK   t121020_193836.rf.pcm: sb0:8al
[2026-05-15 13:04:46] [INFO]       OK   t121020_201717.rf.pcm: sb0:117al
[2026-05-15 13:04:46] [INFO]       OK   t121020_195756.rf.pcm: sb0:210al
[2026-05-15 13:04:46] [INFO]       OK   t121020_205557.rf.pcm: sb0:15al
[2026-05-15 13:04:46] [INFO]       OK   t121020_213437.rf.pcm: sb0:3al
[2026-05-15 13:04:46] [INFO]       OK   t121020_211517.rf.pcm: sb0:134al
[2026-05-15 13:04:46] [INFO]       OK   t121023_141406.rf.pcm: sb0:107al
[2026-05-15 13:04:46] [INFO]       OK   t121023_155555.rf.pcm: sb0:11al
[2026-05-15 13:04:46] [INFO]       OK   t121022_153246.rf.pcm: sb0:469al
[2026-05-15 13:04:47] [INFO]       OK   t121119_122506.rf.pcm: sb0:36al
[2026-05-15 13:04:47] [INFO]       OK   t121116_132636.rf.pcm: sb0:569al
[2026-05-15 13:04:47] [INFO]       OK   t121118_125958.rf.pcm: sb0:11al
[2026-05-15 13:04:47] [INFO]       OK   t121021_131055.rf.pcm: sb0:679al
[2026-05-15 13:04:47] [INFO]       OK   t121206_180827.rf.pcm: sb0:505al
[2026-05-15 13:04:47] [INFO]       OK   t121208_140529.rf.pcm: sb0:162al
[2026-05-15 13:04:47] [INFO]       OK   t121117_130126.rf.pcm: sb0:739al
[2026-05-15 13:04:47] [INFO]       OK   t121222_104807.rf.pcm: sb0:5al
[2026-05-15 13:04:47] [INFO]       OK   t121208_125318.rf.pcm: sb0:553al
[2026-05-15 13:04:47] [INFO]       OK   t121207_172357.rf.pcm: sb0:667al
[2026-05-15 13:04:47] [INFO]       OK   t121223_101657.rf.pcm: sb0:251al
[2026-05-15 13:04:47] [INFO]       OK   t121221_115559.rf.pcm: sb0:514al
[2026-05-15 13:04:48] [INFO]       OK   t121222_142527.rf.pcm: sb0:680al
[2026-05-15 13:04:48] [INFO]       OK   t121223_124707.rf.pcm: sb0:481al
[2026-05-15 13:04:48] [INFO]       OK   t121223_090405.rf.pcm: sb0:682al
[2026-05-15 13:04:48] [INFO]       OK   t130112_084553.rf.pcm: sb0:475al
[2026-05-15 13:04:48] [INFO]       OK   t130112_095603.rf.pcm: sb0:534al
[2026-05-15 13:04:48] [INFO]       OK   t130111_102638.rf.pcm: sb0:687al
[2026-05-15 13:04:48] [INFO]       OK   t130111_113523.rf.pcm: sb0:696al
[2026-05-15 13:04:48] [INFO]       OK   t130113_112613.rf.pcm: sb0:783al
[2026-05-15 13:04:48] [INFO]       OK   t130126_092044.rf.pcm: sb0:633al
[2026-05-15 13:04:48] [INFO]       OK   t130126_111915.rf.pcm: sb0:620al
[2026-05-15 13:04:48] [INFO]       OK   t130125_092233.rf.pcm: sb0:669al
[2026-05-15 13:04:48] [INFO]       OK   t130127_090835.rf.pcm: sb0:5al
[2026-05-15 13:04:48] [INFO]       OK   t130127_135016.rf.pcm: sb0:490al
[2026-05-15 13:04:49] [INFO]       OK   t130128_053519.rf.pcm: sb0:31al
[2026-05-15 13:04:49] [INFO]       OK   t130128_075103.rf.pcm: sb0:21al
[2026-05-15 13:04:49] [INFO]       OK   t130205_101048.rf.pcm: sb0:10al
[2026-05-15 13:04:49] [INFO]       OK   t130128_064303.rf.pcm: sb0:1241al
[2026-05-15 13:04:49] [INFO]       OK   t130208_092444.rf.pcm: sb0:322al
[2026-05-15 13:04:49] [INFO]       OK   t130128_085905.rf.pcm: sb0:1450al
[2026-05-15 13:04:50] [INFO]       OK   t130128_122343.rf.pcm: sb0:899al
[2026-05-15 13:04:50] [INFO]       OK   t130128_133135.rf.pcm: sb0:1163al
[2026-05-15 13:04:50] [INFO]       OK   t130128_100743.rf.pcm: sb0:1560al
[2026-05-15 13:04:50] [INFO]       OK   t130128_111543.rf.pcm: sb0:1430al
[2026-05-15 13:04:50] [INFO]       SKIP t130411_001807.rf.pcm: too small (10x1024)
[2026-05-15 13:04:50] [INFO]       SKIP t130411_003946.rf.pcm: too small (10x1024)
[2026-05-15 13:04:50] [INFO]       SKIP t130411_005937.rf.pcm: too small (10x1024)
[2026-05-15 13:04:50] [INFO]       SKIP t130411_011207.rf.pcm: too small (10x1024)
[2026-05-15 13:04:50] [INFO]       SKIP t130411_012437.rf.pcm: too small (10x1024)
[2026-05-15 13:04:50] [INFO]       SKIP t130411_013706.rf.pcm: too small (10x1024)
[2026-05-15 13:04:50] [INFO]       SKIP t130411_015007.rf.pcm: too small (10x1024)
[2026-05-15 13:04:50] [INFO]       SKIP t130411_020235.rf.pcm: too small (10x1024)
[2026-05-15 13:04:50] [INFO]       SKIP t130411_021505.rf.pcm: too small (10x1024)
[2026-05-15 13:04:50] [INFO]       SKIP t130411_022737.rf.pcm: too small (10x1024)
[2026-05-15 13:04:50] [INFO]       SKIP t130411_024007.rf.pcm: too small (10x1024)
[2026-05-15 13:04:50] [INFO]       SKIP t130411_025237.rf.pcm: too small (10x1024)
[2026-05-15 13:04:50] [INFO]       SKIP t130411_031737.rf.pcm: too small (10x1024)
[2026-05-15 13:04:50] [INFO]       SKIP t130411_030507.rf.pcm: too small (10x1024)
[2026-05-15 13:04:50] [INFO]       SKIP t130411_033518.rf.pcm: too small (10x1024)
[2026-05-15 13:04:50] [INFO]       SKIP t130411_034747.rf.pcm: too small (10x1024)
[2026-05-15 13:04:50] [INFO]       SKIP t130411_040408.rf.pcm: too small (10x1024)
[2026-05-15 13:04:50] [INFO]       SKIP t130411_041639.rf.pcm: too small (10x1024)
[2026-05-15 13:04:50] [INFO]       SKIP t130411_044259.rf.pcm: too small (10x1024)
[2026-05-15 13:04:50] [INFO]       SKIP t130411_042908.rf.pcm: too small (10x1024)
[2026-05-15 13:04:50] [INFO]       SKIP t130411_050757.rf.pcm: too small (10x1024)
[2026-05-15 13:04:50] [INFO]       SKIP t130411_045527.rf.pcm: too small (10x1024)
[2026-05-15 13:04:50] [INFO]       SKIP t130411_052039.rf.pcm: too small (10x1024)
[2026-05-15 13:04:50] [INFO]       SKIP t130411_053309.rf.pcm: too small (10x1024)
[2026-05-15 13:04:50] [INFO]       SKIP t130411_054537.rf.pcm: too small (10x1024)
[2026-05-15 13:04:50] [INFO]       SKIP t130411_055807.rf.pcm: too small (10x1024)
[2026-05-15 13:04:50] [INFO]       SKIP t130411_061037.rf.pcm: too small (10x1024)
[2026-05-15 13:04:50] [INFO]       SKIP t130411_062307.rf.pcm: too small (10x1024)
[2026-05-15 13:04:50] [INFO]       SKIP t130411_063537.rf.pcm: too small (10x1024)
[2026-05-15 13:04:50] [INFO]       SKIP t130411_064807.rf.pcm: too small (10x1024)
[2026-05-15 13:04:50] [INFO]       SKIP t130411_070037.rf.pcm: too small (10x1024)
[2026-05-15 13:04:50] [INFO]       SKIP t130411_071307.rf.pcm: too small (10x1024)
[2026-05-15 13:04:50] [INFO]       SKIP t130411_072537.rf.pcm: too small (10x1024)
[2026-05-15 13:04:50] [INFO]       SKIP t130411_073807.rf.pcm: too small (10x1024)
[2026-05-15 13:04:50] [INFO]       SKIP t130411_080317.rf.pcm: too small (10x1024)
[2026-05-15 13:04:50] [INFO]       SKIP t130411_075045.rf.pcm: too small (10x1024)
[2026-05-15 13:04:50] [INFO]       SKIP t130411_081547.rf.pcm: too small (10x1024)
[2026-05-15 13:04:50] [INFO]       SKIP t130411_082818.rf.pcm: too small (10x1024)
[2026-05-15 13:04:50] [INFO]       SKIP t130411_084047.rf.pcm: too small (10x1024)
[2026-05-15 13:04:50] [INFO]       SKIP t130411_085307.rf.pcm: too small (10x1024)
[2026-05-15 13:04:50] [INFO]       SKIP t130411_090537.rf.pcm: too small (10x1024)
[2026-05-15 13:04:50] [INFO]       SKIP t130411_091757.rf.pcm: too small (10x1024)
[2026-05-15 13:04:50] [INFO]       SKIP t130411_094258.rf.pcm: too small (10x1024)
[2026-05-15 13:04:50] [INFO]       SKIP t130411_093017.rf.pcm: too small (10x1024)
[2026-05-15 13:04:50] [INFO]       SKIP t130411_095526.rf.pcm: too small (10x1024)
[2026-05-15 13:04:50] [INFO]       SKIP t130411_100807.rf.pcm: too small (10x1024)
[2026-05-15 13:04:50] [INFO]       SKIP t130411_102107.rf.pcm: too small (10x1024)
[2026-05-15 13:04:50] [INFO]       OK   t130209_093203.rf.pcm: sb0:701al
[2026-05-15 13:04:50] [INFO]       SKIP t130412_101727.rf.pcm: too small (13x1024)
[2026-05-15 13:04:50] [INFO]       OK   t130301_061127.rf.pcm: sb0:614al
[2026-05-15 13:04:50] [INFO]       SKIP t130414_032007.rf.pcm: too small (10x1024)
[2026-05-15 13:04:50] [INFO]       SKIP t130414_033237.rf.pcm: too small (10x1024)
[2026-05-15 13:04:50] [INFO]       SKIP t130414_034509.rf.pcm: too small (10x1024)
[2026-05-15 13:04:50] [INFO]       SKIP t130414_044216.rf.pcm: too small (10x1024)
[2026-05-15 13:04:50] [INFO]       SKIP t130414_045447.rf.pcm: too small (10x1024)
[2026-05-15 13:04:50] [INFO]       SKIP t130414_050717.rf.pcm: too small (10x1024)
[2026-05-15 13:04:50] [INFO]       SKIP t130414_051949.rf.pcm: too small (10x1024)
[2026-05-15 13:04:50] [INFO]       SKIP t130414_054017.rf.pcm: too small (10x1024)
[2026-05-15 13:04:50] [INFO]       SKIP t130414_055247.rf.pcm: too small (10x1024)
[2026-05-15 13:04:50] [INFO]       SKIP t130414_060517.rf.pcm: too small (10x1024)
[2026-05-15 13:04:50] [INFO]       SKIP t130414_061747.rf.pcm: too small (10x1024)
[2026-05-15 13:04:50] [INFO]       SKIP t130414_063017.rf.pcm: too small (10x1024)
[2026-05-15 13:04:50] [INFO]       SKIP t130414_064247.rf.pcm: too small (10x1024)
[2026-05-15 13:04:50] [INFO]       SKIP t130414_065517.rf.pcm: too small (10x1024)
[2026-05-15 13:04:50] [INFO]       OK   t130210_092453.rf.pcm: sb0:692al
[2026-05-15 13:04:50] [INFO]       OK   t130321_071057.rf.pcm: sb0:853al
[2026-05-15 13:04:50] [INFO]       OK   t130412_050527.rf.pcm: sb0:455al
[2026-05-15 13:04:50] [INFO]       OK   t130412_062637.rf.pcm: sb0:778al
[2026-05-15 13:04:50] [INFO]       OK   t130322_063724.rf.pcm: sb0:818al
[2026-05-15 13:04:50] [INFO]       SKIP t130430_061127.rf.pcm: too small (13x1024)
[2026-05-15 13:04:50] [INFO]       OK   t130323_084955.rf.pcm: sb0:731al
[2026-05-15 13:04:50] [INFO]       OK   t130427_023907.rf.pcm: sb0:770al
[2026-05-15 13:04:50] [INFO]       OK   t130510_043736.rf.pcm: sb0:5al
[2026-05-15 13:04:51] [INFO]       OK   t130413_071156.rf.pcm: sb0:729al
[2026-05-15 13:04:51] [INFO]       OK   t130429_004927.rf.pcm: sb0:673al
[2026-05-15 13:04:51] [INFO]       OK   t130428_035217.rf.pcm: sb0:703al
[2026-05-15 13:04:51] [INFO]       OK   t130509_221957.rf.pcm: sb0:605al
[2026-05-15 13:04:51] [INFO]       OK   t130512_060617.rf.pcm: sb0:6al
[2026-05-15 13:04:51] [INFO]       OK   t130429_042347.rf.pcm: sb0:716al
[2026-05-15 13:04:51] [INFO]       OK   t130510_030037.rf.pcm: sb0:865al
[2026-05-15 13:04:51] [INFO]       OK   t130430_010255.rf.pcm: sb0:708al
[2026-05-15 13:04:51] [INFO]       OK   t130512_000335.rf.pcm: sb0:6al
[2026-05-15 13:04:51] [INFO]       OK   t130516_234945.rf.pcm: sb0:287al
[2026-05-15 13:04:51] [INFO]       OK   t130511_012357.rf.pcm: sb0:677al
[2026-05-15 13:04:51] [INFO]       OK   t130513_034307.rf.pcm: sb0:733al
[2026-05-15 13:04:51] [INFO]       OK   t130516_223906.rf.pcm: sb0:18al
[2026-05-15 13:04:52] [INFO]       OK   t130517_061327.rf.pcm: sb0:265al
[2026-05-15 13:04:52] [INFO]       OK   t130517_041947.rf.pcm: sb0:12al
[2026-05-15 13:04:52] [INFO]       OK   t130518_223055.rf.pcm: sb0:554al
[2026-05-15 13:04:52] [INFO]       OK   t130603_052027.rf.pcm: sb0:740al
[2026-05-15 13:04:52] [INFO]       OK   t130603_234407.rf.pcm: sb0:516al
[2026-05-15 13:04:52] [INFO]       OK   t130517_020420.rf.pcm: sb0:1256al
[2026-05-15 13:04:52] [INFO]       OK   t130517_004037.rf.pcm: sb0:1357al
[2026-05-15 13:04:52] [INFO]       SKIP t130704_012718.rf.pcm: too small (10x1024)
[2026-05-15 13:04:52] [INFO]       OK   t130517_031207.rf.pcm: sb0:1328al
[2026-05-15 13:04:52] [INFO]       OK   t130517_071047.rf.pcm: sb0:1124al
[2026-05-15 13:04:52] [INFO]       OK   t130618_231617.rf.pcm: sb0:608al
[2026-05-15 13:04:52] [INFO]       OK   t130619_030037.rf.pcm: sb0:547al
[2026-05-15 13:04:52] [INFO]       OK   t130620_231007.rf.pcm: sb0:362al
[2026-05-15 13:04:53] [INFO]       OK   t130704_014347.rf.pcm: sb0:23al
[2026-05-15 13:04:53] [INFO]       OK   t130619_234909.rf.pcm: sb0:642al
[2026-05-15 13:04:53] [INFO]       OK   t130704_233227.rf.pcm: sb0:636al
[2026-05-15 13:04:53] [INFO]       OK   t130711_232836.rf.pcm: sb0:18al
[2026-05-15 13:04:53] [INFO]       OK   t130711_001218.rf.pcm: sb0:6al
[2026-05-15 13:04:53] [INFO]       OK   t130706_191816.rf.pcm: sb0:550al
[2026-05-15 13:04:53] [INFO]       SKIP t130724_002819.rf.pcm: too small (10x1024)
[2026-05-15 13:04:53] [INFO]       OK   t130621_220627.rf.pcm: sb0:744al
[2026-05-15 13:04:53] [INFO]       OK   t130706_014257.rf.pcm: sb0:737al
[2026-05-15 13:04:53] [INFO]       OK   t130706_031047.rf.pcm: sb0:724al
[2026-05-15 13:04:53] [INFO]       OK   t130709_204747.rf.pcm: sb0:804al
[2026-05-15 13:04:53] [INFO]       OK   t130721_193517.rf.pcm: sb0:834al
[2026-05-15 13:04:53] [INFO]       OK   t130808_194917.rf.pcm: sb0:543al
[2026-05-15 13:04:54] [INFO]       OK   t130809_183847.rf.pcm: sb0:735al
[2026-05-15 13:04:54] [INFO]       OK   t130722_192525.rf.pcm: sb0:739al
[2026-05-15 13:04:54] [INFO]       OK   t130722_203354.rf.pcm: sb0:806al
[2026-05-15 13:04:54] [INFO]       OK   t130810_190337.rf.pcm: sb0:682al
[2026-05-15 13:04:54] [INFO]       SKIP t130825_001038.rf.pcm: too small (14x1024)
[2026-05-15 13:04:54] [INFO]       OK   t130811_184838.rf.pcm: sb0:687al
[2026-05-15 13:04:54] [INFO]       OK   t130811_200138.rf.pcm: sb0:729al
[2026-05-15 13:04:54] [INFO]       OK   t130823_194508.rf.pcm: sb0:13al
[2026-05-15 13:04:54] [INFO]       OK   t130811_223507.rf.pcm: sb0:617al
[2026-05-15 13:04:54] [INFO]       OK   t130824_231226.rf.pcm: sb0:326al
[2026-05-15 13:04:54] [INFO]       OK   t130824_183528.rf.pcm: sb0:433al
[2026-05-15 13:04:54] [INFO]       OK   t130811_211417.rf.pcm: sb0:732al
[2026-05-15 13:04:54] [INFO]       OK   t130831_183317.rf.pcm: sb0:546al
[2026-05-15 13:04:54] [INFO]       OK   t130926_134727.rf.pcm: sb0:163al
[2026-05-15 13:04:54] [INFO]       OK   t130831_193926.rf.pcm: sb0:837al
[2026-05-15 13:04:54] [INFO]       OK   t130926_142648.rf.pcm: sb0:117al
[2026-05-15 13:04:54] [INFO]       OK   t130912_192017.rf.pcm: sb0:10al
[2026-05-15 13:04:54] [INFO]       OK   t130926_144658.rf.pcm: sb0:150al
[2026-05-15 13:04:55] [INFO]       OK   t130912_181129.rf.pcm: sb0:694al
[2026-05-15 13:04:55] [INFO]       OK   t130913_201936.rf.pcm: sb0:495al
[2026-05-15 13:04:55] [INFO]       OK   t130926_150646.rf.pcm: sb0:127al
[2026-05-15 13:04:55] [INFO]       OK   t130926_152638.rf.pcm: sb0:105al
[2026-05-15 13:04:55] [INFO]       OK   t130926_160608.rf.pcm: sb0:120al
[2026-05-15 13:04:55] [INFO]       OK   t130926_162619.rf.pcm: sb0:160al
[2026-05-15 13:04:55] [INFO]       OK   t130926_170458.rf.pcm: sb0:4al
[2026-05-15 13:04:55] [INFO]       OK   t130926_164538.rf.pcm: sb0:130al
[2026-05-15 13:04:55] [INFO]       OK   t130926_182228.rf.pcm: sb0:15al
[2026-05-15 13:04:55] [INFO]       OK   t130926_172419.rf.pcm: sb0:175al
[2026-05-15 13:04:55] [INFO]       OK   t130926_184149.rf.pcm: sb0:14al
[2026-05-15 13:04:55] [INFO]       OK   t130926_174339.rf.pcm: sb0:107al
[2026-05-15 13:04:55] [INFO]       OK   t130914_192658.rf.pcm: sb0:699al
[2026-05-15 13:04:55] [INFO]       OK   t130926_180306.rf.pcm: sb0:101al
[2026-05-15 13:04:55] [INFO]       OK   t130926_191658.rf.pcm: sb0:173al
[2026-05-15 13:04:55] [INFO]       OK   t130926_193617.rf.pcm: sb0:131al
[2026-05-15 13:04:55] [INFO]       OK   t130926_195539.rf.pcm: sb0:10al
[2026-05-15 13:04:55] [INFO]       OK   t130926_203417.rf.pcm: sb0:5al
[2026-05-15 13:04:55] [INFO]       OK   t130926_205340.rf.pcm: sb0:14al
[2026-05-15 13:04:55] [INFO]       OK   t130926_211309.rf.pcm: sb0:10al
[2026-05-15 13:04:55] [INFO]       OK   t130926_213230.rf.pcm: sb0:10al
[2026-05-15 13:04:55] [INFO]       OK   t130926_201457.rf.pcm: sb0:208al
[2026-05-15 13:04:55] [INFO]       OK   t130926_223058.rf.pcm: sb0:7al
[2026-05-15 13:04:55] [INFO]       OK   t130926_221119.rf.pcm: sb0:6al
[2026-05-15 13:04:55] [INFO]       OK   t130926_215200.rf.pcm: sb0:6al
[2026-05-15 13:04:55] [INFO]       OK   t130926_230938.rf.pcm: sb0:9al
[2026-05-15 13:04:55] [INFO]       OK   t130926_225018.rf.pcm: sb0:236al
[2026-05-15 13:04:55] [INFO]       OK   t130928_151319.rf.pcm: sb0:128al
[2026-05-15 13:04:56] [INFO]       OK   t130927_153718.rf.pcm: sb0:716al
[2026-05-15 13:04:56] [INFO]       OK   t130928_182908.rf.pcm: sb0:711al
[2026-05-15 13:04:56] [INFO]       OK   t130928_193537.rf.pcm: sb0:429al
[2026-05-15 13:04:56] [INFO]       OK   t130929_175618.rf.pcm: sb0:11al
[2026-05-15 13:04:56] [INFO]       OK   t130929_190438.rf.pcm: sb0:588al
[2026-05-15 13:04:57] [INFO]       OK   t131013_160129.rf.pcm: sb0:548al
[2026-05-15 13:04:57] [INFO]       OK   t131008_131217.rf.pcm: sb0:1621al
[2026-05-15 13:04:57] [INFO]       OK   t131008_142116.rf.pcm: sb0:1626al
[2026-05-15 13:04:57] [INFO]       OK   t131008_153029.rf.pcm: sb0:1564al
[2026-05-15 13:04:57] [INFO]       OK   t131014_153458.rf.pcm: sb0:777al
[2026-05-15 13:04:57] [INFO]       OK   t131008_163908.rf.pcm: sb0:1602al
[2026-05-15 13:04:58] [INFO]       OK   t131008_174749.rf.pcm: sb0:1525al
[2026-05-15 13:04:58] [INFO]       OK   t131008_185638.rf.pcm: sb0:1568al
[2026-05-15 13:04:58] [INFO]       OK   t131008_200517.rf.pcm: sb0:1535al
[2026-05-15 13:04:58] [INFO]       OK   t131015_160144.rf.pcm: sb0:7al
[2026-05-15 13:04:58] [INFO]       SKIP t131127_133558.rf.pcm: too small (12x1024)
[2026-05-15 13:04:58] [INFO]       OK   t131025_142217.rf.pcm: sb0:15al
[2026-05-15 13:04:58] [INFO]       OK   t131015_145258.rf.pcm: sb0:709al
[2026-05-15 13:04:58] [INFO]       OK   t131026_133020.rf.pcm: sb0:632al
[2026-05-15 13:04:58] [INFO]       OK   t131024_144328.rf.pcm: sb0:736al
[2026-05-15 13:04:58] [INFO]       OK   t131027_182218.rf.pcm: sb0:19al
[2026-05-15 13:04:58] [INFO]       OK   t131128_113846.rf.pcm: sb0:27al
[2026-05-15 13:04:58] [INFO]       OK   t131128_102925.rf.pcm: sb0:570al
[2026-05-15 13:04:58] [INFO]       OK   t131127_143258.rf.pcm: sb0:584al
[2026-05-15 13:04:58] [INFO]       OK   t131027_140018.rf.pcm: sb0:743al
[2026-05-15 13:04:58] [INFO]       OK   t131126_132518.rf.pcm: sb0:634al
[2026-05-15 13:04:58] [INFO]       OK   t131129_153308.rf.pcm: sb0:14al
[2026-05-15 13:04:58] [INFO]       SKIP t131219_160159.rf.pcm: too small (12x1024)
[2026-05-15 13:04:58] [INFO]       OK   t131128_124717.rf.pcm: sb0:651al
[2026-05-15 13:04:59] [INFO]       OK   t131218_112018.rf.pcm: sb0:4al
[2026-05-15 13:04:59] [INFO]       OK   t131219_093446.rf.pcm: sb0:9al
[2026-05-15 13:04:59] [INFO]       OK   t131129_181148.rf.pcm: sb0:679al
[2026-05-15 13:04:59] [INFO]       OK   t131217_095458.rf.pcm: sb0:574al
[2026-05-15 13:04:59] [INFO]       OK   t131219_125148.rf.pcm: sb0:715al
[2026-05-15 13:04:59] [INFO]       OK   t131203_104157.rf.pcm: sb0:695al
[2026-05-15 13:04:59] [INFO]       OK   t131219_163228.rf.pcm: sb0:521al
[2026-05-15 13:04:59] [INFO]       OK   t140110_093019.rf.pcm: sb0:15al
[2026-05-15 13:04:59] [INFO]       OK   t140109_094819.rf.pcm: sb0:6al
[2026-05-15 13:04:59] [INFO]       OK   t140107_100039.rf.pcm: sb0:335al
[2026-05-15 13:04:59] [INFO]       OK   t140130_080448.rf.pcm: sb0:11al
[2026-05-15 13:04:59] [INFO]       OK   t131220_110129.rf.pcm: sb0:717al
[2026-05-15 13:04:59] [INFO]       OK   t140314_052058.rf.pcm: sb0:7al
[2026-05-15 13:04:59] [INFO]       OK   t140202_085149.rf.pcm: sb0:3al
[2026-05-15 13:04:59] [INFO]       OK   t140108_081808.rf.pcm: sb0:768al
[2026-05-15 13:05:00] [INFO]       OK   t140131_091529.rf.pcm: sb0:695al
[2026-05-15 13:05:00] [INFO]       OK   t140201_075427.rf.pcm: sb0:588al
[2026-05-15 13:05:00] [INFO]       OK   t140201_055358.rf.pcm: sb0:682al
[2026-05-15 13:05:00] [INFO]       OK   t140219_052405.rf.pcm: sb0:613al
[2026-05-15 13:05:00] [INFO]       OK   t140202_065400.rf.pcm: sb0:730al
[2026-05-15 13:05:00] [INFO]       OK   t140321_035957.rf.pcm: sb0:712al
[2026-05-15 13:05:00] [INFO]       OK   t140323_040426.rf.pcm: sb0:18al
[2026-05-15 13:05:00] [INFO]       OK   t140320_073159.rf.pcm: sb0:722al
[2026-05-15 13:05:00] [INFO]       OK   t140322_041457.rf.pcm: sb0:735al
[2026-05-15 13:05:00] [INFO]       OK   t140323_051657.rf.pcm: sb0:660al
[2026-05-15 13:05:00] [INFO]       OK   t140322_052657.rf.pcm: sb0:689al
[2026-05-15 13:05:00] [INFO]       OK   t140324_034207.rf.pcm: sb0:515al
[2026-05-15 13:05:00] [INFO]       OK   t140324_023207.rf.pcm: sb0:33al
[2026-05-15 13:05:00] [INFO]       OK   t140324_082308.rf.pcm: sb0:326al
[2026-05-15 13:05:01] [INFO]       OK   t140409_045957.rf.pcm: sb0:601al
[2026-05-15 13:05:01] [INFO]       OK   t140410_051817.rf.pcm: sb0:573al
[2026-05-15 13:05:01] [INFO]       OK   t140413_035507.rf.pcm: sb0:431al
[2026-05-15 13:05:01] [INFO]       OK   t140412_042638.rf.pcm: sb0:709al
[2026-05-15 13:05:01] [INFO]       OK   t140324_060327.rf.pcm: sb0:716al
[2026-05-15 13:05:01] [INFO]       OK   t140411_032607.rf.pcm: sb0:741al
[2026-05-15 13:05:01] [INFO]       OK   t140324_071327.rf.pcm: sb0:933al
[2026-05-15 13:05:01] [INFO]       OK   t140324_045337.rf.pcm: sb0:1353al
[2026-05-15 13:05:01] [INFO]       OK   t140413_061147.rf.pcm: sb0:424al
[2026-05-15 13:05:01] [INFO]       OK   t140415_074027.rf.pcm: sb0:14al
[2026-05-15 13:05:01] [INFO]       OK   t140415_071209.rf.pcm: sb0:212al
[2026-05-15 13:05:01] [INFO]       OK   t140415_043917.rf.pcm: sb0:355al
[2026-05-15 13:05:01] [INFO]       OK   t140415_080005.rf.pcm: sb0:185al
[2026-05-15 13:05:01] [INFO]       SKIP t140415_101746.rf.pcm: too small (10x2048)
[2026-05-15 13:05:01] [INFO]       OK   t140415_083928.rf.pcm: sb0:9al
[2026-05-15 13:05:01] [INFO]       OK   t140415_085907.rf.pcm: sb0:8al
[2026-05-15 13:05:01] [INFO]       OK   t140415_031147.rf.pcm: sb0:466al
[2026-05-15 13:05:01] [INFO]       SKIP t140416_032048.rf.pcm: too small (12x2048)
[2026-05-15 13:05:01] [INFO]       OK   t140415_093826.rf.pcm: sb0:14al
[2026-05-15 13:05:01] [INFO]       OK   t140415_081947.rf.pcm: sb0:191al
[2026-05-15 13:05:01] [INFO]       OK   t140415_091847.rf.pcm: sb0:118al
[2026-05-15 13:05:02] [INFO]       OK   t140415_095806.rf.pcm: sb0:218al
[2026-05-15 13:05:02] [INFO]       OK   t140416_061036.rf.pcm: sb0:18al
[2026-05-15 13:05:02] [INFO]       OK   t140417_054738.rf.pcm: sb0:470al
[2026-05-15 13:05:02] [INFO]       OK   t140417_033147.rf.pcm: sb0:785al
[2026-05-15 13:05:02] [INFO]       OK   t140416_034610.rf.pcm: sb0:755al
[2026-05-15 13:05:02] [INFO]       OK   t140419_044627.rf.pcm: sb0:615al
[2026-05-15 13:05:02] [INFO]       OK   t140416_045828.rf.pcm: sb0:661al
[2026-05-15 13:05:03] [INFO]       OK   t140421_041947.rf.pcm: sb0:13al
[2026-05-15 13:05:03] [INFO]       SKIP t140514_031148.rf.pcm: too small (10x1024)
[2026-05-15 13:05:03] [INFO]       OK   t140421_031107.rf.pcm: sb0:679al
[2026-05-15 13:05:03] [INFO]       OK   t140426_022348.rf.pcm: sb0:438al
[2026-05-15 13:05:03] [INFO]       OK   t140427_021456.rf.pcm: sb0:672al
[2026-05-15 13:05:03] [INFO]       OK   t140416_021257.rf.pcm: sb0:1370al
[2026-05-15 13:05:03] [INFO]       SKIP t140601_214254.rf.pcm: too small (10x1024)
[2026-05-15 13:05:03] [INFO]       OK   t140416_010506.rf.pcm: sb0:1484al
[2026-05-15 13:05:03] [INFO]       OK   t140425_033619.rf.pcm: sb0:685al
[2026-05-15 13:05:03] [INFO]       OK   t140519_061218.rf.pcm: sb0:460al
[2026-05-15 13:05:03] [INFO]       OK   t140605_211445.rf.pcm: sb0:4al
[2026-05-15 13:05:03] [INFO]       OK   t140415_235715.rf.pcm: sb0:1978al
[2026-05-15 13:05:03] [INFO]       OK   t140520_033119.rf.pcm: sb0:571al
[2026-05-15 13:05:04] [INFO]       OK   t140621_045038.rf.pcm: sb0:4al
[2026-05-15 13:05:04] [INFO]       OK   t140619_024956.rf.pcm: sb0:619al
[2026-05-15 13:05:04] [INFO]       OK   t140520_045816.rf.pcm: sb0:719al
[2026-05-15 13:05:04] [INFO]       OK   t140521_021018.rf.pcm: sb0:736al
[2026-05-15 13:05:04] [INFO]       OK   t140620_043718.rf.pcm: sb0:696al
[2026-05-15 13:05:04] [INFO]       OK   t140729_204747.rf.pcm: sb0:4al
[2026-05-15 13:05:04] [INFO]       OK   t140621_215037.rf.pcm: sb0:636al
[2026-05-15 13:05:04] [INFO]       OK   t140621_004838.rf.pcm: sb0:667al
[2026-05-15 13:05:04] [INFO]       OK   t140729_215038.rf.pcm: sb0:239al
[2026-05-15 13:05:04] [INFO]       OK   t140714_202906.rf.pcm: sb0:360al
[2026-05-15 13:05:04] [INFO]       OK   t140717_200617.rf.pcm: sb0:658al
[2026-05-15 13:05:04] [INFO]       OK   t140731_191506.rf.pcm: sb0:11al
[2026-05-15 13:05:04] [INFO]       OK   t140730_201557.rf.pcm: sb0:602al
[2026-05-15 13:05:05] [INFO]       OK   t140822_162845.rf.pcm: sb0:682al
[2026-05-15 13:05:05] [INFO]       OK   t140821_200120.rf.pcm: sb0:815al
[2026-05-15 13:05:05] [INFO]       OK   t140730_005826.rf.pcm: sb0:677al
[2026-05-15 13:05:05] [INFO]       OK   t140924_162258.rf.pcm: sb0:8al
[2026-05-15 13:05:05] [INFO]       OK   t140822_175737.rf.pcm: sb0:660al
[2026-05-15 13:05:05] [INFO]       OK   t140926_162120.rf.pcm: sb0:3al
[2026-05-15 13:05:05] [INFO]       OK   t140823_184228.rf.pcm: sb0:620al
[2026-05-15 13:05:05] [INFO]       OK   t140609_212224.rf.pcm: sb0:2582al
[2026-05-15 13:05:05] [INFO]       OK   t140924_151039.rf.pcm: sb0:762al
[2026-05-15 13:05:05] [INFO]       OK   t140925_180257.rf.pcm: sb0:729al
[2026-05-15 13:05:05] [INFO]       OK   t140926_135357.rf.pcm: sb0:796al
[2026-05-15 13:05:05] [INFO]       OK   t141008_164951.rf.pcm: sb0:10al
[2026-05-15 13:05:05] [INFO]       OK   t141007_205058.rf.pcm: sb0:764al
[2026-05-15 13:05:05] [INFO]       OK   t141009_163501.rf.pcm: sb0:427al
[2026-05-15 13:05:06] [INFO]       OK   t141010_200339.rf.pcm: sb0:10al
[2026-05-15 13:05:06] [INFO]       OK   t141010_130537.rf.pcm: sb0:1295al
[2026-05-15 13:05:06] [INFO]       OK   t141010_141518.rf.pcm: sb0:1337al
[2026-05-15 13:05:06] [INFO]       OK   t141010_152458.rf.pcm: sb0:1381al
[2026-05-15 13:05:06] [INFO]       OK   t141010_163437.rf.pcm: sb0:1472al
[2026-05-15 13:05:07] [INFO]       OK   t141010_174418.rf.pcm: sb0:1466al
[2026-05-15 13:05:07] [INFO]       OK   t141010_185357.rf.pcm: sb0:1743al
[2026-05-15 13:05:07] [INFO]       OK   t141010_211318.rf.pcm: sb0:1499al
[2026-05-15 13:05:07] [INFO]       OK   t141011_122327.rf.pcm: sb0:817al
[2026-05-15 13:05:07] [INFO]       OK   t141011_133538.rf.pcm: sb0:695al
[2026-05-15 13:05:07] [INFO]       OK   t141011_144407.rf.pcm: sb0:644al
[2026-05-15 13:05:07] [INFO]       OK   t141011_155839.rf.pcm: sb0:731al
[2026-05-15 13:05:07] [INFO]       OK   t141011_171027.rf.pcm: sb0:768al
[2026-05-15 13:05:07] [INFO]       OK   t141011_182147.rf.pcm: sb0:703al
[2026-05-15 13:05:07] [INFO]       OK   t141011_204438.rf.pcm: sb0:15al
[2026-05-15 13:05:07] [INFO]       OK   t141011_215558.rf.pcm: sb0:411al
[2026-05-15 13:05:07] [INFO]       OK   t141011_193307.rf.pcm: sb0:704al
[2026-05-15 13:05:08] [INFO]       OK   t141014_141358.rf.pcm: sb0:16al
[2026-05-15 13:05:08] [INFO]       OK   t141014_152337.rf.pcm: sb0:6al
[2026-05-15 13:05:08] [INFO]       OK   t141014_130417.rf.pcm: sb0:1411al
[2026-05-15 13:05:08] [INFO]       OK   t141014_200218.rf.pcm: sb0:1115al
[2026-05-15 13:05:08] [INFO]       OK   t141014_174257.rf.pcm: sb0:1156al
[2026-05-15 13:05:09] [INFO]       OK   t141014_163318.rf.pcm: sb0:1480al
[2026-05-15 13:05:09] [INFO]       OK   t141014_185237.rf.pcm: sb0:1298al
[2026-05-15 13:05:09] [INFO]       OK   t141016_115227.rf.pcm: sb0:1408al
[2026-05-15 13:05:09] [INFO]       OK   t141016_130209.rf.pcm: sb0:1479al
[2026-05-15 13:05:09] [INFO]       OK   t141016_185027.rf.pcm: sb0:444al
[2026-05-15 13:05:09] [INFO]       OK   t141016_141147.rf.pcm: sb0:1537al
[2026-05-15 13:05:09] [INFO]       OK   t141016_163107.rf.pcm: sb0:17al
[2026-05-15 13:05:09] [INFO]       OK   t141024_145849.rf.pcm: sb0:620al
[2026-05-15 13:05:09] [INFO]       OK   t141025_160200.rf.pcm: sb0:595al
[2026-05-15 13:05:09] [INFO]       OK   t141025_171431.rf.pcm: sb0:707al
[2026-05-15 13:05:10] [INFO]       OK   t141016_152127.rf.pcm: sb0:1522al
[2026-05-15 13:05:10] [INFO]       OK   t141016_174048.rf.pcm: sb0:1120al
[2026-05-15 13:05:10] [INFO]       OK   t141026_140129.rf.pcm: sb0:709al
[2026-05-15 13:05:10] [INFO]       OK   t141026_151349.rf.pcm: sb0:696al
[2026-05-15 13:05:10] [INFO]       OK   t141113_135139.rf.pcm: sb0:714al
[2026-05-15 13:05:10] [INFO]       OK   t141114_132109.rf.pcm: sb0:689al
[2026-05-15 13:05:10] [INFO]       OK   t141115_141651.rf.pcm: sb0:714al
[2026-05-15 13:05:10] [INFO]       OK   t141128_125820.rf.pcm: sb0:9al
[2026-05-15 13:05:10] [INFO]       OK   t141201_095526.rf.pcm: sb0:3al
[2026-05-15 13:05:10] [INFO]       OK   t141116_121127.rf.pcm: sb0:675al
[2026-05-15 13:05:10] [INFO]       OK   t141201_092359.rf.pcm: sb0:5al
[2026-05-15 13:05:10] [INFO]       OK   t141116_132339.rf.pcm: sb0:727al
[2026-05-15 13:05:10] [INFO]       OK   t141116_155940.rf.pcm: sb0:688al
[2026-05-15 13:05:11] [INFO]       OK   t141130_113058.rf.pcm: sb0:691al
[2026-05-15 13:05:11] [INFO]       OK   t141129_131300.rf.pcm: sb0:707al
[2026-05-15 13:05:11] [INFO]       OK   t141201_112517.rf.pcm: sb0:280al
[2026-05-15 13:05:11] [INFO]       OK   t141130_162510.rf.pcm: sb0:729al
[2026-05-15 13:05:11] [INFO]       OK   t141201_101636.rf.pcm: sb0:682al
[2026-05-15 13:05:11] [INFO]       OK   t141218_124459.rf.pcm: sb0:643al
[2026-05-15 13:05:11] [INFO]       OK   t141201_164759.rf.pcm: sb0:694al
[2026-05-15 13:05:11] [INFO]       OK   t141201_153841.rf.pcm: sb0:715al
[2026-05-15 13:05:11] [INFO]       OK   t141218_135712.rf.pcm: sb0:535al
[2026-05-15 13:05:11] [INFO]       OK   t141219_111619.rf.pcm: sb0:721al
[2026-05-15 13:05:11] [INFO]       OK   t141220_093847.rf.pcm: sb0:668al
[2026-05-15 13:05:11] [INFO]       OK   t141220_105848.rf.pcm: sb0:710al
[2026-05-15 13:05:12] [INFO]       OK   t150106_091108.rf.pcm: sb0:548al
[2026-05-15 13:05:12] [INFO]       OK   t150106_102320.rf.pcm: sb0:806al
[2026-05-15 13:05:12] [INFO]       OK   t141220_121121.rf.pcm: sb0:706al
[2026-05-15 13:05:12] [INFO]       OK   t141220_132532.rf.pcm: sb0:710al
[2026-05-15 13:05:12] [INFO]       OK   t150105_110611.rf.pcm: sb0:749al
[2026-05-15 13:05:12] [INFO]       OK   t150107_092859.rf.pcm: sb0:745al
[2026-05-15 13:05:12] [INFO]       OK   t150108_081907.rf.pcm: sb0:703al
[2026-05-15 13:05:12] [INFO]       OK   t150130_071608.rf.pcm: sb0:20al
[2026-05-15 13:05:12] [INFO]       OK   t150108_093109.rf.pcm: sb0:705al
[2026-05-15 13:05:12] [INFO]       OK   t150131_075317.rf.pcm: sb0:575al
[2026-05-15 13:05:12] [INFO]       OK   t150131_090531.rf.pcm: sb0:618al
[2026-05-15 13:05:12] [INFO]       OK   t150130_082808.rf.pcm: sb0:695al
[2026-05-15 13:05:13] [INFO]       OK   t150201_061026.rf.pcm: sb0:724al
[2026-05-15 13:05:13] [INFO]       OK   t150201_072227.rf.pcm: sb0:672al
[2026-05-15 13:05:13] [INFO]       OK   t150201_091720.rf.pcm: sb0:699al
[2026-05-15 13:05:13] [INFO]       OK   t150202_050835.rf.pcm: sb0:560al
[2026-05-15 13:05:13] [INFO]       OK   t150202_072057.rf.pcm: sb0:23al
[2026-05-15 13:05:13] [INFO]       OK   t150202_093609.rf.pcm: sb0:31al
[2026-05-15 13:05:13] [INFO]       OK   t150202_061308.rf.pcm: sb0:1338al
[2026-05-15 13:05:13] [INFO]       OK   t150220_081710.rf.pcm: sb0:475al
[2026-05-15 13:05:14] [INFO]       OK   t150202_082830.rf.pcm: sb0:1511al
[2026-05-15 13:05:14] [INFO]       OK   t150220_110419.rf.pcm: sb0:559al
[2026-05-15 13:05:14] [INFO]       OK   t150202_115100.rf.pcm: sb0:1036al
[2026-05-15 13:05:14] [INFO]       OK   t150202_104332.rf.pcm: sb0:1396al
[2026-05-15 13:05:14] [INFO]       OK   t150202_125828.rf.pcm: sb0:1223al
[2026-05-15 13:05:14] [INFO]       OK   t150222_080829.rf.pcm: sb0:751al
[2026-05-15 13:05:14] [INFO]       OK   t150221_054308.rf.pcm: sb0:653al
[2026-05-15 13:05:14] [INFO]       OK   t150202_140547.rf.pcm: sb0:1291al
[2026-05-15 13:05:14] [INFO]       OK   t150306_080940.rf.pcm: sb0:676al
[2026-05-15 13:05:14] [INFO]       OK   t150223_041636.rf.pcm: sb0:763al
[2026-05-15 13:05:14] [INFO]       OK   t150318_055721.rf.pcm: sb0:4al
[2026-05-15 13:05:14] [INFO]       OK   t150307_075651.rf.pcm: sb0:681al
[2026-05-15 13:05:14] [INFO]       OK   t150309_060100.rf.pcm: sb0:325al
[2026-05-15 13:05:14] [INFO]       OK   t150309_070951.rf.pcm: sb0:354al
[2026-05-15 13:05:14] [INFO]       OK   t150308_054658.rf.pcm: sb0:658al
[2026-05-15 13:05:15] [INFO]       OK   t150308_070229.rf.pcm: sb0:709al
[2026-05-15 13:05:15] [INFO]       OK   t150320_033656.rf.pcm: sb0:519al
[2026-05-15 13:05:15] [INFO]       OK   t150319_050537.rf.pcm: sb0:675al
[2026-05-15 13:05:15] [INFO]       OK   t150319_061749.rf.pcm: sb0:736al
[2026-05-15 13:05:15] [INFO]       OK   t150414_051420.rf.pcm: sb0:575al
[2026-05-15 13:05:15] [INFO]       OK   t150417_021348.rf.pcm: sb0:8al
[2026-05-15 13:05:15] [INFO]       OK   t150416_094928.rf.pcm: sb0:7al
[2026-05-15 13:05:15] [INFO]       OK   t150321_064602.rf.pcm: sb0:744al
[2026-05-15 13:05:15] [INFO]       OK   t150322_052550.rf.pcm: sb0:717al
[2026-05-15 13:05:15] [INFO]       OK   t150415_064420.rf.pcm: sb0:712al
[2026-05-15 13:05:15] [INFO]       OK   t150416_022037.rf.pcm: sb0:719al
[2026-05-15 13:05:15] [INFO]       OK   t150427_004626.rf.pcm: sb0:114al
[2026-05-15 13:05:15] [INFO]       OK   t150426_234636.rf.pcm: sb0:129al
[2026-05-15 13:05:16] [INFO]       OK   t150416_071356.rf.pcm: sb0:743al
[2026-05-15 13:05:16] [INFO]       OK   t150519_053656.rf.pcm: sb0:48al
[2026-05-15 13:05:16] [INFO]       OK   t150425_002536.rf.pcm: sb0:709al
[2026-05-15 13:05:16] [INFO]       OK   t150426_021048.rf.pcm: sb0:724al
[2026-05-15 13:05:16] [INFO]       OK   t150425_023559.rf.pcm: sb0:774al
[2026-05-15 13:05:16] [INFO]       OK   t150428_031533.rf.pcm: sb0:677al
[2026-05-15 13:05:16] [INFO]       OK   t150427_025950.rf.pcm: sb0:715al
[2026-05-15 13:05:16] [INFO]       OK   t150522_052500.rf.pcm: sb0:221al
[2026-05-15 13:05:16] [INFO]       OK   t150520_041620.rf.pcm: sb0:704al
[2026-05-15 13:05:16] [INFO]       OK   t150522_041240.rf.pcm: sb0:743al
[2026-05-15 13:05:16] [INFO]       OK   t150612_214436.rf.pcm: sb0:356al
[2026-05-15 13:05:16] [INFO]       OK   t150613_220958.rf.pcm: sb0:9al
[2026-05-15 13:05:16] [INFO]       OK   t150615_000444.rf.pcm: sb0:19al
[2026-05-15 13:05:17] [INFO]       OK   t150522_060508.rf.pcm: sb0:778al
[2026-05-15 13:05:17] [INFO]       OK   t150612_052158.rf.pcm: sb0:733al
[2026-05-15 13:05:17] [INFO]       OK   t150614_225558.rf.pcm: sb0:573al
[2026-05-15 13:05:17] [INFO]       OK   t150627_010901.rf.pcm: sb0:645al
[2026-05-15 13:05:17] [INFO]       OK   t150703_021610.rf.pcm: sb0:432al
[2026-05-15 13:05:17] [INFO]       OK   t150627_222818.rf.pcm: sb0:577al
[2026-05-15 13:05:17] [INFO]       OK   t150628_190757.rf.pcm: sb0:661al
[2026-05-15 13:05:17] [INFO]       OK   t150629_014401.rf.pcm: sb0:661al
[2026-05-15 13:05:17] [INFO]       OK   t150703_010313.rf.pcm: sb0:652al
[2026-05-15 13:05:17] [INFO]       OK   t150702_194627.rf.pcm: sb0:624al
[2026-05-15 13:05:17] [INFO]       OK   t150715_014642.rf.pcm: sb0:124al
[2026-05-15 13:05:17] [INFO]       OK   t150720_234926.rf.pcm: sb0:4al
[2026-05-15 13:05:17] [INFO]       SKIP t150721_211530.rf.pcm: too small (10x1024)
[2026-05-15 13:05:17] [INFO]       OK   t150714_192128.rf.pcm: sb0:605al
[2026-05-15 13:05:17] [INFO]       SKIP t150722_003609.rf.pcm: too small (15x1024)
[2026-05-15 13:05:17] [INFO]       SKIP t150722_004149.rf.pcm: too small (15x1024)
[2026-05-15 13:05:17] [INFO]       SKIP t150722_004729.rf.pcm: too small (15x1024)
[2026-05-15 13:05:17] [INFO]       SKIP t150722_005309.rf.pcm: too small (15x1024)
[2026-05-15 13:05:17] [INFO]       SKIP t150722_005849.rf.pcm: too small (15x1024)
[2026-05-15 13:05:17] [INFO]       SKIP t150722_010429.rf.pcm: too small (15x1024)
[2026-05-15 13:05:17] [INFO]       SKIP t150722_011009.rf.pcm: too small (15x1024)
[2026-05-15 13:05:17] [INFO]       SKIP t150722_011548.rf.pcm: too small (15x1024)
[2026-05-15 13:05:17] [INFO]       SKIP t150722_012129.rf.pcm: too small (15x1024)
[2026-05-15 13:05:17] [INFO]       SKIP t150722_012708.rf.pcm: too small (15x1024)
[2026-05-15 13:05:17] [INFO]       SKIP t150722_013249.rf.pcm: too small (15x1024)
[2026-05-15 13:05:17] [INFO]       SKIP t150722_013829.rf.pcm: too small (15x1024)
[2026-05-15 13:05:17] [INFO]       SKIP t150722_014409.rf.pcm: too small (15x1024)
[2026-05-15 13:05:17] [INFO]       OK   t150714_203338.rf.pcm: sb0:635al
[2026-05-15 13:05:17] [INFO]       SKIP t150723_005820.rf.pcm: too small (15x1024)
[2026-05-15 13:05:17] [INFO]       SKIP t150723_010359.rf.pcm: too small (15x1024)
[2026-05-15 13:05:17] [INFO]       SKIP t150723_010939.rf.pcm: too small (15x1024)
[2026-05-15 13:05:17] [INFO]       SKIP t150723_011519.rf.pcm: too small (15x1024)
[2026-05-15 13:05:17] [INFO]       SKIP t150723_012059.rf.pcm: too small (15x1024)
[2026-05-15 13:05:17] [INFO]       SKIP t150723_012639.rf.pcm: too small (15x1024)
[2026-05-15 13:05:17] [INFO]       SKIP t150723_024440.rf.pcm: too small (15x1024)
[2026-05-15 13:05:17] [INFO]       SKIP t150723_025040.rf.pcm: too small (15x1024)
[2026-05-15 13:05:17] [INFO]       SKIP t150723_025633.rf.pcm: too small (15x1024)
[2026-05-15 13:05:17] [INFO]       SKIP t150723_030223.rf.pcm: too small (15x1024)
[2026-05-15 13:05:17] [INFO]       OK   t150715_003759.rf.pcm: sb0:450al
[2026-05-15 13:05:17] [INFO]       SKIP t150723_030813.rf.pcm: too small (15x1024)
[2026-05-15 13:05:17] [INFO]       SKIP t150723_031403.rf.pcm: too small (15x1024)
[2026-05-15 13:05:17] [INFO]       SKIP t150723_031953.rf.pcm: too small (15x1024)
[2026-05-15 13:05:17] [INFO]       SKIP t150723_032604.rf.pcm: too small (15x1024)
[2026-05-15 13:05:18] [INFO]       OK   t150721_001821.rf.pcm: sb0:743al
[2026-05-15 13:05:18] [INFO]       OK   t150720_214940.rf.pcm: sb0:583al
[2026-05-15 13:05:18] [INFO]       OK   t150721_184726.rf.pcm: sb0:612al
[2026-05-15 13:05:18] [INFO]       OK   t150722_221510.rf.pcm: sb0:470al
[2026-05-15 13:05:18] [INFO]       OK   t150721_213130.rf.pcm: sb0:577al
[2026-05-15 13:05:18] [INFO]       OK   t150721_195958.rf.pcm: sb0:619al
[2026-05-15 13:05:18] [INFO]       OK   t150723_191516.rf.pcm: sb0:708al
[2026-05-15 13:05:18] [INFO]       OK   t150723_202728.rf.pcm: sb0:829al
[2026-05-15 13:05:18] [INFO]       OK   t150811_234259.rf.pcm: sb0:319al
[2026-05-15 13:05:18] [INFO]       OK   t150803_165946.rf.pcm: sb0:741al
[2026-05-15 13:05:18] [INFO]       OK   t150814_192149.rf.pcm: sb0:34al
[2026-05-15 13:05:18] [INFO]       OK   t150802_222340.rf.pcm: sb0:617al
[2026-05-15 13:05:18] [INFO]       OK   t150811_221150.rf.pcm: sb0:822al
[2026-05-15 13:05:18] [INFO]       OK   t150829_010817.rf.pcm: sb0:83al
[2026-05-15 13:05:19] [INFO]       OK   t150812_013508.rf.pcm: sb0:453al
[2026-05-15 13:05:19] [INFO]       OK   t150814_214901.rf.pcm: sb0:551al
[2026-05-15 13:05:19] [INFO]       OK   t150812_002650.rf.pcm: sb0:537al
[2026-05-15 13:05:19] [INFO]       OK   t150830_173848.rf.pcm: sb0:8al
[2026-05-15 13:05:19] [INFO]       OK   t150829_215741.rf.pcm: sb0:604al
[2026-05-15 13:05:19] [INFO]       OK   t150831_190520.rf.pcm: sb0:7al
[2026-05-15 13:05:19] [INFO]       OK   t150828_235217.rf.pcm: sb0:649al
[2026-05-15 13:05:19] [INFO]       OK   t150830_185120.rf.pcm: sb0:653al
[2026-05-15 13:05:19] [INFO]       OK   t150829_164636.rf.pcm: sb0:636al
[2026-05-15 13:05:19] [INFO]       OK   t150831_175239.rf.pcm: sb0:898al
[2026-05-15 13:05:19] [INFO]       OK   t150831_201741.rf.pcm: sb0:500al
[2026-05-15 13:05:19] [INFO]       OK   t150901_180219.rf.pcm: sb0:576al
[2026-05-15 13:05:20] [INFO]       OK   t150903_171007.rf.pcm: sb0:15al
[2026-05-15 13:05:20] [INFO]       OK   t150903_214848.rf.pcm: sb0:70al
[2026-05-15 13:05:20] [INFO]       SKIP t150915_234147.rf.pcm: too small (10x512)
[2026-05-15 13:05:20] [INFO]       OK   t150903_160027.rf.pcm: sb0:1413al
[2026-05-15 13:05:20] [INFO]       OK   t150903_145048.rf.pcm: sb0:1323al
[2026-05-15 13:05:21] [INFO]       OK   t150919_203117.rf.pcm: sb0:605al
[2026-05-15 13:05:21] [INFO]       OK   t150903_181948.rf.pcm: sb0:1466al
[2026-05-15 13:05:21] [INFO]       OK   t150903_225827.rf.pcm: sb0:1283al
[2026-05-15 13:05:21] [INFO]       OK   t150903_203907.rf.pcm: sb0:1732al
[2026-05-15 13:05:21] [INFO]       OK   t150903_192927.rf.pcm: sb0:1751al
[2026-05-15 13:05:21] [INFO]       OK   t150922_162429.rf.pcm: sb0:769al
[2026-05-15 13:05:21] [INFO]       OK   t150921_194442.rf.pcm: sb0:592al
[2026-05-15 13:05:21] [INFO]       OK   t150904_000807.rf.pcm: sb0:1263al
[2026-05-15 13:05:21] [INFO]       OK   t151006_204538.rf.pcm: sb0:248al
[2026-05-15 13:05:21] [INFO]       OK   t151006_193339.rf.pcm: sb0:4al
[2026-05-15 13:05:21] [INFO]       OK   t151006_170840.rf.pcm: sb0:537al
[2026-05-15 13:05:21] [INFO]       OK   t151005_211237.rf.pcm: sb0:839al
[2026-05-15 13:05:21] [INFO]       OK   t151006_182130.rf.pcm: sb0:637al
[2026-05-15 13:05:21] [INFO]       OK   t150923_161037.rf.pcm: sb0:634al
[2026-05-15 13:05:22] [INFO]       OK   t151009_161409.rf.pcm: sb0:629al
[2026-05-15 13:05:22] [INFO]       OK   t151010_145527.rf.pcm: sb0:684al
[2026-05-15 13:05:22] [INFO]       OK   t151011_164850.rf.pcm: sb0:899al
[2026-05-15 13:05:22] [INFO]       OK   t151023_155111.rf.pcm: sb0:646al
[2026-05-15 13:05:22] [INFO]       SKIP t151029_004903.rf.pcm: too small (13x512)
[2026-05-15 13:05:22] [INFO]       OK   t151024_161710.rf.pcm: sb0:444al
[2026-05-15 13:05:22] [INFO]       OK   t151010_172909.rf.pcm: sb0:688al
[2026-05-15 13:05:22] [INFO]       OK   t151025_142839.rf.pcm: sb0:630al
[2026-05-15 13:05:22] [INFO]       OK   t151029_003212.rf.pcm: sb0:528al
[2026-05-15 13:05:22] [INFO]       OK   t151025_172050.rf.pcm: sb0:592al
[2026-05-15 13:05:22] [INFO]       OK   t151106_143109.rf.pcm: sb0:616al
[2026-05-15 13:05:22] [INFO]       OK   t151026_132806.rf.pcm: sb0:633al
[2026-05-15 13:05:22] [INFO]       OK   t151026_155759.rf.pcm: sb0:597al
[2026-05-15 13:05:22] [INFO]       OK   t151107_121227.rf.pcm: sb0:628al
[2026-05-15 13:05:22] [INFO]       OK   t151107_132439.rf.pcm: sb0:600al
[2026-05-15 13:05:23] [INFO]       OK   t151109_133918.rf.pcm: sb0:609al
[2026-05-15 13:05:23] [INFO]       OK   t151109_151337.rf.pcm: sb0:685al
[2026-05-15 13:05:23] [INFO]       OK   t151111_044455.rf.pcm: sb0:5al
[2026-05-15 13:05:23] [INFO]       OK   t151109_193117.rf.pcm: sb0:13al
[2026-05-15 13:05:23] [INFO]       OK   t151108_131257.rf.pcm: sb0:593al
[2026-05-15 13:05:23] [INFO]       OK   t151120_132159.rf.pcm: sb0:3al
[2026-05-15 13:05:23] [INFO]       OK   t151109_164011.rf.pcm: sb0:562al
[2026-05-15 13:05:23] [INFO]       OK   t151120_134810.rf.pcm: sb0:172al
[2026-05-15 13:05:23] [INFO]       OK   t151109_180339.rf.pcm: sb0:685al
[2026-05-15 13:05:23] [INFO]       OK   t151120_143708.rf.pcm: sb0:7al
[2026-05-15 13:05:23] [INFO]       OK   t151111_104837.rf.pcm: sb0:571al
[2026-05-15 13:05:23] [INFO]       OK   t151111_135909.rf.pcm: sb0:564al
[2026-05-15 13:05:23] [INFO]       OK   t151111_151929.rf.pcm: sb0:631al
[2026-05-15 13:05:23] [INFO]       OK   t151122_161559.rf.pcm: sb0:424al
[2026-05-15 13:05:23] [INFO]       OK   t151122_172848.rf.pcm: sb0:522al
[2026-05-15 13:05:23] [INFO]       OK   t151211_151641.rf.pcm: sb0:499al
[2026-05-15 13:05:24] [INFO]       OK   t151212_113138.rf.pcm: sb0:509al
[2026-05-15 13:05:24] [INFO]       OK   t151211_115609.rf.pcm: sb0:613al
[2026-05-15 13:05:24] [INFO]       OK   t151213_105008.rf.pcm: sb0:596al
[2026-05-15 13:05:24] [INFO]       OK   t151213_115919.rf.pcm: sb0:673al
[2026-05-15 13:05:24] [INFO]       OK   t151213_134610.rf.pcm: sb0:627al
[2026-05-15 13:05:24] [INFO]       OK   t151220_141921.rf.pcm: sb0:801al
[2026-05-15 13:05:24] [INFO]       OK   t151111_163219.rf.pcm: sb0:718al
[2026-05-15 13:05:24] [INFO]       OK   t151214_095736.rf.pcm: sb0:621al
[2026-05-15 13:05:24] [INFO]       OK   t151223_172317.rf.pcm: sb0:7al
[2026-05-15 13:05:24] [INFO]       OK   t151222_120019.rf.pcm: sb0:835al
[2026-05-15 13:05:24] [INFO]       OK   t160109_141648.rf.pcm: sb0:36al
[2026-05-15 13:05:24] [INFO]       OK   t151221_101827.rf.pcm: sb0:655al
[2026-05-15 13:05:24] [INFO]       OK   t160129_133824.rf.pcm: sb0:6al
[2026-05-15 13:05:24] [INFO]       OK   t151223_100857.rf.pcm: sb0:571al
[2026-05-15 13:05:25] [INFO]       OK   t160112_070317.rf.pcm: sb0:823al
[2026-05-15 13:05:25] [INFO]       OK   t160128_090109.rf.pcm: sb0:909al
[2026-05-15 13:05:25] [INFO]       OK   t160129_121939.rf.pcm: sb0:577al
[2026-05-15 13:05:25] [INFO]       OK   t160129_083429.rf.pcm: sb0:721al
[2026-05-15 13:05:25] [INFO]       SKIP t160222_065559.rf.pcm: too small (10x1024)
[2026-05-15 13:05:25] [INFO]       OK   t160111_081907.rf.pcm: sb0:616al
[2026-05-15 13:05:25] [INFO]       OK   t160110_090958.rf.pcm: sb0:627al
[2026-05-15 13:05:25] [INFO]       OK   t160129_141739.rf.pcm: sb0:616al
[2026-05-15 13:05:25] [INFO]       OK   t160223_074159.rf.pcm: sb0:5al
[2026-05-15 13:05:25] [INFO]       SKIP t160223_092930.rf.pcm: too small (13x2048)
[2026-05-15 13:05:25] [INFO]       OK   t160130_091220.rf.pcm: sb0:595al
[2026-05-15 13:05:25] [INFO]       OK   t160222_085301.rf.pcm: sb0:41al
[2026-05-15 13:05:25] [INFO]       OK   t160220_075100.rf.pcm: sb0:637al
[2026-05-15 13:05:25] [INFO]       OK   t160221_040518.rf.pcm: sb0:546al
[2026-05-15 13:05:25] [INFO]       OK   t160221_091250.rf.pcm: sb0:598al
[2026-05-15 13:05:26] [INFO]       OK   t160305_053207.rf.pcm: sb0:642al
[2026-05-15 13:05:26] [INFO]       OK   t160306_062539.rf.pcm: sb0:745al
[2026-05-15 13:05:26] [INFO]       OK   t160307_120537.rf.pcm: sb0:470al
[2026-05-15 13:05:26] [INFO]       OK   t160307_070819.rf.pcm: sb0:651al
[2026-05-15 13:05:26] [INFO]       OK   t160308_113238.rf.pcm: sb0:553al
[2026-05-15 13:05:26] [INFO]       OK   t160223_082008.rf.pcm: sb0:1346al
[2026-05-15 13:05:26] [INFO]       OK   t160222_074310.rf.pcm: sb0:1178al
[2026-05-15 13:05:26] [INFO]       OK   t160316_061931.rf.pcm: sb0:635al
[2026-05-15 13:05:26] [INFO]       OK   t160317_060329.rf.pcm: sb0:626al
[2026-05-15 13:05:26] [INFO]       OK   t160223_094631.rf.pcm: sb0:1609al
[2026-05-15 13:05:27] [INFO]       OK   t160318_055409.rf.pcm: sb0:781al
[2026-05-15 13:05:27] [INFO]       OK   t160401_054637.rf.pcm: sb0:656al
[2026-05-15 13:05:27] [INFO]       OK   t160319_051008.rf.pcm: sb0:739al
[2026-05-15 13:05:27] [INFO]       OK   t160319_035707.rf.pcm: sb0:750al
[2026-05-15 13:05:27] [INFO]       OK   t160402_050129.rf.pcm: sb0:744al
[2026-05-15 13:05:27] [INFO]       OK   t160403_061349.rf.pcm: sb0:462al
[2026-05-15 13:05:27] [INFO]       OK   t160403_034826.rf.pcm: sb0:693al
[2026-05-15 13:05:28] [INFO]       OK   t160410_031209.rf.pcm: sb0:28al
[2026-05-15 13:05:28] [INFO]       OK   t160410_005717.rf.pcm: sb0:1597al
[2026-05-15 13:05:28] [INFO]       OK   t160410_020438.rf.pcm: sb0:1619al
[2026-05-15 13:05:28] [INFO]       OK   t160415_025717.rf.pcm: sb0:663al
[2026-05-15 13:05:28] [INFO]       OK   t160410_041940.rf.pcm: sb0:1333al
[2026-05-15 13:05:28] [INFO]       OK   t160416_014136.rf.pcm: sb0:456al
[2026-05-15 13:05:28] [INFO]       OK   t160417_021057.rf.pcm: sb0:6al
[2026-05-15 13:05:28] [INFO]       OK   t160410_090318.rf.pcm: sb0:1399al
[2026-05-15 13:05:28] [INFO]       OK   t160410_063453.rf.pcm: sb0:1463al
[2026-05-15 13:05:28] [INFO]       OK   t160410_052721.rf.pcm: sb0:1625al
[2026-05-15 13:05:28] [INFO]       OK   t160410_074221.rf.pcm: sb0:1668al
[2026-05-15 13:05:29] [INFO]       OK   t160416_025347.rf.pcm: sb0:823al
[2026-05-15 13:05:29] [INFO]       OK   t160416_040559.rf.pcm: sb0:500al
[2026-05-15 13:05:29] [INFO]       OK   t160503_042740.rf.pcm: sb0:415al
[2026-05-15 13:05:29] [INFO]       OK   t160502_070947.rf.pcm: sb0:755al
[2026-05-15 13:05:29] [INFO]       SKIP t160515_002148.rf.pcm: too small (12x1024)
[2026-05-15 13:05:29] [INFO]       OK   t160506_001527.rf.pcm: sb0:611al
[2026-05-15 13:05:29] [INFO]       OK   t160505_031750.rf.pcm: sb0:575al
[2026-05-15 13:05:29] [INFO]       OK   t160505_062800.rf.pcm: sb0:589al
[2026-05-15 13:05:29] [INFO]       OK   t160506_014030.rf.pcm: sb0:625al
[2026-05-15 13:05:29] [INFO]       OK   t160506_232507.rf.pcm: sb0:639al
[2026-05-15 13:05:29] [INFO]       OK   t160507_015420.rf.pcm: sb0:604al
[2026-05-15 13:05:29] [INFO]       OK   t160514_225706.rf.pcm: sb0:557al
[2026-05-15 13:05:30] [INFO]       OK   t160515_004017.rf.pcm: sb0:639al
[2026-05-15 13:05:30] [INFO]       OK   t160520_050259.rf.pcm: sb0:740al
[2026-05-15 13:05:30] [INFO]       OK   t160521_031239.rf.pcm: sb0:735al
[2026-05-15 13:05:30] [INFO]       OK   t160521_042459.rf.pcm: sb0:637al
[2026-05-15 13:05:30] [INFO]       OK   t160606_000703.rf.pcm: sb0:550al
[2026-05-15 13:05:30] [INFO]       OK   t160612_010417.rf.pcm: sb0:261al
[2026-05-15 13:05:30] [INFO]       OK   t160624_005728.rf.pcm: sb0:233al
[2026-05-15 13:05:30] [INFO]       OK   t160612_020200.rf.pcm: sb0:545al
[2026-05-15 13:05:30] [INFO]       OK   t160623_200926.rf.pcm: sb0:633al
[2026-05-15 13:05:30] [INFO]       OK   t160623_212128.rf.pcm: sb0:838al
[2026-05-15 13:05:30] [INFO]       OK   t160630_205828.rf.pcm: sb0:715al
[2026-05-15 13:05:30] [INFO]       OK   t160701_213118.rf.pcm: sb0:763al
[2026-05-15 13:05:30] [INFO]       OK   t160702_190925.rf.pcm: sb0:743al
[2026-05-15 13:05:30] [INFO]       OK   t160701_224330.rf.pcm: sb0:969al
[2026-05-15 13:05:30] [INFO]       OK   t160702_201757.rf.pcm: sb0:737al
[2026-05-15 13:05:31] [INFO]       OK   t160706_043608.rf.pcm: sb0:154al
[2026-05-15 13:05:31] [INFO]       OK   t160702_212628.rf.pcm: sb0:690al
[2026-05-15 13:05:31] [INFO]       OK   t160702_223500.rf.pcm: sb0:791al
[2026-05-15 13:05:31] [INFO]       OK   t160703_213437.rf.pcm: sb0:771al
[2026-05-15 13:05:31] [INFO]       SKIP t160711_002729.rf.pcm: too small (11x1024)
[2026-05-15 13:05:31] [INFO]       OK   t160709_210927.rf.pcm: sb0:12al
[2026-05-15 13:05:31] [INFO]       OK   t160709_195706.rf.pcm: sb0:739al
[2026-05-15 13:05:31] [INFO]       OK   t160710_202157.rf.pcm: sb0:716al
[2026-05-15 13:05:31] [INFO]       OK   t160709_221810.rf.pcm: sb0:864al
[2026-05-15 13:05:31] [INFO]       OK   t160706_002604.rf.pcm: sb0:1154al
[2026-05-15 13:05:31] [INFO]       OK   t160715_203158.rf.pcm: sb0:854al
[2026-05-15 13:05:31] [INFO]       OK   t160710_213408.rf.pcm: sb0:708al
[2026-05-15 13:05:31] [INFO]       OK   t160716_215229.rf.pcm: sb0:436al
[2026-05-15 13:05:31] [INFO]       OK   t160706_022648.rf.pcm: sb0:1249al
[2026-05-15 13:05:32] [INFO]       OK   t160717_024049.rf.pcm: sb0:472al
[2026-05-15 13:05:32] [INFO]       OK   t160725_210309.rf.pcm: sb0:8al
[2026-05-15 13:05:32] [INFO]       OK   t160717_201037.rf.pcm: sb0:475al
[2026-05-15 13:05:32] [INFO]       OK   t160725_194857.rf.pcm: sb0:584al
[2026-05-15 13:05:32] [INFO]       OK   t160717_213029.rf.pcm: sb0:795al
[2026-05-15 13:05:32] [INFO]       OK   t160726_203529.rf.pcm: sb0:451al
[2026-05-15 13:05:32] [INFO]       OK   t160726_214739.rf.pcm: sb0:743al
[2026-05-15 13:05:32] [INFO]       OK   t160812_181848.rf.pcm: sb0:30al
[2026-05-15 13:05:32] [INFO]       OK   t160811_193348.rf.pcm: sb0:825al
[2026-05-15 13:05:32] [INFO]       OK   t160815_010648.rf.pcm: sb0:168al
[2026-05-15 13:05:32] [INFO]       OK   t160812_170635.rf.pcm: sb0:589al
[2026-05-15 13:05:32] [INFO]       OK   t160813_165747.rf.pcm: sb0:575al
[2026-05-15 13:05:32] [INFO]       OK   t160813_180956.rf.pcm: sb0:527al
[2026-05-15 13:05:32] [INFO]       OK   t160813_204100.rf.pcm: sb0:723al
[2026-05-15 13:05:33] [INFO]       OK   t160825_181557.rf.pcm: sb0:342al
[2026-05-15 13:05:33] [INFO]       OK   t160825_192829.rf.pcm: sb0:633al
[2026-05-15 13:05:33] [INFO]       OK   t160825_203719.rf.pcm: sb0:614al
[2026-05-15 13:05:33] [INFO]       OK   t160826_185919.rf.pcm: sb0:670al
[2026-05-15 13:05:33] [INFO]       OK   t160827_184549.rf.pcm: sb0:16al
[2026-05-15 13:05:33] [INFO]       OK   t160827_195319.rf.pcm: sb0:11al
[2026-05-15 13:05:33] [INFO]       OK   t160827_210041.rf.pcm: sb0:19al
[2026-05-15 13:05:33] [INFO]       OK   t160827_173817.rf.pcm: sb0:1069al
[2026-05-15 13:05:33] [INFO]       OK   t160827_152335.rf.pcm: sb0:1505al
[2026-05-15 13:05:34] [INFO]       OK   t160827_163057.rf.pcm: sb0:1309al
[2026-05-15 13:05:34] [INFO]       OK   t160909_190947.rf.pcm: sb0:490al
[2026-05-15 13:05:34] [INFO]       OK   t160828_002258.rf.pcm: sb0:553al
[2026-05-15 13:05:34] [INFO]       OK   t160911_162017.rf.pcm: sb0:627al
[2026-05-15 13:05:34] [INFO]       OK   t160827_220811.rf.pcm: sb0:1362al
[2026-05-15 13:05:34] [INFO]       OK   t160827_231539.rf.pcm: sb0:1462al
[2026-05-15 13:05:34] [INFO]       OK   t160911_173229.rf.pcm: sb0:587al
[2026-05-15 13:05:34] [INFO]       OK   t160929_145617.rf.pcm: sb0:7al
[2026-05-15 13:05:34] [INFO]       OK   t161001_193001.rf.pcm: sb0:266al
[2026-05-15 13:05:34] [INFO]       OK   t160912_143346.rf.pcm: sb0:730al
[2026-05-15 13:05:34] [INFO]       OK   t160929_130046.rf.pcm: sb0:687al
[2026-05-15 13:05:34] [INFO]       OK   t160912_154237.rf.pcm: sb0:715al
[2026-05-15 13:05:34] [INFO]       OK   t160930_174627.rf.pcm: sb0:535al
[2026-05-15 13:05:35] [INFO]       OK   t161001_155449.rf.pcm: sb0:659al
[2026-05-15 13:05:35] [INFO]       OK   t161021_142249.rf.pcm: sb0:724al
[2026-05-15 13:05:35] [INFO]       OK   t161021_153459.rf.pcm: sb0:637al
[2026-05-15 13:05:35] [INFO]       OK   t161113_104837.rf.pcm: sb0:17al
[2026-05-15 13:05:35] [INFO]       OK   t161114_144847.rf.pcm: sb0:12al
[2026-05-15 13:05:35] [INFO]       OK   t161022_132107.rf.pcm: sb0:617al
[2026-05-15 13:05:35] [INFO]       OK   t161023_162650.rf.pcm: sb0:575al
[2026-05-15 13:05:35] [INFO]       OK   t161022_120855.rf.pcm: sb0:787al
[2026-05-15 13:05:35] [INFO]       OK   t161113_142540.rf.pcm: sb0:567al
[2026-05-15 13:05:35] [INFO]       OK   t161114_133639.rf.pcm: sb0:770al
[2026-05-15 13:05:35] [INFO]       OK   t161205_105807.rf.pcm: sb0:8al
[2026-05-15 13:05:35] [INFO]       OK   t161116_145159.rf.pcm: sb0:14al
[2026-05-15 13:05:35] [INFO]       OK   t161115_122146.rf.pcm: sb0:776al
[2026-05-15 13:05:35] [INFO]       OK   t161115_133409.rf.pcm: sb0:749al
[2026-05-15 13:05:36] [INFO]       OK   t161205_121039.rf.pcm: sb0:892al
[2026-05-15 13:05:36] [INFO]       OK   t161116_122729.rf.pcm: sb0:784al
[2026-05-15 13:05:36] [INFO]       OK   t161205_132247.rf.pcm: sb0:786al
[2026-05-15 13:05:36] [INFO]       OK   t161116_133949.rf.pcm: sb0:910al
[2026-05-15 13:05:36] [INFO]       SKIP t161215_115330.rf.pcm: too small (11x2048)
[2026-05-15 13:05:36] [INFO]       OK   t161206_115918.rf.pcm: sb0:4al
[2026-05-15 13:05:36] [INFO]       OK   t161215_093637.rf.pcm: sb0:5al
[2026-05-15 13:05:36] [INFO]       OK   t161206_142412.rf.pcm: sb0:8al
[2026-05-15 13:05:36] [INFO]       OK   t161215_104717.rf.pcm: sb0:345al
[2026-05-15 13:05:36] [INFO]       OK   t161206_131200.rf.pcm: sb0:693al
[2026-05-15 13:05:36] [INFO]       OK   t161207_111008.rf.pcm: sb0:606al
[2026-05-15 13:05:36] [INFO]       OK   t161215_160908.rf.pcm: sb0:369al
[2026-05-15 13:05:36] [INFO]       OK   t161215_124647.rf.pcm: sb0:876al
[2026-05-15 13:05:37] [INFO]       OK   t161219_102447.rf.pcm: sb0:641al
[2026-05-15 13:05:37] [INFO]       OK   t161219_120620.rf.pcm: sb0:769al
[2026-05-15 13:05:37] [INFO]       OK   t161219_131831.rf.pcm: sb0:621al
[2026-05-15 13:05:37] [INFO]       OK   t161215_082745.rf.pcm: sb0:1526al
[2026-05-15 13:05:37] [INFO]       OK   t161220_113350.rf.pcm: sb0:785al
[2026-05-15 13:05:37] [INFO]       OK   t161215_135330.rf.pcm: sb0:1623al
[2026-05-15 13:05:37] [INFO]       SKIP t170107_132645.rf.pcm: too small (10x512)
[2026-05-15 13:05:37] [INFO]       OK   t161215_150140.rf.pcm: sb0:1583al
[2026-05-15 13:05:37] [INFO]       OK   t170104_082707.rf.pcm: sb0:12al
[2026-05-15 13:05:37] [INFO]       OK   t161215_165949.rf.pcm: sb0:1121al
[2026-05-15 13:05:37] [INFO]       OK   t161221_102358.rf.pcm: sb0:506al
[2026-05-15 13:05:37] [INFO]       OK   t170103_093128.rf.pcm: sb0:649al
[2026-05-15 13:05:37] [INFO]       OK   t170105_091257.rf.pcm: sb0:6al
[2026-05-15 13:05:37] [INFO]       OK   t170127_085439.rf.pcm: sb0:39al
[2026-05-15 13:05:38] [INFO]       OK   t170115_070857.rf.pcm: sb0:460al
[2026-05-15 13:05:38] [INFO]       OK   t170128_082048.rf.pcm: sb0:405al
[2026-05-15 13:05:38] [INFO]       OK   t170105_102510.rf.pcm: sb0:596al
[2026-05-15 13:05:38] [INFO]       OK   t170115_082107.rf.pcm: sb0:775al
[2026-05-15 13:05:38] [INFO]       OK   t170127_074227.rf.pcm: sb0:771al
[2026-05-15 13:05:38] [INFO]       OK   t170209_073839.rf.pcm: sb0:88al
[2026-05-15 13:05:38] [INFO]       OK   t170211_053601.rf.pcm: sb0:9al
[2026-05-15 13:05:38] [INFO]       SKIP t170212_095114.rf.pcm: too small (10x512)
[2026-05-15 13:05:38] [INFO]       SKIP t170222_043607.rf.pcm: too small (12x1024)
[2026-05-15 13:05:38] [INFO]       OK   t170129_083257.rf.pcm: sb0:456al
[2026-05-15 13:05:38] [INFO]       OK   t170208_085909.rf.pcm: sb0:379al
[2026-05-15 13:05:38] [INFO]       OK   t170208_074658.rf.pcm: sb0:727al
[2026-05-15 13:05:38] [INFO]       OK   t170130_055335.rf.pcm: sb0:555al
[2026-05-15 13:05:38] [INFO]       OK   t170211_042724.rf.pcm: sb0:799al
[2026-05-15 13:05:38] [INFO]       OK   t170210_045905.rf.pcm: sb0:598al
[2026-05-15 13:05:38] [INFO]       OK   t170210_061117.rf.pcm: sb0:531al
[2026-05-15 13:05:38] [INFO]       OK   t170303_064220.rf.pcm: sb0:739al
[2026-05-15 13:05:38] [INFO]       OK   t170303_075429.rf.pcm: sb0:519al
[2026-05-15 13:05:39] [INFO]       OK   t170304_064140.rf.pcm: sb0:19al
[2026-05-15 13:05:39] [INFO]       OK   t170304_075349.rf.pcm: sb0:544al
[2026-05-15 13:05:39] [INFO]       OK   t170305_032636.rf.pcm: sb0:550al
[2026-05-15 13:05:39] [INFO]       OK   t170305_084450.rf.pcm: sb0:697al
[2026-05-15 13:05:39] [INFO]       OK   t170323_053200.rf.pcm: sb0:566al
[2026-05-15 13:05:39] [INFO]       OK   t170323_064409.rf.pcm: sb0:469al
[2026-05-15 13:05:39] [INFO]       OK   t170322_070000.rf.pcm: sb0:959al
[2026-05-15 13:05:39] [INFO]       OK   t170324_025116.rf.pcm: sb0:577al
[2026-05-15 13:05:39] [INFO]       OK   t170324_040318.rf.pcm: sb0:545al
[2026-05-15 13:05:39] [INFO]       OK   t170330_011455.rf.pcm: sb0:11al
[2026-05-15 13:05:39] [INFO]       OK   t170324_054140.rf.pcm: sb0:541al
[2026-05-15 13:05:40] [INFO]       OK   t170330_033008.rf.pcm: sb0:16al
[2026-05-15 13:05:40] [INFO]       SKIP t170402_100702.rf.pcm: too small (10x512)
[2026-05-15 13:05:40] [INFO]       SKIP t170403_014356.rf.pcm: too small (15x1024)
[2026-05-15 13:05:40] [INFO]       OK   t170330_054520.rf.pcm: sb0:20al
[2026-05-15 13:05:40] [INFO]       OK   t170330_022225.rf.pcm: sb0:1054al
[2026-05-15 13:05:40] [INFO]       OK   t170330_043748.rf.pcm: sb0:1277al
[2026-05-15 13:05:40] [INFO]       OK   t170403_022346.rf.pcm: sb0:526al
[2026-05-15 13:05:40] [INFO]       OK   t170403_071330.rf.pcm: sb0:497al
[2026-05-15 13:05:41] [INFO]       OK   t170330_065250.rf.pcm: sb0:1602al
[2026-05-15 13:05:41] [INFO]       OK   t170330_080020.rf.pcm: sb0:1419al
[2026-05-15 13:05:41] [INFO]       OK   t170330_101648.rf.pcm: sb0:1151al
[2026-05-15 13:05:41] [INFO]       OK   t170403_091228.rf.pcm: sb0:535al
[2026-05-15 13:05:41] [INFO]       OK   t170413_064219.rf.pcm: sb0:587al
[2026-05-15 13:05:41] [INFO]       OK   t170414_033919.rf.pcm: sb0:9al
[2026-05-15 13:05:41] [INFO]       OK   t170330_090928.rf.pcm: sb0:1436al
[2026-05-15 13:05:41] [INFO]       OK   t170420_014307.rf.pcm: sb0:213al
[2026-05-15 13:05:41] [INFO]       OK   t170415_052249.rf.pcm: sb0:608al
[2026-05-15 13:05:41] [INFO]       OK   t170415_012516.rf.pcm: sb0:559al
[2026-05-15 13:05:41] [INFO]       OK   t170428_001129.rf.pcm: sb0:587al
[2026-05-15 13:05:41] [INFO]       OK   t170415_035140.rf.pcm: sb0:589al
[2026-05-15 13:05:41] [INFO]       OK   t170428_013400.rf.pcm: sb0:598al
[2026-05-15 13:05:41] [INFO]       OK   t170429_035410.rf.pcm: sb0:556al
[2026-05-15 13:05:41] [INFO]       OK   t170429_023601.rf.pcm: sb0:531al
[2026-05-15 13:05:41] [INFO]       SKIP t170601_053633.rf.pcm: too small (10x512)
[2026-05-15 13:05:42] [INFO]       OK   t170430_013250.rf.pcm: sb0:509al
[2026-05-15 13:05:42] [INFO]       OK   t170529_045215.rf.pcm: sb0:433al
[2026-05-15 13:05:42] [INFO]       OK   t170430_025700.rf.pcm: sb0:592al
[2026-05-15 13:05:42] [INFO]       OK   t170430_064340.rf.pcm: sb0:546al
[2026-05-15 13:05:42] [INFO]       OK   t170531_000839.rf.pcm: sb0:534al
[2026-05-15 13:05:42] [INFO]       OK   t170531_041320.rf.pcm: sb0:516al
[2026-05-15 13:05:42] [INFO]       OK   t170602_055107.rf.pcm: sb0:632al
[2026-05-15 13:05:42] [INFO]       OK   t170622_003126.rf.pcm: sb0:544al
[2026-05-15 13:05:42] [INFO]       OK   t170621_032439.rf.pcm: sb0:599al
[2026-05-15 13:05:42] [INFO]       OK   t170623_221348.rf.pcm: sb0:506al
[2026-05-15 13:05:42] [INFO]       OK   t170623_232629.rf.pcm: sb0:494al
[2026-05-15 13:05:42] [INFO]       OK   t170625_212437.rf.pcm: sb0:3al
[2026-05-15 13:05:42] [INFO]       OK   t170625_201608.rf.pcm: sb0:11al
[2026-05-15 13:05:42] [INFO]       OK   t170625_031308.rf.pcm: sb0:551al
[2026-05-15 13:05:43] [INFO]       OK   t170625_042507.rf.pcm: sb0:528al
[2026-05-15 13:05:43] [INFO]       OK   t170626_050826.rf.pcm: sb0:7al
[2026-05-15 13:05:43] [INFO]       OK   t170625_221708.rf.pcm: sb0:588al
[2026-05-15 13:05:43] [INFO]       OK   t170627_042547.rf.pcm: sb0:18al
[2026-05-15 13:05:43] [INFO]       OK   t170625_232540.rf.pcm: sb0:561al
[2026-05-15 13:05:43] [INFO]       OK   t170626_003420.rf.pcm: sb0:558al
[2026-05-15 13:05:43] [INFO]       OK   t170626_014300.rf.pcm: sb0:523al
[2026-05-15 13:05:43] [INFO]       SKIP t170724_025231.rf.pcm: too small (10x512)
[2026-05-15 13:05:43] [INFO]       OK   t170626_025138.rf.pcm: sb0:535al
[2026-05-15 13:05:43] [INFO]       OK   t170627_031318.rf.pcm: sb0:544al
[2026-05-15 13:05:43] [INFO]       OK   t170626_035958.rf.pcm: sb0:558al
[2026-05-15 13:05:43] [INFO]       SKIP t170806_023927.rf.pcm: too small (15x1024)
[2026-05-15 13:05:43] [INFO]       SKIP t170821_001243.rf.pcm: too small (10x512)
[2026-05-15 13:05:43] [INFO]       OK   t170712_221049.rf.pcm: sb0:397al
[2026-05-15 13:05:43] [INFO]       OK   t170803_202710.rf.pcm: sb0:337al
[2026-05-15 13:05:44] [INFO]       OK   t170712_014932.rf.pcm: sb0:3al
[2026-05-15 13:05:44] [INFO]       OK   t170711_221020.rf.pcm: sb0:522al
[2026-05-15 13:05:44] [INFO]       OK   t170713_210848.rf.pcm: sb0:528al
[2026-05-15 13:05:44] [INFO]       OK   t170804_223005.rf.pcm: sb0:587al
[2026-05-15 13:05:44] [INFO]       OK   t170823_160906.rf.pcm: sb0:601al
[2026-05-15 13:05:44] [INFO]       OK   t170729_204510.rf.pcm: sb0:555al
[2026-05-15 13:05:44] [INFO]       OK   t170823_183419.rf.pcm: sb0:11al
[2026-05-15 13:05:44] [INFO]       OK   t170823_231509.rf.pcm: sb0:520al
[2026-05-15 13:05:44] [INFO]       OK   t170907_202411.rf.pcm: sb0:602al
[2026-05-15 13:05:44] [INFO]       OK   t170908_173858.rf.pcm: sb0:555al
[2026-05-15 13:05:44] [INFO]       OK   t170923_151226.rf.pcm: sb0:323al
[2026-05-15 13:05:44] [INFO]       OK   t170922_162019.rf.pcm: sb0:682al
[2026-05-15 13:05:44] [INFO]       OK   t170907_180319.rf.pcm: sb0:558al
[2026-05-15 13:05:44] [INFO]       OK   t170923_175310.rf.pcm: sb0:549al
[2026-05-15 13:05:44] [INFO]       OK   t170909_170040.rf.pcm: sb0:503al
[2026-05-15 13:05:45] [INFO]       OK   t170925_153556.rf.pcm: sb0:347al
[2026-05-15 13:05:45] [INFO]       OK   t170924_161007.rf.pcm: sb0:486al
[2026-05-15 13:05:45] [INFO]       OK   t170924_195549.rf.pcm: sb0:579al
[2026-05-15 13:05:45] [INFO]       OK   t170926_144107.rf.pcm: sb0:17al
[2026-05-15 13:05:46] [INFO]       OK   t170926_223457.rf.pcm: sb0:3al
[2026-05-15 13:05:46] [INFO]       OK   t170926_133328.rf.pcm: sb0:1212al
[2026-05-15 13:05:46] [INFO]       OK   t170926_165630.rf.pcm: sb0:1549al
[2026-05-15 13:05:46] [INFO]       OK   t170926_180408.rf.pcm: sb0:1594al
[2026-05-15 13:05:46] [INFO]       OK   t170926_154847.rf.pcm: sb0:1746al
[2026-05-15 13:05:46] [INFO]       OK   t171001_210958.rf.pcm: sb0:709al
[2026-05-15 13:05:46] [INFO]       OK   t170926_212718.rf.pcm: sb0:1274al
[2026-05-15 13:05:46] [INFO]       OK   t170926_201940.rf.pcm: sb0:1393al
[2026-05-15 13:05:46] [INFO]       OK   t171016_132837.rf.pcm: sb0:9al
[2026-05-15 13:05:46] [INFO]       SKIP t171105_202210.rf.pcm: too small (10x512)
[2026-05-15 13:05:46] [INFO]       OK   t170926_191152.rf.pcm: sb0:1793al
[2026-05-15 13:05:46] [INFO]       OK   t171013_154519.rf.pcm: sb0:590al
[2026-05-15 13:05:46] [INFO]       OK   t171105_184457.rf.pcm: sb0:371al
[2026-05-15 13:05:47] [INFO]       OK   t171014_150119.rf.pcm: sb0:763al
[2026-05-15 13:05:47] [INFO]       OK   t171102_154828.rf.pcm: sb0:928al
[2026-05-15 13:05:47] [INFO]       OK   t171125_120517.rf.pcm: sb0:128al
[2026-05-15 13:05:47] [INFO]       SKIP t171201_170834.rf.pcm: too small (10x512)
[2026-05-15 13:05:47] [INFO]       OK   t171106_141629.rf.pcm: sb0:419al
[2026-05-15 13:05:47] [INFO]       OK   t171104_130658.rf.pcm: sb0:397al
[2026-05-15 13:05:47] [INFO]       OK   t171106_130349.rf.pcm: sb0:831al
[2026-05-15 13:05:47] [INFO]       OK   t171104_171400.rf.pcm: sb0:538al
[2026-05-15 13:05:47] [INFO]       OK   t171124_112557.rf.pcm: sb0:552al
[2026-05-15 13:05:47] [INFO]       OK   t171125_150641.rf.pcm: sb0:915al
[2026-05-15 13:05:47] [INFO]       OK   t171209_122239.rf.pcm: sb0:4al
[2026-05-15 13:05:47] [INFO]       OK   t171126_144229.rf.pcm: sb0:743al
[2026-05-15 13:05:47] [INFO]       OK   t171210_131338.rf.pcm: sb0:17al
[2026-05-15 13:05:48] [INFO]       OK   t171208_095736.rf.pcm: sb0:511al
[2026-05-15 13:05:48] [INFO]       OK   t171210_120109.rf.pcm: sb0:605al
[2026-05-15 13:05:48] [INFO]       OK   t171208_162527.rf.pcm: sb0:714al
[2026-05-15 13:05:48] [INFO]       OK   t171218_155548.rf.pcm: sb0:5al
[2026-05-15 13:05:49] [INFO]       OK   t171218_080217.rf.pcm: sb0:1333al
[2026-05-15 13:05:49] [INFO]       OK   t171218_090936.rf.pcm: sb0:1028al
[2026-05-15 13:05:49] [INFO]       OK   t171218_112449.rf.pcm: sb0:1088al
[2026-05-15 13:05:49] [INFO]       OK   t171227_112749.rf.pcm: sb0:17al
[2026-05-15 13:05:49] [INFO]       OK   t171218_101717.rf.pcm: sb0:1435al
[2026-05-15 13:05:49] [INFO]       OK   t171229_105801.rf.pcm: sb0:8al
[2026-05-15 13:05:49] [INFO]       OK   t171218_134030.rf.pcm: sb0:1509al
[2026-05-15 13:05:49] [INFO]       OK   t171218_144820.rf.pcm: sb0:1466al
[2026-05-15 13:05:49] [INFO]       OK   t171218_123308.rf.pcm: sb0:1768al
[2026-05-15 13:05:49] [INFO]       OK   t171228_093338.rf.pcm: sb0:542al
[2026-05-15 13:05:49] [INFO]       OK   t171229_093336.rf.pcm: sb0:598al
[2026-05-15 13:05:49] [INFO]       OK   t180111_102819.rf.pcm: sb0:733al
[2026-05-15 13:05:50] [INFO]       OK   t180112_100810.rf.pcm: sb0:607al
[2026-05-15 13:05:50] [INFO]       OK   t180113_083137.rf.pcm: sb0:422al
[2026-05-15 13:05:50] [INFO]       OK   t180113_071756.rf.pcm: sb0:655al
[2026-05-15 13:05:50] [INFO]       OK   t180114_124929.rf.pcm: sb0:5al
[2026-05-15 13:05:50] [INFO]       SKIP t180210_134511.rf.pcm: too small (10x512)
[2026-05-15 13:05:50] [INFO]       OK   t180112_112030.rf.pcm: sb0:578al
[2026-05-15 13:05:50] [INFO]       OK   t180114_073057.rf.pcm: sb0:556al
[2026-05-15 13:05:50] [INFO]       OK   t180126_080647.rf.pcm: sb0:426al
[2026-05-15 13:05:50] [INFO]       OK   t180126_093242.rf.pcm: sb0:549al
[2026-05-15 13:05:50] [INFO]       OK   t180126_104448.rf.pcm: sb0:427al
[2026-05-15 13:05:50] [INFO]       OK   t180309_070758.rf.pcm: sb0:17al
[2026-05-15 13:05:50] [INFO]       OK   t180127_085210.rf.pcm: sb0:540al
[2026-05-15 13:05:50] [INFO]       OK   t180308_103158.rf.pcm: sb0:590al
[2026-05-15 13:05:50] [INFO]       OK   t180128_080608.rf.pcm: sb0:655al
[2026-05-15 13:05:51] [INFO]       OK   t180328_044322.rf.pcm: sb0:9al
[2026-05-15 13:05:51] [INFO]       OK   t180311_095839.rf.pcm: sb0:456al
[2026-05-15 13:05:51] [INFO]       OK   t180310_055637.rf.pcm: sb0:777al
[2026-05-15 13:05:51] [INFO]       OK   t180327_095957.rf.pcm: sb0:15al
[2026-05-15 13:05:51] [INFO]       OK   t180401_031018.rf.pcm: sb0:9al
[2026-05-15 13:05:51] [INFO]       OK   t180327_084458.rf.pcm: sb0:566al
[2026-05-15 13:05:51] [INFO]       OK   t180415_002054.rf.pcm: sb0:10al
[2026-05-15 13:05:51] [INFO]       OK   t180415_003914.rf.pcm: sb0:3al
[2026-05-15 13:05:51] [INFO]       OK   t180405_010920.rf.pcm: sb0:148al
[2026-05-15 13:05:51] [INFO]       OK   t180415_013416.rf.pcm: sb0:11al
[2026-05-15 13:05:51] [INFO]       OK   t180402_091019.rf.pcm: sb0:599al
[2026-05-15 13:05:51] [INFO]       OK   t180415_005736.rf.pcm: sb0:204al
[2026-05-15 13:05:51] [INFO]       OK   t180415_011556.rf.pcm: sb0:233al
[2026-05-15 13:05:51] [INFO]       OK   t180415_015236.rf.pcm: sb0:7al
[2026-05-15 13:05:51] [INFO]       OK   t180402_011356.rf.pcm: sb0:569al
[2026-05-15 13:05:51] [INFO]       OK   t180401_035039.rf.pcm: sb0:566al
[2026-05-15 13:05:51] [INFO]       OK   t180403_061238.rf.pcm: sb0:548al
[2026-05-15 13:05:51] [INFO]       OK   t180415_022916.rf.pcm: sb0:7al
[2026-05-15 13:05:51] [INFO]       OK   t180415_032428.rf.pcm: sb0:4al
[2026-05-15 13:05:51] [INFO]       OK   t180415_030558.rf.pcm: sb0:7al
[2026-05-15 13:05:51] [INFO]       OK   t180415_021058.rf.pcm: sb0:211al
[2026-05-15 13:05:51] [INFO]       OK   t180415_024738.rf.pcm: sb0:185al
[2026-05-15 13:05:52] [INFO]       OK   t180415_040128.rf.pcm: sb0:10al
[2026-05-15 13:05:52] [INFO]       OK   t180415_042000.rf.pcm: sb0:11al
[2026-05-15 13:05:52] [INFO]       OK   t180415_034259.rf.pcm: sb0:213al
[2026-05-15 13:05:52] [INFO]       OK   t180415_043839.rf.pcm: sb0:3al
[2026-05-15 13:05:52] [INFO]       OK   t180415_045657.rf.pcm: sb0:5al
[2026-05-15 13:05:52] [INFO]       OK   t180415_051519.rf.pcm: sb0:8al
[2026-05-15 13:05:52] [INFO]       OK   t180415_053338.rf.pcm: sb0:13al
[2026-05-15 13:05:52] [INFO]       OK   t180415_055158.rf.pcm: sb0:5al
[2026-05-15 13:05:52] [INFO]       OK   t180415_061020.rf.pcm: sb0:9al
[2026-05-15 13:05:52] [INFO]       OK   t180415_062849.rf.pcm: sb0:9al
[2026-05-15 13:05:52] [INFO]       OK   t180415_064709.rf.pcm: sb0:8al
[2026-05-15 13:05:52] [INFO]       OK   t180415_070529.rf.pcm: sb0:13al
[2026-05-15 13:05:52] [INFO]       OK   t180415_074208.rf.pcm: sb0:6al
[2026-05-15 13:05:52] [INFO]       OK   t180415_072349.rf.pcm: sb0:9al
[2026-05-15 13:05:52] [INFO]       OK   t180415_080028.rf.pcm: sb0:4al
[2026-05-15 13:05:52] [INFO]       OK   t180415_081848.rf.pcm: sb0:14al
[2026-05-15 13:05:52] [INFO]       OK   t180415_083708.rf.pcm: sb0:256al
[2026-05-15 13:05:52] [INFO]       SKIP t180518_054557.rf.pcm: too small (10x1024)
[2026-05-15 13:05:52] [INFO]       SKIP t180519_021132.rf.pcm: too small (13x1024)
[2026-05-15 13:05:52] [INFO]       SKIP t180519_230317.rf.pcm: too small (11x1024)
[2026-05-15 13:05:52] [INFO]       OK   t180415_085528.rf.pcm: sb0:211al
[2026-05-15 13:05:52] [INFO]       OK   t180424_061319.rf.pcm: sb0:52al
[2026-05-15 13:05:52] [INFO]       OK   t180415_091348.rf.pcm: sb0:245al
[2026-05-15 13:05:52] [INFO]       OK   t180517_060617.rf.pcm: sb0:250al
[2026-05-15 13:05:52] [INFO]       OK   t180518_024243.rf.pcm: sb0:528al
[2026-05-15 13:05:52] [INFO]       OK   t180519_234112.rf.pcm: sb0:166al
[2026-05-15 13:05:52] [INFO]       OK   t180522_001755.rf.pcm: sb0:13al
[2026-05-15 13:05:52] [INFO]       OK   t180521_214817.rf.pcm: sb0:228al
[2026-05-15 13:05:52] [INFO]       OK   t180422_024557.rf.pcm: sb0:718al
[2026-05-15 13:05:52] [INFO]       OK   t180518_013648.rf.pcm: sb0:439al
[2026-05-15 13:05:53] [INFO]       OK   t180521_232117.rf.pcm: sb0:486al
[2026-05-15 13:05:53] [INFO]       OK   t180530_221616.rf.pcm: sb0:4al
[2026-05-15 13:05:53] [INFO]       OK   t180530_210159.rf.pcm: sb0:468al
[2026-05-15 13:05:53] [INFO]       OK   t180602_004109.rf.pcm: sb0:278al
[2026-05-15 13:05:53] [INFO]       OK   t180522_224535.rf.pcm: sb0:399al
[2026-05-15 13:05:53] [INFO]       OK   t180604_041940.rf.pcm: sb0:4al
[2026-05-15 13:05:53] [INFO]       SKIP t180612_040108.rf.pcm: too small (13x1024)
[2026-05-15 13:05:53] [INFO]       SKIP t180612_041520.rf.pcm: too small (10x1024)
[2026-05-15 13:05:53] [INFO]       OK   t180612_034035.rf.pcm: sb0:14al
[2026-05-15 13:05:53] [INFO]       OK   t180531_213346.rf.pcm: sb0:694al
[2026-05-15 13:05:53] [INFO]       OK   t180611_235605.rf.pcm: sb0:281al
[2026-05-15 13:05:53] [INFO]       OK   t180602_041359.rf.pcm: sb0:688al
[2026-05-15 13:05:53] [INFO]       SKIP t180621_030649.rf.pcm: too small (13x1024)
[2026-05-15 13:05:53] [INFO]       SKIP t180621_032440.rf.pcm: too small (15x1024)
[2026-05-15 13:05:53] [INFO]       OK   t180522_235108.rf.pcm: sb0:585al
[2026-05-15 13:05:53] [INFO]       OK   t180612_043338.rf.pcm: sb0:220al
[2026-05-15 13:05:53] [INFO]       OK   t180612_022334.rf.pcm: sb0:33al
[2026-05-15 13:05:53] [INFO]       OK   t180621_001750.rf.pcm: sb0:323al
[2026-05-15 13:05:54] [INFO]       OK   t180620_232957.rf.pcm: sb0:385al
[2026-05-15 13:05:54] [INFO]       OK   t180621_214046.rf.pcm: sb0:11al
[2026-05-15 13:05:54] [INFO]       OK   t180622_195856.rf.pcm: sb0:8al
[2026-05-15 13:05:54] [INFO]       OK   t180621_034045.rf.pcm: sb0:260al
[2026-05-15 13:05:54] [INFO]       OK   t180620_222510.rf.pcm: sb0:576al
[2026-05-15 13:05:54] [INFO]       OK   t180622_020733.rf.pcm: sb0:692al
[2026-05-15 13:05:54] [INFO]       OK   t180622_215528.rf.pcm: sb0:908al
[2026-05-15 13:05:54] [INFO]       OK   t180623_203547.rf.pcm: sb0:43al
[2026-05-15 13:05:54] [INFO]       OK   t180623_002208.rf.pcm: sb0:905al
[2026-05-15 13:05:55] [INFO]       OK   t180703_231900.rf.pcm: sb0:5al
[2026-05-15 13:05:55] [INFO]       OK   t180606_012118.rf.pcm: sb0:9al
[2026-05-15 13:05:55] [INFO]       OK   t180623_020120.rf.pcm: sb0:867al
[2026-05-15 13:05:55] [INFO]       OK   t180623_043756.rf.pcm: sb0:811al
[2026-05-15 13:05:55] [INFO]       OK   t180624_032730.rf.pcm: sb0:671al
[2026-05-15 13:05:55] [INFO]       OK   t180625_225759.rf.pcm: sb0:646al
[2026-05-15 13:05:55] [INFO]       OK   t180706_000251.rf.pcm: sb0:73al
[2026-05-15 13:05:55] [INFO]       OK   t180626_010755.rf.pcm: sb0:476al
[2026-05-15 13:05:55] [INFO]       OK   t180712_203558.rf.pcm: sb0:8al
[2026-05-15 13:05:55] [INFO]       OK   t180626_000256.rf.pcm: sb0:640al
[2026-05-15 13:05:55] [INFO]       OK   t180726_212510.rf.pcm: sb0:8al
[2026-05-15 13:05:55] [INFO]       OK   t180727_211739.rf.pcm: sb0:36al
[2026-05-15 13:05:55] [INFO]       OK   t180712_022128.rf.pcm: sb0:631al
[2026-05-15 13:05:55] [INFO]       OK   t180713_214358.rf.pcm: sb0:668al
[2026-05-15 13:05:55] [INFO]       OK   t180713_225638.rf.pcm: sb0:783al
[2026-05-15 13:05:55] [INFO]       OK   t180730_220730.rf.pcm: sb0:396al
[2026-05-15 13:05:56] [INFO]       OK   t180728_222700.rf.pcm: sb0:644al
[2026-05-15 13:05:56] [INFO]       OK   t180816_192300.rf.pcm: sb0:5al
[2026-05-15 13:05:56] [INFO]       OK   t180729_215950.rf.pcm: sb0:436al
[2026-05-15 13:05:56] [INFO]       OK   t180730_205310.rf.pcm: sb0:666al
[2026-05-15 13:05:56] [INFO]       OK   t180809_195401.rf.pcm: sb0:20al
[2026-05-15 13:05:56] [INFO]       OK   t180809_182359.rf.pcm: sb0:648al
[2026-05-15 13:05:56] [INFO]       OK   t180915_155837.rf.pcm: sb0:10al
[2026-05-15 13:05:56] [INFO]       OK   t180817_183401.rf.pcm: sb0:548al
[2026-05-15 13:05:56] [INFO]       OK   t180920_142136.rf.pcm: sb0:6al
[2026-05-15 13:05:56] [INFO]       OK   t180819_182529.rf.pcm: sb0:560al
[2026-05-15 13:05:56] [INFO]       OK   t180915_193940.rf.pcm: sb0:533al
[2026-05-15 13:05:56] [INFO]       OK   t180831_182109.rf.pcm: sb0:603al
[2026-05-15 13:05:56] [INFO]       OK   t180901_175010.rf.pcm: sb0:1025al
[2026-05-15 13:05:57] [INFO]       OK   t180929_204518.rf.pcm: sb0:11al
[2026-05-15 13:05:57] [INFO]       OK   t180929_125804.rf.pcm: sb0:1233al
[2026-05-15 13:05:58] [INFO]       OK   t180929_151126.rf.pcm: sb0:1448al
[2026-05-15 13:05:58] [INFO]       OK   t180929_161809.rf.pcm: sb0:1275al
[2026-05-15 13:05:58] [INFO]       OK   t180929_172500.rf.pcm: sb0:1140al
[2026-05-15 13:05:58] [INFO]       OK   t180929_140446.rf.pcm: sb0:1547al
[2026-05-15 13:05:58] [INFO]       OK   t181017_153028.rf.pcm: sb0:9al
[2026-05-15 13:05:58] [INFO]       OK   t180929_183140.rf.pcm: sb0:1446al
[2026-05-15 13:05:58] [INFO]       OK   t180929_193832.rf.pcm: sb0:1416al
[2026-05-15 13:05:58] [INFO]       OK   t180929_215158.rf.pcm: sb0:29al
[2026-05-15 13:05:58] [INFO]       OK   t181019_132657.rf.pcm: sb0:506al
[2026-05-15 13:05:58] [INFO]       OK   t181019_155300.rf.pcm: sb0:591al
[2026-05-15 13:05:58] [INFO]       OK   t181019_170550.rf.pcm: sb0:606al
[2026-05-15 13:05:58] [INFO]       OK   t181018_150407.rf.pcm: sb0:598al
[2026-05-15 13:05:59] [INFO]       OK   t181020_125738.rf.pcm: sb0:587al
[2026-05-15 13:05:59] [INFO]       OK   t181020_155220.rf.pcm: sb0:570al
[2026-05-15 13:05:59] [INFO]       OK   t181105_120157.rf.pcm: sb0:29al
[2026-05-15 13:06:00] [INFO]       OK   t181105_105425.rf.pcm: sb0:2545al
[2026-05-15 13:06:00] [INFO]       SKIP t181114_141311.rf.pcm: too small (12x1024)
[2026-05-15 13:06:00] [INFO]       OK   t181105_130927.rf.pcm: sb0:2474al
[2026-05-15 13:06:01] [INFO]       OK   t181105_152448.rf.pcm: sb0:2504al
[2026-05-15 13:06:01] [INFO]       OK   t181105_141710.rf.pcm: sb0:2544al
[2026-05-15 13:06:01] [INFO]       SKIP t181122_121918.rf.pcm: too small (11x1024)
[2026-05-15 13:06:01] [INFO]       OK   t181105_163221.rf.pcm: sb0:2443al
[2026-05-15 13:06:01] [INFO]       SKIP t181125_121400.rf.pcm: too small (12x1024)
[2026-05-15 13:06:01] [INFO]       OK   t181122_123239.rf.pcm: sb0:139al
[2026-05-15 13:06:01] [INFO]       OK   t181105_173951.rf.pcm: sb0:2455al
[2026-05-15 13:06:01] [INFO]       OK   t181129_134759.rf.pcm: sb0:12al
[2026-05-15 13:06:01] [INFO]       OK   t181105_184720.rf.pcm: sb0:2519al
[2026-05-15 13:06:01] [INFO]       SKIP t181203_152653.rf.pcm: too small (10x1024)
[2026-05-15 13:06:01] [INFO]       SKIP t181203_153830.rf.pcm: too small (13x1024)
[2026-05-15 13:06:01] [INFO]       OK   t181105_195518.rf.pcm: sb0:2458al
[2026-05-15 13:06:01] [INFO]       OK   t181203_162409.rf.pcm: sb0:79al
[2026-05-15 13:06:01] [INFO]       OK   t181212_141540.rf.pcm: sb0:473al
[2026-05-15 13:06:01] [INFO]       OK   t181201_131450.rf.pcm: sb0:4al
[2026-05-15 13:06:02] [INFO]       OK   t181119_133329.rf.pcm: sb0:1683al
[2026-05-15 13:06:02] [INFO]       OK   t181120_125849.rf.pcm: sb0:1641al
[2026-05-15 13:06:02] [INFO]       OK   t181121_141031.rf.pcm: sb0:1591al
[2026-05-15 13:06:02] [INFO]       OK   t181226_093128.rf.pcm: sb0:6al
[2026-05-15 13:06:02] [INFO]       OK   t181202_123840.rf.pcm: sb0:1570al
[2026-05-15 13:06:02] [INFO]       SKIP t190105_163730.rf.pcm: too small (12x1024)
[2026-05-15 13:06:02] [INFO]       SKIP t190107_090900.rf.pcm: too small (12x1024)
[2026-05-15 13:06:02] [INFO]       SKIP t190112_112122.rf.pcm: too small (12x1024)
[2026-05-15 13:06:02] [INFO]       OK   t181203_164710.rf.pcm: sb0:1561al
[2026-05-15 13:06:02] [INFO]       OK   t181213_143251.rf.pcm: sb0:1388al
[2026-05-15 13:06:03] [INFO]       OK   t181214_154226.rf.pcm: sb0:1456al
[2026-05-15 13:06:03] [INFO]       OK   t181226_122450.rf.pcm: sb0:1558al
[2026-05-15 13:06:03] [INFO]       OK   t181229_094058.rf.pcm: sb0:1218al
[2026-05-15 13:06:03] [INFO]       SKIP t190129_093342.rf.pcm: too small (10x1024)
[2026-05-15 13:06:03] [INFO]       OK   t181230_115239.rf.pcm: sb0:1312al
[2026-05-15 13:06:04] [INFO]       OK   t190115_082539.rf.pcm: sb0:1337al
[2026-05-15 13:06:04] [INFO]       OK   t190118_113112.rf.pcm: sb0:7al
[2026-05-15 13:06:04] [INFO]       OK   t190102_111341.rf.pcm: sb0:1575al
[2026-05-15 13:06:04] [INFO]       SKIP t190216_140709.rf.pcm: too small (10x1024)
[2026-05-15 13:06:04] [INFO]       OK   t190213_041905.rf.pcm: sb0:125al
[2026-05-15 13:06:04] [INFO]       SKIP t190301_042117.rf.pcm: too small (11x1024)
[2026-05-15 13:06:04] [INFO]       OK   t190117_082608.rf.pcm: sb0:1606al
[2026-05-15 13:06:04] [INFO]       OK   t190117_100101.rf.pcm: sb0:1732al
[2026-05-15 13:06:04] [INFO]       OK   t190117_133920.rf.pcm: sb0:1744al
[2026-05-15 13:06:04] [INFO]       SKIP t190320_024428.rf.pcm: too small (15x1024)
[2026-05-15 13:06:05] [INFO]       OK   t190130_061918.rf.pcm: sb0:1813al
[2026-05-15 13:06:05] [INFO]       OK   t190322_034518.rf.pcm: sb0:431al
[2026-05-15 13:06:05] [INFO]       OK   t190209_080200.rf.pcm: sb0:1729al
[2026-05-15 13:06:05] [INFO]       OK   t190323_090100.rf.pcm: sb0:6al
[2026-05-15 13:06:05] [INFO]       OK   t190219_082239.rf.pcm: sb0:1440al
[2026-05-15 13:06:05] [INFO]       OK   t190210_093030.rf.pcm: sb0:1643al
[2026-05-15 13:06:05] [INFO]       OK   t190324_074951.rf.pcm: sb0:5al
[2026-05-15 13:06:05] [INFO]       SKIP t190401_104719.rf.pcm: too small (10x1024)
[2026-05-15 13:06:05] [INFO]       OK   t190303_083722.rf.pcm: sb0:1560al
[2026-05-15 13:06:05] [INFO]       SKIP t190403_044312.rf.pcm: too small (10x1024)
[2026-05-15 13:06:05] [INFO]       SKIP t190404_052641.rf.pcm: too small (10x1024)
[2026-05-15 13:06:05] [INFO]       OK   t190303_121301.rf.pcm: sb0:1496al
[2026-05-15 13:06:05] [INFO]       OK   t190403_005117.rf.pcm: sb0:78al
[2026-05-15 13:06:06] [INFO]       OK   t190411_011616.rf.pcm: sb0:4al
[2026-05-15 13:06:06] [INFO]       OK   t190316_062640.rf.pcm: sb0:1569al
[2026-05-15 13:06:06] [INFO]       SKIP t190416_052702.rf.pcm: too small (10x1024)
[2026-05-15 13:06:06] [INFO]       OK   t190417_022529.rf.pcm: sb0:594al
[2026-05-15 13:06:06] [INFO]       OK   t190322_055241.rf.pcm: sb0:1724al
[2026-05-15 13:06:07] [INFO]       OK   t190323_050039.rf.pcm: sb0:1691al
[2026-05-15 13:06:07] [INFO]       OK   t190324_093420.rf.pcm: sb0:1447al
[2026-05-15 13:06:07] [INFO]       OK   t190324_041239.rf.pcm: sb0:1758al
[2026-05-15 13:06:07] [INFO]       OK   t190411_020229.rf.pcm: sb0:1463al
[2026-05-15 13:06:07] [INFO]       OK   t190417_070510.rf.pcm: sb0:106al
[2026-05-15 13:06:07] [INFO]       OK   t190417_040152.rf.pcm: sb0:625al
[2026-05-15 13:06:07] [INFO]       OK   t190411_044552.rf.pcm: sb0:1543al
[2026-05-15 13:06:07] [INFO]       OK   t190417_063221.rf.pcm: sb0:504al
[2026-05-15 13:06:07] [INFO]       OK   t190428_053418.rf.pcm: sb0:143al
[2026-05-15 13:06:07] [INFO]       OK   t190417_054812.rf.pcm: sb0:387al
[2026-05-15 13:06:07] [INFO]       OK   t190413_043111.rf.pcm: sb0:1915al
[2026-05-15 13:06:07] [INFO]       OK   t190429_052432.rf.pcm: sb0:11al
[2026-05-15 13:06:07] [INFO]       OK   t190417_094847.rf.pcm: sb0:629al
[2026-05-15 13:06:07] [INFO]       OK   t190523_014612.rf.pcm: sb0:101al
[2026-05-15 13:06:08] [INFO]       OK   t190504_044751.rf.pcm: sb0:27al
[2026-05-15 13:06:08] [INFO]       OK   t190417_073149.rf.pcm: sb0:1579al
[2026-05-15 13:06:08] [INFO]       SKIP t190605_044348.rf.pcm: too small (14x1024)
[2026-05-15 13:06:08] [INFO]       OK   t190417_084018.rf.pcm: sb0:1717al
[2026-05-15 13:06:08] [INFO]       OK   t190604_032501.rf.pcm: sb0:3al
[2026-05-15 13:06:08] [INFO]       OK   t190520_223939.rf.pcm: sb0:1267al
[2026-05-15 13:06:09] [INFO]       OK   t190521_052741.rf.pcm: sb0:1238al
[2026-05-15 13:06:09] [INFO]       SKIP t190626_001744.rf.pcm: too small (11x1024)
[2026-05-15 13:06:09] [INFO]       OK   t190503_025151.rf.pcm: sb0:1780al
[2026-05-15 13:06:09] [INFO]       SKIP t190626_051128.rf.pcm: too small (11x1024)
[2026-05-15 13:06:09] [INFO]       OK   t190524_061950.rf.pcm: sb0:1151al
[2026-05-15 13:06:09] [INFO]       OK   t190702_010843.rf.pcm: sb0:3al
[2026-05-15 13:06:09] [INFO]       OK   t190525_061538.rf.pcm: sb0:1339al
[2026-05-15 13:06:09] [INFO]       OK   t190625_052258.rf.pcm: sb0:519al
[2026-05-15 13:06:09] [INFO]       OK   t190627_010813.rf.pcm: sb0:195al
[2026-05-15 13:06:09] [INFO]       OK   t190617_212159.rf.pcm: sb0:770al
[2026-05-15 13:06:09] [INFO]       OK   t190727_191719.rf.pcm: sb0:115al
[2026-05-15 13:06:10] [INFO]       OK   t190605_232228.rf.pcm: sb0:1722al
[2026-05-15 13:06:10] [INFO]       OK   t190721_180120.rf.pcm: sb0:16al
[2026-05-15 13:06:10] [INFO]       OK   t190624_205538.rf.pcm: sb0:1670al
[2026-05-15 13:06:10] [INFO]       OK   t190717_204440.rf.pcm: sb0:1287al
[2026-05-15 13:06:10] [INFO]       OK   t190626_015102.rf.pcm: sb0:1711al
[2026-05-15 13:06:10] [INFO]       OK   t190715_212250.rf.pcm: sb0:1692al
[2026-05-15 13:06:10] [INFO]       OK   t190729_203150.rf.pcm: sb0:1684al
[2026-05-15 13:06:10] [INFO]       
J0437 Processing Summary:
[2026-05-15 13:06:10] [INFO]         OK: 9326, Failed: 0, Skipped: 875
[2026-05-15 13:06:26] [INFO] [PASS] J0437: 9326 processed, 875 skipped, 0 failed
[2026-05-15 13:06:26] [INFO]       Processing 761 J1603 epochs (control pulsar, min_snr=1.5)...
[2026-05-15 13:06:27] [INFO]       OK   a050903_050655.rf.pcm: sb0:196al
[2026-05-15 13:06:27] [INFO]       OK   a050627_171711.rf.pcm: sb0:266al
[2026-05-15 13:06:27] [INFO]       OK   a050627_161611.rf.pcm: sb0:264al
[2026-05-15 13:06:27] [INFO]       OK   a051113_233623.rf.pcm: sb0:41al
[2026-05-15 13:06:27] [INFO]       OK   a051003_015433.rf.pcm: sb0:464al
[2026-05-15 13:06:27] [INFO]       OK   a050627_084205.rf.pcm: sb0:337al
[2026-05-15 13:06:27] [INFO]       OK   a050828_050733.rf.pcm: sb0:428al
[2026-05-15 13:06:27] [INFO]       OK   a051129_193252.rf.pcm: sb0:509al
[2026-05-15 13:06:27] [INFO]       OK   a051220_192253.rf.pcm: sb0:367al
[2026-05-15 13:06:27] [INFO]       OK   a060102_173603.rf.pcm: sb0:533al
[2026-05-15 13:06:27] [INFO]       OK   a060305_150114.rf.pcm: sb0:3al
[2026-05-15 13:06:27] [INFO]       OK   a060211_153423.rf.pcm: sb0:6al
[2026-05-15 13:06:27] [INFO]       OK   a060131_162033.rf.pcm: sb0:11al
[2026-05-15 13:06:28] [INFO]       OK   a060104_171523.rf.pcm: sb0:474al
[2026-05-15 13:06:28] [INFO]       OK   a060322_000213.rf.pcm: sb0:109al
[2026-05-15 13:06:28] [INFO]       OK   a060208_181954.rf.pcm: sb0:495al
[2026-05-15 13:06:28] [INFO]       OK   a060212_144813.rf.pcm: sb0:551al
[2026-05-15 13:06:28] [INFO]       OK   a060302_143843.rf.pcm: sb0:359al
[2026-05-15 13:06:28] [INFO]       OK   a060511_090033.rf.pcm: sb0:3al
[2026-05-15 13:06:28] [INFO]       OK   a060510_094043.rf.pcm: sb0:8al
[2026-05-15 13:06:28] [INFO]       OK   a060407_152453.rf.pcm: sb0:7al
[2026-05-15 13:06:28] [INFO]       OK   a060511_101714.rf.pcm: sb0:9al
[2026-05-15 13:06:28] [INFO]       OK   a060527_085713.rf.pcm: sb0:10al
[2026-05-15 13:06:28] [INFO]       OK   a060616_175053.rf.pcm: sb0:344al
[2026-05-15 13:06:28] [INFO]       OK   a060421_211353.rf.pcm: sb0:422al
[2026-05-15 13:06:28] [INFO]       OK   a060701_062805.rf.pcm: sb0:6al
[2026-05-15 13:06:28] [INFO]       OK   a060914_120259.rf.pcm: sb0:4al
[2026-05-15 13:06:28] [INFO]       OK   a060614_094953.rf.pcm: sb0:444al
[2026-05-15 13:06:28] [INFO]       OK   a060701_052213.rf.pcm: sb0:351al
[2026-05-15 13:06:28] [INFO]       OK   a060716_153850.rf.pcm: sb0:343al
[2026-05-15 13:06:28] [INFO]       OK   a061102_213009.rf.pcm: sb0:207al
[2026-05-15 13:06:28] [INFO]       OK   a060915_002610.rf.pcm: sb0:525al
[2026-05-15 13:06:28] [INFO]       OK   a061126_200829.rf.pcm: sb0:3al
[2026-05-15 13:06:28] [INFO]       OK   a061004_014839.rf.pcm: sb0:419al
[2026-05-15 13:06:28] [INFO]       OK   a061019_033819.rf.pcm: sb0:481al
[2026-05-15 13:06:28] [INFO]       OK   a061217_055651.rf.pcm: sb0:4al
[2026-05-15 13:06:28] [INFO]       OK   a061103_210749.rf.pcm: sb0:409al
[2026-05-15 13:06:28] [INFO]       OK   a061020_005500.rf.pcm: sb0:498al
[2026-05-15 13:06:28] [INFO]       OK   a070121_165621.rf.pcm: sb0:3al
[2026-05-15 13:06:28] [INFO]       OK   a061217_210439.rf.pcm: sb0:31al
[2026-05-15 13:06:28] [INFO]       OK   a070101_050139.rf.pcm: sb0:293al
[2026-05-15 13:06:28] [INFO]       OK   a070217_014711.rf.pcm: sb0:3al
[2026-05-15 13:06:28] [INFO]       OK   a070205_173649.rf.pcm: sb0:8al
[2026-05-15 13:06:28] [INFO]       OK   a070121_033411.rf.pcm: sb0:393al
[2026-05-15 13:06:28] [INFO]       OK   a070417_174554.rf.pcm: sb0:11al
[2026-05-15 13:06:28] [INFO]       OK   a070307_134311.rf.pcm: sb0:422al
[2026-05-15 13:06:28] [INFO]       OK   a070410_171351.rf.pcm: sb0:10al
[2026-05-15 13:06:28] [INFO]       OK   a070326_133139.rf.pcm: sb0:393al
[2026-05-15 13:06:28] [INFO]       OK   a070501_121609.rf.pcm: sb0:9al
[2026-05-15 13:06:28] [INFO]       OK   a070310_132751.rf.pcm: sb0:521al
[2026-05-15 13:06:28] [INFO]       OK   a070604_182627.rf.pcm: sb0:416al
[2026-05-15 13:06:28] [INFO]       OK   a070518_192929.rf.pcm: sb0:550al
[2026-05-15 13:06:28] [INFO]       OK   a071012_102211.rf.pcm: sb0:14al
[2026-05-15 13:06:28] [INFO]       OK   a070626_084039.rf.pcm: sb0:399al
[2026-05-15 13:06:28] [INFO]       OK   a070813_071147.rf.pcm: sb0:294al
[2026-05-15 13:06:28] [INFO]       OK   a070712_055549.rf.pcm: sb0:493al
[2026-05-15 13:06:28] [INFO]       OK   a070812_041311.rf.pcm: sb0:417al
[2026-05-15 13:06:29] [INFO]       OK   m2002-12-14-06:00:00.rf.pcm: sb0:18al
[2026-05-15 13:06:29] [INFO]       OK   m2002-12-14-06:16:11.rf.pcm: sb0:18al
[2026-05-15 13:06:29] [INFO]       OK   m2003-08-29-10:47:48.rf.pcm: sb0:8al
[2026-05-15 13:06:29] [INFO]       OK   a070911_011053.rf.pcm: sb0:609al
[2026-05-15 13:06:29] [INFO]       OK   m2004-02-01-16:59:17.rf.pcm: sb0:16al
[2026-05-15 13:06:29] [INFO]       OK   m2004-03-06-13:58:17.rf.pcm: sb0:13al
[2026-05-15 13:06:29] [INFO]       OK   m2004-03-23-17:06:22.rf.pcm: sb0:29al
[2026-05-15 13:06:29] [INFO]       OK   m2003-01-10-20:20:46.rf.pcm: sb0:22al
[2026-05-15 13:06:29] [INFO]       OK   m2004-03-22-16:49:23.rf.pcm: sb0:199al
[2026-05-15 13:06:29] [INFO]       OK   a071202_201110.rf.pcm: sb0:447al
[2026-05-15 13:06:29] [INFO]       OK   a071105_215540.rf.pcm: sb0:630al
[2026-05-15 13:06:29] [INFO]       OK   m2004-03-22-17:25:34.rf.pcm: sb0:215al
[2026-05-15 13:06:29] [INFO]       OK   m2004-04-14-19:24:22.rf.pcm: sb0:5al
[2026-05-15 13:06:29] [INFO]       OK   m2004-04-12-17:06:34.rf.pcm: sb0:180al
[2026-05-15 13:06:29] [INFO]       OK   m2003-10-08-00:58:18.rf.pcm: sb0:32al
[2026-05-15 13:06:29] [INFO]       OK   m2004-04-12-17:40:20.rf.pcm: sb0:205al
[2026-05-15 13:06:29] [INFO]       OK   a071217_184452.rf.pcm: sb0:490al
[2026-05-15 13:06:29] [INFO]       OK   m2004-04-14-20:00:29.rf.pcm: sb0:230al
[2026-05-15 13:06:29] [INFO]       OK   m2004-07-17-07:15:56.rf.pcm: sb0:10al
[2026-05-15 13:06:29] [INFO]       OK   m2004-05-19-10:25:49.rf.pcm: sb0:11al
[2026-05-15 13:06:29] [INFO]       OK   m2004-06-10-09:42:52.rf.pcm: sb0:11al
[2026-05-15 13:06:29] [INFO]       OK   m2004-06-12-09:22:53.rf.pcm: sb0:18al
[2026-05-15 13:06:29] [INFO]       OK   m2004-08-10-04:45:40.rf.pcm: sb0:25al
[2026-05-15 13:06:29] [INFO]       OK   m2004-06-25-12:15:49.rf.pcm: sb0:22al
[2026-05-15 13:06:29] [INFO]       OK   m2004-07-24-04:42:19.rf.pcm: sb0:341al
[2026-05-15 13:06:29] [INFO]       OK   m2004-09-11-09:13:05.rf.pcm: sb0:10al
[2026-05-15 13:06:29] [INFO]       OK   m2004-08-31-09:19:34.rf.pcm: sb0:15al
[2026-05-15 13:06:29] [INFO]       OK   m2004-09-24-02:13:36.rf.pcm: sb0:15al
[2026-05-15 13:06:29] [INFO]       OK   m2004-09-26-00:26:45.rf.pcm: sb0:10al
[2026-05-15 13:06:29] [INFO]       OK   m2004-11-06-00:30:37.rf.pcm: sb0:17al
[2026-05-15 13:06:29] [INFO]       OK   m2004-11-08-03:15:28.rf.pcm: sb0:14al
[2026-05-15 13:06:29] [INFO]       OK   m2004-12-21-22:12:48.rf.pcm: sb0:14al
[2026-05-15 13:06:29] [INFO]       OK   m2005-03-23-12:50:30.rf.pcm: sb0:4al
[2026-05-15 13:06:29] [INFO]       OK   m2005-03-01-23:15:59.rf.pcm: sb0:21al
[2026-05-15 13:06:29] [INFO]       OK   m2005-03-23-13:23:47.rf.pcm: sb0:13al
[2026-05-15 13:06:29] [INFO]       OK   m2005-02-17-14:34:07.rf.pcm: sb0:25al
[2026-05-15 13:06:29] [INFO]       OK   m2005-01-07-21:08:19.rf.pcm: sb0:9al
[2026-05-15 13:06:29] [INFO]       OK   m2004-12-01-20:16:57.rf.pcm: sb0:547al
[2026-05-15 13:06:29] [INFO]       OK   m2005-01-04-19:18:40.rf.pcm: sb0:532al
[2026-05-15 13:06:29] [INFO]       OK   m2005-05-11-08:57:18.rf.pcm: sb0:11al
[2026-05-15 13:06:29] [INFO]       OK   m2005-04-21-14:11:46.rf.pcm: sb0:21al
[2026-05-15 13:06:29] [INFO]       OK   m2005-04-23-14:30:28.rf.pcm: sb0:9al
[2026-05-15 13:06:29] [INFO]       OK   m2005-05-10-18:08:18.rf.pcm: sb0:21al
[2026-05-15 13:06:30] [INFO]       OK   m2005-06-27-08:42:09.rf.pcm: sb0:31al
[2026-05-15 13:06:30] [INFO]       OK   m2005-06-27-16:16:14.rf.pcm: sb0:31al
[2026-05-15 13:06:30] [INFO]       OK   m2005-05-26-13:08:18.rf.pcm: sb0:33al
[2026-05-15 13:06:30] [INFO]       OK   m2005-11-13-23:36:31.rf.pcm: sb0:85al
[2026-05-15 13:06:30] [INFO]       OK   m2005-07-31-04:38:07.rf.pcm: sb0:3al
[2026-05-15 13:06:30] [INFO]       OK   m2005-06-27-17:17:14.rf.pcm: sb0:24al
[2026-05-15 13:06:30] [INFO]       OK   m2005-12-19-20:36:22.rf.pcm: sb0:79al
[2026-05-15 13:06:30] [INFO]       OK   m2005-09-03-05:07:00.rf.pcm: sb0:272al
[2026-05-15 13:06:30] [INFO]       OK   m2005-12-20-19:23:01.rf.pcm: sb0:53al
[2026-05-15 13:06:30] [INFO]       OK   m2006-01-04-17:15:29.rf.pcm: sb0:4al
[2026-05-15 13:06:30] [INFO]       OK   m2006-01-02-17:36:11.rf.pcm: sb0:102al
[2026-05-15 13:06:30] [INFO]       OK   m2006-01-31-16:20:41.rf.pcm: sb0:3al
[2026-05-15 13:06:30] [INFO]       OK   m2006-03-22-00:02:21.rf.pcm: sb0:29al
[2026-05-15 13:06:30] [INFO]       OK   m2006-02-08-18:20:02.rf.pcm: sb0:97al
[2026-05-15 13:06:30] [INFO]       OK   m2006-02-11-15:34:31.rf.pcm: sb0:111al
[2026-05-15 13:06:30] [INFO]       OK   m2006-02-12-14:48:19.rf.pcm: sb0:106al
[2026-05-15 13:06:30] [INFO]       OK   m2006-03-02-14:38:53.rf.pcm: sb0:3al
[2026-05-15 13:06:30] [INFO]       OK   m2006-03-05-15:01:21.rf.pcm: sb0:103al
[2026-05-15 13:06:30] [INFO]       OK   m2006-05-11-09:00:42.rf.pcm: sb0:20al
[2026-05-15 13:06:30] [INFO]       OK   m2006-05-10-09:40:51.rf.pcm: sb0:84al
[2026-05-15 13:06:30] [INFO]       OK   m2005-11-29-19:33:01.rf.pcm: sb0:12al
[2026-05-15 13:06:30] [INFO]       OK   m2006-04-07-15:25:01.rf.pcm: sb0:68al
[2026-05-15 13:06:30] [INFO]       OK   m2006-04-21-21:14:01.rf.pcm: sb0:91al
[2026-05-15 13:06:30] [INFO]       OK   m2006-05-11-10:17:20.rf.pcm: sb0:88al
[2026-05-15 13:06:30] [INFO]       OK   m2006-05-27-08:57:21.rf.pcm: sb0:93al
[2026-05-15 13:06:30] [INFO]       OK   m2006-08-08-06:00:12.rf.pcm: sb0:21al
[2026-05-15 13:06:30] [INFO]       OK   m2006-06-14-09:50:01.rf.pcm: sb0:86al
[2026-05-15 13:06:30] [INFO]       OK   m2006-06-16-17:51:01.rf.pcm: sb0:75al
[2026-05-15 13:06:30] [INFO]       OK   m2006-07-01-05:22:21.rf.pcm: sb0:66al
[2026-05-15 13:06:30] [INFO]       OK   m2006-08-08-06:33:11.rf.pcm: sb0:27al
[2026-05-15 13:06:30] [INFO]       OK   m2006-07-01-06:28:10.rf.pcm: sb0:61al
[2026-05-15 13:06:30] [INFO]       OK   m2006-07-16-15:38:54.rf.pcm: sb0:84al
[2026-05-15 13:06:30] [INFO]       OK   m2006-08-09-05:11:01.rf.pcm: sb0:46al
[2026-05-15 13:06:30] [INFO]       OK   m2006-09-14-12:03:01.rf.pcm: sb0:69al
[2026-05-15 13:06:30] [INFO]       OK   m2006-08-19-02:49:51.rf.pcm: sb0:74al
[2026-05-15 13:06:30] [INFO]       OK   m2005-10-03-01:54:40.rf.pcm: sb0:5al
[2026-05-15 13:06:30] [INFO]       OK   m2006-09-15-00:26:12.rf.pcm: sb0:87al
[2026-05-15 13:06:30] [INFO]       OK   m2006-11-26-20:08:31.rf.pcm: sb0:106al
[2026-05-15 13:06:30] [INFO]       OK   m2006-12-17-05:56:53.rf.pcm: sb0:58al
[2026-05-15 13:06:30] [INFO]       OK   m2006-12-17-21:04:41.rf.pcm: sb0:98al
[2026-05-15 13:06:30] [INFO]       OK   m2007-01-01-05:01:41.rf.pcm: sb0:63al
[2026-05-15 13:06:30] [INFO]       OK   m2007-01-21-16:56:23.rf.pcm: sb0:41al
[2026-05-15 13:06:30] [INFO]       OK   m2007-01-21-03:34:13.rf.pcm: sb0:74al
[2026-05-15 13:06:30] [INFO]       OK   m2007-02-05-17:36:51.rf.pcm: sb0:4al
[2026-05-15 13:06:30] [INFO]       OK   m2007-02-17-01:47:13.rf.pcm: sb0:30al
[2026-05-15 13:06:30] [INFO]       OK   m2006-11-02-21:30:11.rf.pcm: sb0:18al
[2026-05-15 13:06:30] [INFO]       OK   m2007-04-10-17:13:53.rf.pcm: sb0:68al
[2026-05-15 13:06:30] [INFO]       OK   m2007-05-01-12:16:11.rf.pcm: sb0:71al
[2026-05-15 13:06:30] [INFO]       OK   m2007-03-26-13:31:41.rf.pcm: sb0:68al
[2026-05-15 13:06:30] [INFO]       OK   m2007-05-18-19:29:31.rf.pcm: sb0:111al
[2026-05-15 13:06:30] [INFO]       OK   m2007-06-04-18:26:29.rf.pcm: sb0:83al
[2026-05-15 13:06:30] [INFO]       OK   m2007-07-12-05:55:52.rf.pcm: sb0:108al
[2026-05-15 13:06:30] [INFO]       OK   m2007-06-26-08:40:40.rf.pcm: sb0:80al
[2026-05-15 13:06:30] [INFO]       OK   m2007-07-29-13:53:21.rf.pcm: sb0:77al
[2026-05-15 13:06:30] [INFO]       OK   m2007-09-11-01:08:52.rf.pcm: sb0:3al
[2026-05-15 13:06:30] [INFO]       OK   m2007-08-12-04:13:13.rf.pcm: sb0:67al
[2026-05-15 13:06:30] [INFO]       OK   m2007-10-12-10:22:13.rf.pcm: sb0:32al
[2026-05-15 13:06:30] [INFO]       OK   m2007-08-13-06:45:50.rf.pcm: sb0:91al
[2026-05-15 13:06:30] [INFO]       OK   m2007-12-30-18:03:10.rf.pcm: sb0:45al
[2026-05-15 13:06:30] [INFO]       OK   m2007-12-02-20:11:12.rf.pcm: sb0:36al
[2026-05-15 13:06:30] [INFO]       OK   m2007-11-05-21:55:43.rf.pcm: sb0:85al
[2026-05-15 13:06:30] [INFO]       OK   m2007-12-17-18:44:52.rf.pcm: sb0:84al
[2026-05-15 13:06:30] [INFO]       OK   m2008-01-01-17:30:00.rf.pcm: sb0:10al
[2026-05-15 13:06:30] [INFO]       OK   m2006-10-20-00:55:02.rf.pcm: sb0:6al
[2026-05-15 13:06:30] [INFO]       OK   m2008-01-01-18:04:39.rf.pcm: sb0:61al
[2026-05-15 13:06:30] [INFO]       OK   m2008-01-23-16:48:40.rf.pcm: sb0:6al
[2026-05-15 13:06:30] [INFO]       OK   m2008-01-21-17:06:31.rf.pcm: sb0:121al
[2026-05-15 13:06:30] [INFO]       OK   m2006-10-04-01:48:41.rf.pcm: sb0:16al
[2026-05-15 13:06:30] [INFO]       OK   m2008-02-12-02:04:33.rf.pcm: sb0:79al
[2026-05-15 13:06:30] [INFO]       OK   m2008-03-01-14:30:15.rf.pcm: sb0:58al
[2026-05-15 13:06:30] [INFO]       OK   m2008-03-19-16:49:43.rf.pcm: sb0:63al
[2026-05-15 13:06:30] [INFO]       OK   m2006-11-03-21:07:51.rf.pcm: sb0:29al
[2026-05-15 13:06:30] [INFO]       OK   m2008-04-13-12:00:42.rf.pcm: sb0:64al
[2026-05-15 13:06:30] [INFO]       OK   m2008-06-14-06:38:02.rf.pcm: sb0:95al
[2026-05-15 13:06:30] [INFO]       OK   m2008-06-26-11:33:52.rf.pcm: sb0:97al
[2026-05-15 13:06:30] [INFO]       OK   m2008-08-14-05:24:04.rf.pcm: sb0:86al
[2026-05-15 13:06:30] [INFO]       OK   m2008-11-13-20:31:41.rf.pcm: sb0:52al
[2026-05-15 13:06:30] [INFO]       OK   m2008-09-02-04:11:32.rf.pcm: sb0:107al
[2026-05-15 13:06:30] [INFO]       OK   m2008-10-11-05:19:03.rf.pcm: sb0:70al
[2026-05-15 13:06:30] [INFO]       OK   m2008-10-15-02:58:01.rf.pcm: sb0:102al
[2026-05-15 13:06:30] [INFO]       OK   m2008-12-30-17:21:23.rf.pcm: sb0:4al
[2026-05-15 13:06:30] [INFO]       OK   m2008-12-14-18:38:11.rf.pcm: sb0:77al
[2026-05-15 13:06:30] [INFO]       OK   m2008-12-31-04:05:34.rf.pcm: sb0:6al
[2026-05-15 13:06:30] [INFO]       OK   m2009-02-10-17:41:42.rf.pcm: sb0:6al
[2026-05-15 13:06:30] [INFO]       OK   m2009-04-09-18:49:52.rf.pcm: sb0:30al
[2026-05-15 13:06:30] [INFO]       OK   m2009-01-24-15:48:31.rf.pcm: sb0:70al
[2026-05-15 13:06:30] [INFO]       OK   m2009-02-22-14:11:01.rf.pcm: sb0:97al
[2026-05-15 13:06:30] [INFO]       OK   m2009-04-24-21:36:05.rf.pcm: sb0:31al
[2026-05-15 13:06:30] [INFO]       OK   m2009-03-17-12:22:22.rf.pcm: sb0:103al
[2026-05-15 13:06:30] [INFO]       OK   m2009-08-12-03:53:58.rf.pcm: sb0:3al
[2026-05-15 13:06:30] [INFO]       OK   m2009-05-21-19:04:23.rf.pcm: sb0:64al
[2026-05-15 13:06:30] [INFO]       OK   m2009-05-20-19:24:43.rf.pcm: sb0:91al
[2026-05-15 13:06:30] [INFO]       OK   m2009-06-09-07:51:02.rf.pcm: sb0:71al
[2026-05-15 13:06:30] [INFO]       OK   m2009-07-26-05:48:42.rf.pcm: sb0:79al
[2026-05-15 13:06:30] [INFO]       OK   m2009-07-01-06:44:53.rf.pcm: sb0:93al
[2026-05-15 13:06:30] [INFO]       OK   m2009-08-30-05:48:11.rf.pcm: sb0:69al
[2026-05-15 13:06:30] [INFO]       OK   m2010-02-20-01:42:01.rf.pcm: sb0:31al
[2026-05-15 13:06:30] [INFO]       OK   m2009-10-29-01:20:19.rf.pcm: sb0:106al
[2026-05-15 13:06:30] [INFO]       OK   m2009-11-10-21:32:51.rf.pcm: sb0:84al
[2026-05-15 13:06:30] [INFO]       OK   m2009-11-27-20:12:51.rf.pcm: sb0:87al
[2026-05-15 13:06:30] [INFO]       OK   m2010-04-07-22:51:09.rf.pcm: sb0:20al
[2026-05-15 13:06:31] [INFO]       OK   m2010-02-20-23:05:19.rf.pcm: sb0:94al
[2026-05-15 13:06:31] [INFO]       OK   m2010-02-05-23:42:01.rf.pcm: sb0:81al
[2026-05-15 13:06:31] [INFO]       OK   m2010-03-16-13:02:11.rf.pcm: sb0:97al
[2026-05-15 13:06:31] [INFO]       OK   m2006-10-19-03:38:21.rf.pcm: sb0:1112al
[2026-05-15 13:06:31] [INFO]       OK   m2010-04-25-16:06:00.rf.pcm: sb0:85al
[2026-05-15 13:06:31] [INFO]       OK   m2010-05-04-15:35:00.rf.pcm: sb0:5al
[2026-05-15 13:06:31] [INFO]       OK   m2010-05-04-16:43:10.rf.pcm: sb0:56al
[2026-05-15 13:06:31] [INFO]       OK   m2010-06-01-19:14:49.rf.pcm: sb0:34al
[2026-05-15 13:06:31] [INFO]       OK   m2010-05-04-18:01:10.rf.pcm: sb0:83al
[2026-05-15 13:06:31] [INFO]       OK   m2010-05-11-08:44:08.rf.pcm: sb0:77al
[2026-05-15 13:06:31] [INFO]       OK   m2010-05-29-08:36:39.rf.pcm: sb0:86al
[2026-05-15 13:06:31] [INFO]       OK   m2010-06-02-16:46:30.rf.pcm: sb0:73al
[2026-05-15 13:06:31] [INFO]       OK   m2010-06-02-14:45:41.rf.pcm: sb0:79al
[2026-05-15 13:06:31] [INFO]       OK   m2010-06-18-07:52:35.rf.pcm: sb0:97al
[2026-05-15 13:06:31] [INFO]       OK   m2010-06-02-18:06:59.rf.pcm: sb0:81al
[2026-05-15 13:06:31] [INFO]       OK   n2002-12-14-06:00:00.rf.pcm: sb0:5al
[2026-05-15 13:06:31] [INFO]       OK   n2002-12-14-06:16:11.rf.pcm: sb0:5al
[2026-05-15 13:06:31] [INFO]       OK   n2003-08-29-10:47:48.rf.pcm: sb0:8al
[2026-05-15 13:06:31] [INFO]       OK   n2004-03-22-17:25:34.rf.pcm: sb0:11al
[2026-05-15 13:06:31] [INFO]       OK   n2004-02-01-16:59:17.rf.pcm: sb0:6al
[2026-05-15 13:06:31] [INFO]       OK   n2004-03-06-13:58:17.rf.pcm: sb0:7al
[2026-05-15 13:06:31] [INFO]       OK   n2004-04-12-17:06:34.rf.pcm: sb0:7al
[2026-05-15 13:06:31] [INFO]       OK   n2004-04-12-17:40:20.rf.pcm: sb0:3al
[2026-05-15 13:06:31] [INFO]       OK   n2003-10-08-00:58:18.rf.pcm: sb0:24al
[2026-05-15 13:06:31] [INFO]       OK   n2003-01-10-20:20:46.rf.pcm: sb0:13al
[2026-05-15 13:06:31] [INFO]       OK   n2004-04-14-20:00:29.rf.pcm: sb0:229al
[2026-05-15 13:06:31] [INFO]       OK   n2004-06-10-09:42:52.rf.pcm: sb0:13al
[2026-05-15 13:06:31] [INFO]       OK   n2004-05-19-10:25:49.rf.pcm: sb0:13al
[2026-05-15 13:06:31] [INFO]       OK   n2004-06-12-09:22:53.rf.pcm: sb0:13al
[2026-05-15 13:06:31] [INFO]       OK   n2004-07-24-04:42:19.rf.pcm: sb0:4al
[2026-05-15 13:06:31] [INFO]       OK   n2004-06-25-12:15:49.rf.pcm: sb0:20al
[2026-05-15 13:06:31] [INFO]       OK   n2004-08-10-04:45:40.rf.pcm: sb0:9al
[2026-05-15 13:06:31] [INFO]       OK   n2004-08-31-09:19:34.rf.pcm: sb0:29al
[2026-05-15 13:06:31] [INFO]       OK   n2004-09-11-09:13:05.rf.pcm: sb0:5al
[2026-05-15 13:06:31] [INFO]       OK   n2004-09-24-02:13:36.rf.pcm: sb0:37al
[2026-05-15 13:06:31] [INFO]       OK   n2004-11-08-03:15:28.rf.pcm: sb0:19al
[2026-05-15 13:06:31] [INFO]       OK   n2004-09-26-00:26:45.rf.pcm: sb0:20al
[2026-05-15 13:06:31] [INFO]       OK   n2004-11-06-00:30:37.rf.pcm: sb0:14al
[2026-05-15 13:06:31] [INFO]       OK   n2004-12-21-22:12:48.rf.pcm: sb0:13al
[2026-05-15 13:06:31] [INFO]       OK   n2005-03-23-12:50:30.rf.pcm: sb0:13al
[2026-05-15 13:06:31] [INFO]       OK   n2004-12-01-20:16:57.rf.pcm: sb0:5al
[2026-05-15 13:06:31] [INFO]       OK   n2005-03-01-23:15:59.rf.pcm: sb0:8al
[2026-05-15 13:06:31] [INFO]       OK   n2005-03-23-13:23:47.rf.pcm: sb0:14al
[2026-05-15 13:06:31] [INFO]       OK   n2005-01-04-19:18:40.rf.pcm: sb0:3al
[2026-05-15 13:06:31] [INFO]       OK   n2005-02-17-14:34:07.rf.pcm: sb0:18al
[2026-05-15 13:06:31] [INFO]       OK   n2005-01-07-21:08:19.rf.pcm: sb0:36al
[2026-05-15 13:06:31] [INFO]       OK   n2005-05-11-08:57:18.rf.pcm: sb0:13al
[2026-05-15 13:06:31] [INFO]       OK   n2005-04-21-14:11:46.rf.pcm: sb0:20al
[2026-05-15 13:06:31] [INFO]       OK   n2005-04-23-14:30:28.rf.pcm: sb0:17al
[2026-05-15 13:06:31] [INFO]       OK   n2005-05-26-13:08:18.rf.pcm: sb0:26al
[2026-05-15 13:06:31] [INFO]       OK   n2005-06-27-16:16:14.rf.pcm: sb0:20al
[2026-05-15 13:06:31] [INFO]       OK   n2005-06-27-08:42:09.rf.pcm: sb0:35al
[2026-05-15 13:06:31] [INFO]       OK   n2005-06-27-17:17:14.rf.pcm: sb0:22al
[2026-05-15 13:06:31] [INFO]       OK   n2005-11-13-23:36:31.rf.pcm: sb0:98al
[2026-05-15 13:06:31] [INFO]       OK   n2005-05-10-18:08:18.rf.pcm: sb0:526al
[2026-05-15 13:06:31] [INFO]       OK   n2005-12-19-20:36:22.rf.pcm: sb0:101al
[2026-05-15 13:06:31] [INFO]       OK   n2005-09-03-05:07:00.rf.pcm: sb0:15al
[2026-05-15 13:06:31] [INFO]       OK   n2005-12-20-19:23:01.rf.pcm: sb0:52al
[2026-05-15 13:06:31] [INFO]       OK   n2006-01-02-17:36:11.rf.pcm: sb0:5al
[2026-05-15 13:06:31] [INFO]       OK   n2005-07-31-04:38:07.rf.pcm: sb0:15al
[2026-05-15 13:06:31] [INFO]       OK   n2006-01-31-16:20:41.rf.pcm: sb0:81al
[2026-05-15 13:06:31] [INFO]       OK   n2006-01-04-17:15:29.rf.pcm: sb0:79al
[2026-05-15 13:06:31] [INFO]       OK   n2006-03-02-14:38:53.rf.pcm: sb0:3al
[2026-05-15 13:06:31] [INFO]       OK   n2006-02-12-14:48:19.rf.pcm: sb0:114al
[2026-05-15 13:06:31] [INFO]       OK   n2006-02-08-18:20:02.rf.pcm: sb0:85al
[2026-05-15 13:06:31] [INFO]       OK   n2006-03-22-00:02:21.rf.pcm: sb0:29al
[2026-05-15 13:06:31] [INFO]       OK   n2006-02-11-15:34:31.rf.pcm: sb0:107al
[2026-05-15 13:06:31] [INFO]       OK   n2005-11-29-19:33:01.rf.pcm: sb0:21al
[2026-05-15 13:06:31] [INFO]       OK   n2006-05-11-09:00:42.rf.pcm: sb0:26al
[2026-05-15 13:06:31] [INFO]       OK   n2006-04-07-15:25:01.rf.pcm: sb0:74al
[2026-05-15 13:06:31] [INFO]       OK   n2006-03-05-15:01:21.rf.pcm: sb0:133al
[2026-05-15 13:06:31] [INFO]       OK   n2006-05-10-09:40:51.rf.pcm: sb0:62al
[2026-05-15 13:06:31] [INFO]       OK   n2006-04-21-21:14:01.rf.pcm: sb0:71al
[2026-05-15 13:06:32] [INFO]       OK   n2006-05-11-10:17:20.rf.pcm: sb0:97al
[2026-05-15 13:06:32] [INFO]       OK   n2006-06-14-09:50:01.rf.pcm: sb0:5al
[2026-05-15 13:06:32] [INFO]       OK   n2006-05-27-08:57:21.rf.pcm: sb0:90al
[2026-05-15 13:06:32] [INFO]       OK   n2006-06-16-17:51:01.rf.pcm: sb0:81al
[2026-05-15 13:06:32] [INFO]       OK   n2006-08-08-06:00:12.rf.pcm: sb0:18al
[2026-05-15 13:06:32] [INFO]       OK   n2006-08-08-06:33:11.rf.pcm: sb0:28al
[2026-05-15 13:06:32] [INFO]       OK   n2006-07-01-05:22:21.rf.pcm: sb0:75al
[2026-05-15 13:06:32] [INFO]       OK   n2006-07-16-15:38:54.rf.pcm: sb0:86al
[2026-05-15 13:06:32] [INFO]       OK   n2006-07-01-06:28:10.rf.pcm: sb0:75al
[2026-05-15 13:06:32] [INFO]       OK   n2006-08-09-05:11:01.rf.pcm: sb0:53al
[2026-05-15 13:06:32] [INFO]       OK   n2006-09-14-12:03:01.rf.pcm: sb0:77al
[2026-05-15 13:06:32] [INFO]       OK   n2006-08-19-02:49:51.rf.pcm: sb0:63al
[2026-05-15 13:06:32] [INFO]       OK   n2006-09-15-00:26:12.rf.pcm: sb0:111al
[2026-05-15 13:06:32] [INFO]       OK   n2006-12-17-05:56:53.rf.pcm: sb0:5al
[2026-05-15 13:06:32] [INFO]       OK   n2006-11-26-20:08:31.rf.pcm: sb0:109al
[2026-05-15 13:06:32] [INFO]       OK   n2005-10-03-01:54:40.rf.pcm: sb0:21al
[2026-05-15 13:06:32] [INFO]       OK   n2006-12-17-21:04:41.rf.pcm: sb0:4al
[2026-05-15 13:06:32] [INFO]       OK   n2007-01-01-05:01:41.rf.pcm: sb0:60al
[2026-05-15 13:06:32] [INFO]       OK   n2007-01-21-03:34:13.rf.pcm: sb0:4al
[2026-05-15 13:06:32] [INFO]       OK   n2007-01-21-16:56:23.rf.pcm: sb0:24al
[2026-05-15 13:06:32] [INFO]       OK   n2007-02-05-17:36:51.rf.pcm: sb0:5al
[2026-05-15 13:06:32] [INFO]       OK   n2007-02-17-01:47:13.rf.pcm: sb0:71al
[2026-05-15 13:06:32] [INFO]       OK   n2006-11-02-21:30:11.rf.pcm: sb0:12al
[2026-05-15 13:06:32] [INFO]       OK   n2007-03-26-13:31:41.rf.pcm: sb0:37al
[2026-05-15 13:06:32] [INFO]       OK   n2007-06-04-18:26:29.rf.pcm: sb0:92al
[2026-05-15 13:06:32] [INFO]       OK   n2007-05-01-12:16:11.rf.pcm: sb0:83al
[2026-05-15 13:06:32] [INFO]       OK   n2007-04-10-17:13:53.rf.pcm: sb0:69al
[2026-05-15 13:06:32] [INFO]       OK   n2007-06-26-08:40:40.rf.pcm: sb0:85al
[2026-05-15 13:06:32] [INFO]       OK   n2007-07-29-13:53:21.rf.pcm: sb0:55al
[2026-05-15 13:06:32] [INFO]       OK   n2007-08-12-04:13:13.rf.pcm: sb0:76al
[2026-05-15 13:06:32] [INFO]       OK   n2007-07-12-05:55:52.rf.pcm: sb0:117al
[2026-05-15 13:06:32] [INFO]       OK   n2007-08-13-06:45:50.rf.pcm: sb0:100al
[2026-05-15 13:06:32] [INFO]       OK   n2007-09-11-01:08:52.rf.pcm: sb0:5al
[2026-05-15 13:06:32] [INFO]       OK   n2006-10-19-03:38:21.rf.pcm: sb0:5al
[2026-05-15 13:06:32] [INFO]       OK   n2006-10-20-00:55:02.rf.pcm: sb0:14al
[2026-05-15 13:06:32] [INFO]       OK   n2007-11-05-21:55:43.rf.pcm: sb0:76al
[2026-05-15 13:06:32] [INFO]       OK   n2007-12-02-20:11:12.rf.pcm: sb0:50al
[2026-05-15 13:06:32] [INFO]       OK   n2008-01-01-17:30:00.rf.pcm: sb0:19al
[2026-05-15 13:06:32] [INFO]       OK   n2007-12-30-18:03:10.rf.pcm: sb0:47al
[2026-05-15 13:06:32] [INFO]       OK   n2006-10-04-01:48:41.rf.pcm: sb0:23al
[2026-05-15 13:06:32] [INFO]       OK   n2007-12-17-18:44:52.rf.pcm: sb0:63al
[2026-05-15 13:06:32] [INFO]       OK   n2006-11-03-21:07:51.rf.pcm: sb0:26al
[2026-05-15 13:06:32] [INFO]       OK   n2008-01-01-18:04:39.rf.pcm: sb0:26al
[2026-05-15 13:06:32] [INFO]       OK   n2008-01-23-16:48:40.rf.pcm: sb0:3al
[2026-05-15 13:06:32] [INFO]       OK   n2008-01-21-17:06:31.rf.pcm: sb0:85al
[2026-05-15 13:06:32] [INFO]       OK   n2008-03-01-14:30:15.rf.pcm: sb0:86al
[2026-05-15 13:06:32] [INFO]       OK   n2008-08-14-05:24:04.rf.pcm: sb0:5al
[2026-05-15 13:06:32] [INFO]       OK   n2008-03-19-16:49:43.rf.pcm: sb0:48al
[2026-05-15 13:06:32] [INFO]       OK   n2008-06-26-11:33:52.rf.pcm: sb0:84al
[2026-05-15 13:06:32] [INFO]       OK   n2008-04-13-12:00:42.rf.pcm: sb0:49al
[2026-05-15 13:06:32] [INFO]       OK   n2008-09-02-04:11:32.rf.pcm: sb0:4al
[2026-05-15 13:06:32] [INFO]       OK   n2008-06-14-06:38:02.rf.pcm: sb0:116al
[2026-05-15 13:06:32] [INFO]       OK   n2008-10-11-05:19:03.rf.pcm: sb0:51al
[2026-05-15 13:06:32] [INFO]       OK   n2008-11-13-20:31:41.rf.pcm: sb0:55al
[2026-05-15 13:06:32] [INFO]       OK   n2008-10-15-02:58:01.rf.pcm: sb0:93al
[2026-05-15 13:06:32] [INFO]       OK   n2008-12-30-17:21:23.rf.pcm: sb0:90al
[2026-05-15 13:06:32] [INFO]       OK   n2008-12-14-18:38:11.rf.pcm: sb0:88al
[2026-05-15 13:06:32] [INFO]       OK   n2009-01-24-15:48:31.rf.pcm: sb0:102al
[2026-05-15 13:06:32] [INFO]       OK   n2008-12-31-04:05:34.rf.pcm: sb0:72al
[2026-05-15 13:06:32] [INFO]       OK   n2009-02-10-17:41:42.rf.pcm: sb0:73al
[2026-05-15 13:06:32] [INFO]       OK   n2009-04-09-18:49:52.rf.pcm: sb0:54al
[2026-05-15 13:06:32] [INFO]       OK   n2009-02-22-14:11:01.rf.pcm: sb0:121al
[2026-05-15 13:06:32] [INFO]       OK   n2009-04-24-21:36:05.rf.pcm: sb0:37al
[2026-05-15 13:06:32] [INFO]       OK   n2009-03-17-12:22:22.rf.pcm: sb0:84al
[2026-05-15 13:06:32] [INFO]       OK   n2009-05-20-19:24:43.rf.pcm: sb0:92al
[2026-05-15 13:06:32] [INFO]       OK   n2009-06-09-07:51:02.rf.pcm: sb0:83al
[2026-05-15 13:06:32] [INFO]       OK   n2009-05-21-19:04:23.rf.pcm: sb0:67al
[2026-05-15 13:06:32] [INFO]       OK   n2009-07-01-06:44:53.rf.pcm: sb0:85al
[2026-05-15 13:06:32] [INFO]       OK   n2009-07-26-05:48:42.rf.pcm: sb0:77al
[2026-05-15 13:06:32] [INFO]       OK   n2010-02-20-01:42:01.rf.pcm: sb0:27al
[2026-05-15 13:06:32] [INFO]       OK   n2009-09-23-09:02:51.rf.pcm: sb0:79al
[2026-05-15 13:06:32] [INFO]       OK   n2009-08-30-05:48:11.rf.pcm: sb0:84al
[2026-05-15 13:06:32] [INFO]       OK   n2009-08-12-03:53:58.rf.pcm: sb0:70al
[2026-05-15 13:06:32] [INFO]       OK   n2009-11-27-20:12:51.rf.pcm: sb0:96al
[2026-05-15 13:06:32] [INFO]       OK   n2009-11-10-21:32:51.rf.pcm: sb0:82al
[2026-05-15 13:06:32] [INFO]       OK   n2010-04-07-22:51:09.rf.pcm: sb0:22al
[2026-05-15 13:06:32] [INFO]       OK   n2010-02-05-23:42:01.rf.pcm: sb0:63al
[2026-05-15 13:06:32] [INFO]       OK   n2010-02-20-23:05:19.rf.pcm: sb0:92al
[2026-05-15 13:06:32] [INFO]       OK   n2010-03-16-13:02:11.rf.pcm: sb0:91al
[2026-05-15 13:06:32] [INFO]       OK   n2010-05-04-15:35:00.rf.pcm: sb0:3al
[2026-05-15 13:06:32] [INFO]       OK   n2010-04-25-16:06:00.rf.pcm: sb0:68al
[2026-05-15 13:06:32] [INFO]       OK   n2010-05-04-16:43:10.rf.pcm: sb0:3al
[2026-05-15 13:06:32] [INFO]       OK   n2010-05-04-18:01:10.rf.pcm: sb0:5al
[2026-05-15 13:06:32] [INFO]       OK   n2010-06-01-19:14:49.rf.pcm: sb0:36al
[2026-05-15 13:06:32] [INFO]       OK   n2010-05-11-08:44:08.rf.pcm: sb0:70al
[2026-05-15 13:06:32] [INFO]       OK   n2010-05-29-08:36:39.rf.pcm: sb0:63al
[2026-05-15 13:06:32] [INFO]       OK   n2010-06-02-16:46:30.rf.pcm: sb0:3al
[2026-05-15 13:06:32] [INFO]       OK   n2010-06-02-14:45:41.rf.pcm: sb0:78al
[2026-05-15 13:06:32] [INFO]       OK   n2010-06-02-18:06:59.rf.pcm: sb0:101al
[2026-05-15 13:06:32] [INFO]       OK   n2010-06-18-07:52:35.rf.pcm: sb0:88al
[2026-05-15 13:06:32] [INFO]       OK   r070417_174601.rf.pcm: sb0:358al
[2026-05-15 13:06:33] [INFO]       OK   r071012_102211.rf.pcm: sb0:7al
[2026-05-15 13:06:33] [INFO]       OK   r070729_135319.rf.pcm: sb0:6al
[2026-05-15 13:06:33] [INFO]       OK   r070626_084038.rf.pcm: sb0:923al
[2026-05-15 13:06:33] [INFO]       OK   r070712_055550.rf.pcm: sb0:1041al
[2026-05-15 13:06:33] [INFO]       OK   r070604_182639.rf.pcm: sb0:970al
[2026-05-15 13:06:33] [INFO]       OK   r080101_172959.rf.pcm: sb0:4al
[2026-05-15 13:06:33] [INFO]       OK   r070911_010850.rf.pcm: sb0:1274al
[2026-05-15 13:06:33] [INFO]       OK   r070813_064548.rf.pcm: sb0:1189al
[2026-05-15 13:06:33] [INFO]       OK   r071202_201110.rf.pcm: sb0:1008al
[2026-05-15 13:06:33] [INFO]       OK   r071105_215541.rf.pcm: sb0:1339al
[2026-05-15 13:06:33] [INFO]       OK   r071230_180309.rf.pcm: sb0:12al
[2026-05-15 13:06:33] [INFO]       OK   r080101_180438.rf.pcm: sb0:749al
[2026-05-15 13:06:33] [INFO]       OK   r071217_184450.rf.pcm: sb0:999al
[2026-05-15 13:06:33] [INFO]       OK   r080121_170629.rf.pcm: sb0:9al
[2026-05-15 13:06:34] [INFO]       OK   r080301_143013.rf.pcm: sb0:8al
[2026-05-15 13:06:34] [INFO]       OK   r080212_020431.rf.pcm: sb0:940al
[2026-05-15 13:06:34] [INFO]       OK   r090222_141059.rf.pcm: sb0:24al
[2026-05-15 13:06:34] [INFO]       OK   r080319_164938.rf.pcm: sb0:669al
[2026-05-15 13:06:34] [INFO]       OK   r080413_120039.rf.pcm: sb0:835al
[2026-05-15 13:06:34] [INFO]       OK   r080123_164838.rf.pcm: sb0:1251al
[2026-05-15 13:06:34] [INFO]       OK   r080614_063800.rf.pcm: sb0:1014al
[2026-05-15 13:06:34] [INFO]       OK   r090424_213602.rf.pcm: sb0:468al
[2026-05-15 13:06:34] [INFO]       OK   r080626_113350.rf.pcm: sb0:926al
[2026-05-15 13:06:34] [INFO]       OK   r090520_192442.rf.pcm: sb0:5al
[2026-05-15 13:06:34] [INFO]       OK   r090609_075142.rf.pcm: sb0:12al
[2026-05-15 13:06:34] [INFO]       OK   r090317_122219.rf.pcm: sb0:1071al
[2026-05-15 13:06:34] [INFO]       OK   r091012_095322.rf.pcm: sb0:4al
[2026-05-15 13:06:34] [INFO]       OK   r090701_064452.rf.pcm: sb0:878al
[2026-05-15 13:06:34] [INFO]       OK   r090726_054839.rf.pcm: sb0:748al
[2026-05-15 13:06:34] [INFO]       OK   r091110_213249.rf.pcm: sb0:8al
[2026-05-15 13:06:34] [INFO]       OK   r091215_183601.rf.pcm: sb0:5al
[2026-05-15 13:06:35] [INFO]       OK   r090901_084700.rf.pcm: sb0:774al
[2026-05-15 13:06:35] [INFO]       OK   r091029_012036.rf.pcm: sb0:924al
[2026-05-15 13:06:35] [INFO]       OK   r100220_014200.rf.pcm: sb0:268al
[2026-05-15 13:06:35] [INFO]       OK   r100205_234200.rf.pcm: sb0:7al
[2026-05-15 13:06:35] [INFO]       OK   r100106_165559.rf.pcm: sb0:986al
[2026-05-15 13:06:35] [INFO]       OK   r100220_230526.rf.pcm: sb0:1033al
[2026-05-15 13:06:35] [INFO]       OK   r100316_130213.rf.pcm: sb0:975al
[2026-05-15 13:06:35] [INFO]       OK   r100511_084412.rf.pcm: sb0:925al
[2026-05-15 13:06:35] [INFO]       OK   r100222_135312.rf.pcm: sb0:1092al
[2026-05-15 13:06:35] [INFO]       OK   s080814_052402.rf.pcm: sb0:9al
[2026-05-15 13:06:36] [INFO]       OK   s080902_041130.rf.pcm: sb0:13al
[2026-05-15 13:06:36] [INFO]       OK   s081026_090541.rf.pcm: sb0:768al
[2026-05-15 13:06:36] [INFO]       OK   s081015_025759.rf.pcm: sb0:912al
[2026-05-15 13:06:36] [INFO]       OK   s081113_203209.rf.pcm: sb0:930al
[2026-05-15 13:06:36] [INFO]       OK   s080319_164941.rf.pcm: sb0:1597al
[2026-05-15 13:06:36] [INFO]       OK   s081214_183809.rf.pcm: sb0:916al
[2026-05-15 13:06:36] [INFO]       OK   s090424_213603.rf.pcm: sb0:12al
[2026-05-15 13:06:36] [INFO]       OK   s080413_120040.rf.pcm: sb0:2041al
[2026-05-15 13:06:36] [INFO]       OK   s081230_172121.rf.pcm: sb0:6al
[2026-05-15 13:06:36] [INFO]       OK   s090210_174650.rf.pcm: sb0:19al
[2026-05-15 13:06:36] [INFO]       OK   s081011_051901.rf.pcm: sb0:1859al
[2026-05-15 13:06:36] [INFO]       OK   s090409_184949.rf.pcm: sb0:947al
[2026-05-15 13:06:37] [INFO]       OK   s090609_075100.rf.pcm: sb0:13al
[2026-05-15 13:06:37] [INFO]       OK   s090520_192441.rf.pcm: sb0:858al
[2026-05-15 13:06:37] [INFO]       OK   s090521_190421.rf.pcm: sb0:884al
[2026-05-15 13:06:37] [INFO]       OK   s090830_054809.rf.pcm: sb0:10al
[2026-05-15 13:06:37] [INFO]       OK   s090726_054840.rf.pcm: sb0:752al
[2026-05-15 13:06:37] [INFO]       OK   s090923_090249.rf.pcm: sb0:8al
[2026-05-15 13:06:37] [INFO]       OK   s090812_035349.rf.pcm: sb0:822al
[2026-05-15 13:06:37] [INFO]       OK   s090124_154831.rf.pcm: sb0:2076al
[2026-05-15 13:06:37] [INFO]       OK   s091012_095323.rf.pcm: sb0:14al
[2026-05-15 13:06:37] [INFO]       OK   s090901_084701.rf.pcm: sb0:780al
[2026-05-15 13:06:37] [INFO]       OK   s081231_040531.rf.pcm: sb0:2274al
[2026-05-15 13:06:37] [INFO]       OK   s100220_014159.rf.pcm: sb0:5al
[2026-05-15 13:06:38] [INFO]       OK   s100205_234159.rf.pcm: sb0:24al
[2026-05-15 13:06:38] [INFO]       OK   s091110_213249.rf.pcm: sb0:938al
[2026-05-15 13:06:38] [INFO]       OK   s091029_012017.rf.pcm: sb0:906al
[2026-05-15 13:06:38] [INFO]       OK   s091127_201249.rf.pcm: sb0:841al
[2026-05-15 13:06:38] [INFO]       OK   s090701_064452.rf.pcm: sb0:1908al
[2026-05-15 13:06:38] [INFO]       OK   s091215_183557.rf.pcm: sb0:1099al
[2026-05-15 13:06:38] [INFO]       OK   s100407_225107.rf.pcm: sb0:336al
[2026-05-15 13:06:38] [INFO]       OK   s100106_165558.rf.pcm: sb0:1073al
[2026-05-15 13:06:38] [INFO]       OK   s100222_135307.rf.pcm: sb0:8al
[2026-05-15 13:06:38] [INFO]       OK   s100220_230517.rf.pcm: sb0:1073al
[2026-05-15 13:06:38] [INFO]       OK   s100504_164308.rf.pcm: sb0:4al
[2026-05-15 13:06:38] [INFO]       OK   s100504_180108.rf.pcm: sb0:13al
[2026-05-15 13:06:38] [INFO]       OK   s100316_130209.rf.pcm: sb0:1001al
[2026-05-15 13:06:38] [INFO]       OK   s100408_214929.rf.pcm: sb0:880al
[2026-05-15 13:06:38] [INFO]       OK   s100425_160558.rf.pcm: sb0:867al
[2026-05-15 13:06:38] [INFO]       OK   s100504_153458.rf.pcm: sb0:813al
[2026-05-15 13:06:38] [INFO]       OK   s100601_191447.rf.pcm: sb0:377al
[2026-05-15 13:06:39] [INFO]       OK   s100511_084406.rf.pcm: sb0:926al
[2026-05-15 13:06:39] [INFO]       OK   s100529_083637.rf.pcm: sb0:962al
[2026-05-15 13:06:39] [INFO]       OK   s100618_075233.rf.pcm: sb0:4al
[2026-05-15 13:06:39] [INFO]       OK   s100709_113559.rf.pcm: sb0:10al
[2026-05-15 13:06:39] [INFO]       OK   s100602_164628.rf.pcm: sb0:978al
[2026-05-15 13:06:39] [INFO]       OK   s100602_144539.rf.pcm: sb0:912al
[2026-05-15 13:06:39] [INFO]       OK   s100906_050548.rf.pcm: sb0:3al
[2026-05-15 13:06:39] [INFO]       OK   s100602_180657.rf.pcm: sb0:1011al
[2026-05-15 13:06:39] [INFO]       OK   s100918_025348.rf.pcm: sb0:14al
[2026-05-15 13:06:39] [INFO]       OK   s100819_110014.rf.pcm: sb0:973al
[2026-05-15 13:06:39] [INFO]       OK   s101023_092218.rf.pcm: sb0:10al
[2026-05-15 13:06:39] [INFO]       OK   s101128_034818.rf.pcm: sb0:524al
[2026-05-15 13:06:39] [INFO]       OK   s101129_041458.rf.pcm: sb0:15al
[2026-05-15 13:06:39] [INFO]       OK   s101003_073629.rf.pcm: sb0:821al
[2026-05-15 13:06:40] [INFO]       OK   s101219_201209.rf.pcm: sb0:1025al
[2026-05-15 13:06:40] [INFO]       OK   s110107_195738.rf.pcm: sb0:968al
[2026-05-15 13:06:40] [INFO]       OK   s110119_172517.rf.pcm: sb0:939al
[2026-05-15 13:06:40] [INFO]       OK   s110522_124916.rf.pcm: sb0:6al
[2026-05-15 13:06:40] [INFO]       OK   s110205_173349.rf.pcm: sb0:1028al
[2026-05-15 13:06:40] [INFO]       OK   s110226_005647.rf.pcm: sb0:987al
[2026-05-15 13:06:40] [INFO]       OK   s110409_105459.rf.pcm: sb0:948al
[2026-05-15 13:06:40] [INFO]       OK   s110324_123115.rf.pcm: sb0:985al
[2026-05-15 13:06:40] [INFO]       OK   s110522_131903.rf.pcm: sb0:16al
[2026-05-15 13:06:40] [INFO]       OK   s110612_070527.rf.pcm: sb0:31al
[2026-05-15 13:06:40] [INFO]       OK   s110430_101458.rf.pcm: sb0:1101al
[2026-05-15 13:06:40] [INFO]       OK   s110711_131630.rf.pcm: sb0:14al
[2026-05-15 13:06:40] [INFO]       OK   s110624_144058.rf.pcm: sb0:713al
[2026-05-15 13:06:40] [INFO]       OK   s110914_012406.rf.pcm: sb0:13al
[2026-05-15 13:06:40] [INFO]       OK   s110708_161908.rf.pcm: sb0:833al
[2026-05-15 13:06:40] [INFO]       OK   s110801_043617.rf.pcm: sb0:833al
[2026-05-15 13:06:40] [INFO]       OK   s110823_115317.rf.pcm: sb0:856al
[2026-05-15 13:06:40] [INFO]       OK   s111017_052847.rf.pcm: sb0:6al
[2026-05-15 13:06:40] [INFO]       OK   s110928_234337.rf.pcm: sb0:712al
[2026-05-15 13:06:41] [INFO]       OK   s111120_015227.rf.pcm: sb0:22al
[2026-05-15 13:06:41] [INFO]       OK   s110930_005357.rf.pcm: sb0:1011al
[2026-05-15 13:06:41] [INFO]       OK   s111201_065457.rf.pcm: sb0:756al
[2026-05-15 13:06:41] [INFO]       OK   s120105_202738.rf.pcm: sb0:11al
[2026-05-15 13:06:41] [INFO]       OK   s120205_020228.rf.pcm: sb0:6al
[2026-05-15 13:06:41] [INFO]       OK   s111030_005818.rf.pcm: sb0:1039al
[2026-05-15 13:06:41] [INFO]       OK   s111219_185948.rf.pcm: sb0:1002al
[2026-05-15 13:06:41] [INFO]       OK   s120121_162626.rf.pcm: sb0:1001al
[2026-05-15 13:06:41] [INFO]       OK   s120406_201258.rf.pcm: sb0:4al
[2026-05-15 13:06:41] [INFO]       OK   s120206_165038.rf.pcm: sb0:1087al
[2026-05-15 13:06:41] [INFO]       OK   s120301_132057.rf.pcm: sb0:1082al
[2026-05-15 13:06:41] [INFO]       OK   s120318_130358.rf.pcm: sb0:1061al
[2026-05-15 13:06:41] [INFO]       OK   s120505_101008.rf.pcm: sb0:10al
[2026-05-15 13:06:41] [INFO]       OK   s120502_143818.rf.pcm: sb0:17al
[2026-05-15 13:06:41] [INFO]       OK   s120422_095638.rf.pcm: sb0:1090al
[2026-05-15 13:06:41] [INFO]       OK   s120524_085927.rf.pcm: sb0:8al
[2026-05-15 13:06:41] [INFO]       OK   s120422_110508.rf.pcm: sb0:1034al
[2026-05-15 13:06:41] [INFO]       OK   s120616_084757.rf.pcm: sb0:13al
[2026-05-15 13:06:42] [INFO]       OK   s120617_131019.rf.pcm: sb0:8al
[2026-05-15 13:06:42] [INFO]       OK   s120708_085739.rf.pcm: sb0:8al
[2026-05-15 13:06:42] [INFO]       OK   s120727_143229.rf.pcm: sb0:18al
[2026-05-15 13:06:42] [INFO]       OK   s120810_083229.rf.pcm: sb0:1060al
[2026-05-15 13:06:42] [INFO]       OK   s120831_012129.rf.pcm: sb0:978al
[2026-05-15 13:06:42] [INFO]       OK   s120921_015117.rf.pcm: sb0:1028al
[2026-05-15 13:06:42] [INFO]       OK   s120923_004749.rf.pcm: sb0:1070al
[2026-05-15 13:06:42] [INFO]       OK   s121023_024817.rf.pcm: sb0:713al
[2026-05-15 13:06:42] [INFO]       OK   s121006_012257.rf.pcm: sb0:964al
[2026-05-15 13:06:42] [INFO]       OK   s121022_225739.rf.pcm: sb0:979al
[2026-05-15 13:06:42] [INFO]       OK   s121116_214847.rf.pcm: sb0:984al
[2026-05-15 13:06:42] [INFO]       OK   s130127_161503.rf.pcm: sb0:5al
[2026-05-15 13:06:42] [INFO]       OK   s130128_155314.rf.pcm: sb0:20al
[2026-05-15 13:06:43] [INFO]       OK   s130112_191142.rf.pcm: sb0:892al
[2026-05-15 13:06:43] [INFO]       OK   s121221_004737.rf.pcm: sb0:1053al
[2026-05-15 13:06:43] [INFO]       OK   s121208_231028.rf.pcm: sb0:995al
[2026-05-15 13:06:43] [INFO]       OK   s130411_220042.rf.pcm: sb0:7al
[2026-05-15 13:06:43] [INFO]       OK   s130208_185143.rf.pcm: sb0:1061al
[2026-05-15 13:06:43] [INFO]       OK   s130302_143258.rf.pcm: sb0:1094al
[2026-05-15 13:06:43] [INFO]       OK   s130321_182828.rf.pcm: sb0:1044al
[2026-05-15 13:06:43] [INFO]       OK   s130512_192722.rf.pcm: sb0:533al
[2026-05-15 13:06:43] [INFO]       OK   s130512_094041.rf.pcm: sb0:9al
[2026-05-15 13:06:43] [INFO]       OK   s130525_090326.rf.pcm: sb0:19al
[2026-05-15 13:06:43] [INFO]       OK   s130427_110022.rf.pcm: sb0:1037al
[2026-05-15 13:06:43] [INFO]       OK   s130705_073132.rf.pcm: sb0:25al
[2026-05-15 13:06:43] [INFO]       OK   s130427_120802.rf.pcm: sb0:1136al
[2026-05-15 13:06:43] [INFO]       OK   s130622_062552.rf.pcm: sb0:18al
[2026-05-15 13:06:43] [INFO]       OK   s130824_031406.rf.pcm: sb0:4al
[2026-05-15 13:06:43] [INFO]       OK   s130603_095422.rf.pcm: sb0:1000al
[2026-05-15 13:06:43] [INFO]       OK   s130722_093212.rf.pcm: sb0:16al
[2026-05-15 13:06:43] [INFO]       OK   s130810_034742.rf.pcm: sb0:13al
[2026-05-15 13:06:43] [INFO]       OK   s130619_075832.rf.pcm: sb0:1158al
[2026-05-15 13:06:44] [INFO]       OK   s131014_042103.rf.pcm: sb0:6al
[2026-05-15 13:06:44] [INFO]       OK   s130901_022422.rf.pcm: sb0:15al
[2026-05-15 13:06:44] [INFO]       OK   s130930_013922.rf.pcm: sb0:8al
[2026-05-15 13:06:44] [INFO]       OK   s140111_025252.rf.pcm: sb0:31al
[2026-05-15 13:06:44] [INFO]       OK   s130914_011852.rf.pcm: sb0:1013al
[2026-05-15 13:06:44] [INFO]       OK   s131128_193023.rf.pcm: sb0:1107al
[2026-05-15 13:06:44] [INFO]       OK   s131016_072002.rf.pcm: sb0:1245al
[2026-05-15 13:06:44] [INFO]       OK   s131025_222913.rf.pcm: sb0:1131al
[2026-05-15 13:06:44] [INFO]       OK   s131220_004503.rf.pcm: sb0:1142al
[2026-05-15 13:06:44] [INFO]       OK   s140130_182543.rf.pcm: sb0:1050al
[2026-05-15 13:06:44] [INFO]       OK   s140321_143212.rf.pcm: sb0:1154al
[2026-05-15 13:06:44] [INFO]       OK   s140426_140812.rf.pcm: sb0:25al
[2026-05-15 13:06:44] [INFO]       OK   t080814_052401.rf.pcm: sb0:8al
[2026-05-15 13:06:44] [INFO]       OK   s140412_130801.rf.pcm: sb0:824al
[2026-05-15 13:06:44] [INFO]       OK   s140410_151401.rf.pcm: sb0:948al
[2026-05-15 13:06:45] [INFO]       OK   t081015_025800.rf.pcm: sb0:22al
[2026-05-15 13:06:45] [INFO]       OK   s150306_144241.rf.pcm: sb0:883al
[2026-05-15 13:06:45] [INFO]       OK   s140412_141521.rf.pcm: sb0:897al
[2026-05-15 13:06:45] [INFO]       OK   t081113_203139.rf.pcm: sb0:11al
[2026-05-15 13:06:45] [INFO]       OK   t080902_041145.rf.pcm: sb0:1074al
[2026-05-15 13:06:45] [INFO]       OK   t081230_172121.rf.pcm: sb0:8al
[2026-05-15 13:06:45] [INFO]       OK   t081026_090541.rf.pcm: sb0:753al
[2026-05-15 13:06:45] [INFO]       OK   t081231_040532.rf.pcm: sb0:36al
[2026-05-15 13:06:45] [INFO]       OK   t090210_174140.rf.pcm: sb0:17al
[2026-05-15 13:06:45] [INFO]       OK   t090222_141059.rf.pcm: sb0:10al
[2026-05-15 13:06:45] [INFO]       OK   t081214_183809.rf.pcm: sb0:976al
[2026-05-15 13:06:45] [INFO]       OK   t090409_184950.rf.pcm: sb0:408al
[2026-05-15 13:06:45] [INFO]       OK   t090424_213602.rf.pcm: sb0:12al
[2026-05-15 13:06:45] [INFO]       OK   t090317_122220.rf.pcm: sb0:8al
[2026-05-15 13:06:45] [INFO]       OK   t090124_154829.rf.pcm: sb0:962al
[2026-05-15 13:06:45] [INFO]       OK   t090609_075059.rf.pcm: sb0:4al
[2026-05-15 13:06:46] [INFO]       OK   t090520_192442.rf.pcm: sb0:861al
[2026-05-15 13:06:46] [INFO]       OK   t090521_190422.rf.pcm: sb0:881al
[2026-05-15 13:06:46] [INFO]       OK   t090726_054840.rf.pcm: sb0:743al
[2026-05-15 13:06:46] [INFO]       OK   t090812_035358.rf.pcm: sb0:820al
[2026-05-15 13:06:46] [INFO]       OK   t090701_064451.rf.pcm: sb0:833al
[2026-05-15 13:06:46] [INFO]       OK   t090923_090250.rf.pcm: sb0:14al
[2026-05-15 13:06:46] [INFO]       OK   t090830_054811.rf.pcm: sb0:946al
[2026-05-15 13:06:46] [INFO]       OK   t090901_084701.rf.pcm: sb0:762al
[2026-05-15 13:06:46] [INFO]       OK   t091012_095323.rf.pcm: sb0:12al
[2026-05-15 13:06:46] [INFO]       OK   t100220_014200.rf.pcm: sb0:303al
[2026-05-15 13:06:46] [INFO]       OK   t100205_234200.rf.pcm: sb0:19al
[2026-05-15 13:06:46] [INFO]       OK   t091029_012024.rf.pcm: sb0:882al
[2026-05-15 13:06:46] [INFO]       OK   t091110_213249.rf.pcm: sb0:935al
[2026-05-15 13:06:46] [INFO]       OK   t091127_201250.rf.pcm: sb0:859al
[2026-05-15 13:06:46] [INFO]       OK   t091215_183559.rf.pcm: sb0:1072al
[2026-05-15 13:06:46] [INFO]       OK   t100106_165559.rf.pcm: sb0:1031al
[2026-05-15 13:06:46] [INFO]       OK   t100222_135311.rf.pcm: sb0:4al
[2026-05-15 13:06:46] [INFO]       OK   t100407_225109.rf.pcm: sb0:330al
[2026-05-15 13:06:46] [INFO]       OK   t100220_230520.rf.pcm: sb0:1084al
[2026-05-15 13:06:47] [INFO]       OK   t100504_164308.rf.pcm: sb0:10al
[2026-05-15 13:06:47] [INFO]       OK   t100504_180109.rf.pcm: sb0:23al
[2026-05-15 13:06:47] [INFO]       OK   t100316_130210.rf.pcm: sb0:989al
[2026-05-15 13:06:47] [INFO]       OK   t100408_214929.rf.pcm: sb0:891al
[2026-05-15 13:06:47] [INFO]       OK   t100425_160600.rf.pcm: sb0:911al
[2026-05-15 13:06:47] [INFO]       OK   t100504_153506.rf.pcm: sb0:760al
[2026-05-15 13:06:47] [INFO]       OK   t100601_191452.rf.pcm: sb0:353al
[2026-05-15 13:06:47] [INFO]       OK   t100511_084416.rf.pcm: sb0:943al
[2026-05-15 13:06:47] [INFO]       OK   t100529_083639.rf.pcm: sb0:964al
[2026-05-15 13:06:47] [INFO]       OK   t100709_113602.rf.pcm: sb0:9al
[2026-05-15 13:06:47] [INFO]       OK   t100602_144544.rf.pcm: sb0:951al
[2026-05-15 13:06:47] [INFO]       OK   t100602_164634.rf.pcm: sb0:930al
[2026-05-15 13:06:47] [INFO]       OK   t100728_150511.rf.pcm: sb0:695al
[2026-05-15 13:06:47] [INFO]       OK   t100602_180703.rf.pcm: sb0:966al
[2026-05-15 13:06:47] [INFO]       OK   t100618_075245.rf.pcm: sb0:978al
[2026-05-15 13:06:47] [INFO]       OK   t100906_050547.rf.pcm: sb0:5al
[2026-05-15 13:06:47] [INFO]       OK   t100819_110008.rf.pcm: sb0:860al
[2026-05-15 13:06:47] [INFO]       OK   t100918_025347.rf.pcm: sb0:11al
[2026-05-15 13:06:48] [INFO]       OK   t101023_092217.rf.pcm: sb0:4al
[2026-05-15 13:06:48] [INFO]       OK   t101128_034822.rf.pcm: sb0:610al
[2026-05-15 13:06:48] [INFO]       OK   t101129_041533.rf.pcm: sb0:27al
[2026-05-15 13:06:48] [INFO]       OK   t101003_073629.rf.pcm: sb0:786al
[2026-05-15 13:06:48] [INFO]       OK   t110107_195742.rf.pcm: sb0:968al
[2026-05-15 13:06:48] [INFO]       OK   t101219_201208.rf.pcm: sb0:1016al
[2026-05-15 13:06:48] [INFO]       OK   t110522_124917.rf.pcm: sb0:4al
[2026-05-15 13:06:48] [INFO]       OK   t110205_173348.rf.pcm: sb0:988al
[2026-05-15 13:06:48] [INFO]       OK   t110119_172518.rf.pcm: sb0:1021al
[2026-05-15 13:06:48] [INFO]       OK   t110226_005648.rf.pcm: sb0:963al
[2026-05-15 13:06:48] [INFO]       OK   t110324_123115.rf.pcm: sb0:997al
[2026-05-15 13:06:48] [INFO]       OK   t110409_105502.rf.pcm: sb0:949al
[2026-05-15 13:06:48] [INFO]       OK   t110522_131929.rf.pcm: sb0:7al
[2026-05-15 13:06:48] [INFO]       OK   t110430_101457.rf.pcm: sb0:1128al
[2026-05-15 13:06:48] [INFO]       OK   t110612_070533.rf.pcm: sb0:15al
[2026-05-15 13:06:49] [INFO]       OK   t110711_131641.rf.pcm: sb0:3al
[2026-05-15 13:06:49] [INFO]       OK   t110708_161934.rf.pcm: sb0:834al
[2026-05-15 13:06:49] [INFO]       OK   t110624_144059.rf.pcm: sb0:697al
[2026-05-15 13:06:49] [INFO]       OK   t110914_012415.rf.pcm: sb0:14al
[2026-05-15 13:06:49] [INFO]       OK   t111017_052847.rf.pcm: sb0:7al
[2026-05-15 13:06:49] [INFO]       OK   t110801_043629.rf.pcm: sb0:859al
[2026-05-15 13:06:49] [INFO]       OK   t110823_115318.rf.pcm: sb0:827al
[2026-05-15 13:06:49] [INFO]       OK   t110928_234343.rf.pcm: sb0:622al
[2026-05-15 13:06:49] [INFO]       OK   t111201_065457.rf.pcm: sb0:6al
[2026-05-15 13:06:49] [INFO]       OK   t111120_015228.rf.pcm: sb0:35al
[2026-05-15 13:06:49] [INFO]       OK   t110930_005405.rf.pcm: sb0:901al
[2026-05-15 13:06:49] [INFO]       OK   t120205_020235.rf.pcm: sb0:4al
[2026-05-15 13:06:49] [INFO]       OK   t111030_005824.rf.pcm: sb0:1052al
[2026-05-15 13:06:49] [INFO]       OK   t120301_132103.rf.pcm: sb0:4al
[2026-05-15 13:06:49] [INFO]       OK   t111219_185955.rf.pcm: sb0:930al
[2026-05-15 13:06:49] [INFO]       OK   t120121_162626.rf.pcm: sb0:993al
[2026-05-15 13:06:50] [INFO]       OK   t120105_202745.rf.pcm: sb0:1037al
[2026-05-15 13:06:50] [INFO]       OK   t120406_201300.rf.pcm: sb0:18al
[2026-05-15 13:06:50] [INFO]       OK   t120206_165045.rf.pcm: sb0:1071al
[2026-05-15 13:06:50] [INFO]       OK   t120318_130358.rf.pcm: sb0:1070al
[2026-05-15 13:06:50] [INFO]       OK   t120727_143236.rf.pcm: sb0:14al
[2026-05-15 13:06:50] [INFO]       OK   t120422_095637.rf.pcm: sb0:1031al
[2026-05-15 13:06:50] [INFO]       OK   t120422_110508.rf.pcm: sb0:1010al
[2026-05-15 13:06:50] [INFO]       OK   t120524_085935.rf.pcm: sb0:1104al
[2026-05-15 13:06:50] [INFO]       OK   t120708_085738.rf.pcm: sb0:922al
[2026-05-15 13:06:50] [INFO]       OK   t120831_012129.rf.pcm: sb0:1058al
[2026-05-15 13:06:50] [INFO]       OK   t120810_083228.rf.pcm: sb0:1072al
[2026-05-15 13:06:50] [INFO]       OK   t120921_015118.rf.pcm: sb0:1069al
[2026-05-15 13:06:50] [INFO]       OK   t121023_024825.rf.pcm: sb0:3al
[2026-05-15 13:06:50] [INFO]       OK   t120923_004756.rf.pcm: sb0:1055al
[2026-05-15 13:06:50] [INFO]       OK   t121006_012257.rf.pcm: sb0:978al
[2026-05-15 13:06:51] [INFO]       OK   t121022_225739.rf.pcm: sb0:966al
[2026-05-15 13:06:51] [INFO]       OK   t130127_161503.rf.pcm: sb0:11al
[2026-05-15 13:06:51] [INFO]       OK   t121116_214855.rf.pcm: sb0:990al
[2026-05-15 13:06:51] [INFO]       OK   t130128_155314.rf.pcm: sb0:24al
[2026-05-15 13:06:51] [INFO]       OK   t121208_231029.rf.pcm: sb0:1015al
[2026-05-15 13:06:51] [INFO]       OK   t121221_004737.rf.pcm: sb0:997al
[2026-05-15 13:06:51] [INFO]       OK   t130112_191143.rf.pcm: sb0:879al
[2026-05-15 13:06:51] [INFO]       OK   t130321_182827.rf.pcm: sb0:10al
[2026-05-15 13:06:51] [INFO]       OK   t130208_185143.rf.pcm: sb0:1061al
[2026-05-15 13:06:51] [INFO]       OK   t130302_143257.rf.pcm: sb0:1121al
[2026-05-15 13:06:51] [INFO]       OK   t130512_192705.rf.pcm: sb0:592al
[2026-05-15 13:06:51] [INFO]       OK   t130512_094042.rf.pcm: sb0:11al
[2026-05-15 13:06:51] [INFO]       OK   t130427_110021.rf.pcm: sb0:1060al
[2026-05-15 13:06:51] [INFO]       OK   t130603_095421.rf.pcm: sb0:974al
[2026-05-15 13:06:51] [INFO]       OK   t130622_062551.rf.pcm: sb0:14al
[2026-05-15 13:06:51] [INFO]       OK   t130427_120801.rf.pcm: sb0:1170al
[2026-05-15 13:06:51] [INFO]       OK   t130705_073131.rf.pcm: sb0:17al
[2026-05-15 13:06:52] [INFO]       OK   t130824_031407.rf.pcm: sb0:10al
[2026-05-15 13:06:52] [INFO]       OK   t130619_075831.rf.pcm: sb0:1149al
[2026-05-15 13:06:52] [INFO]       OK   t130722_093155.rf.pcm: sb0:1102al
[2026-05-15 13:06:52] [INFO]       OK   t130901_022408.rf.pcm: sb0:16al
[2026-05-15 13:06:52] [INFO]       OK   t131014_042102.rf.pcm: sb0:519al
[2026-05-15 13:06:52] [INFO]       OK   t130930_014038.rf.pcm: sb0:10al
[2026-05-15 13:06:52] [INFO]       OK   t130810_034725.rf.pcm: sb0:1089al
[2026-05-15 13:06:52] [INFO]       OK   t130914_011851.rf.pcm: sb0:1021al
[2026-05-15 13:06:52] [INFO]       OK   t140111_025252.rf.pcm: sb0:31al
[2026-05-15 13:06:52] [INFO]       OK   t131016_071948.rf.pcm: sb0:1203al
[2026-05-15 13:06:52] [INFO]       OK   t131025_222912.rf.pcm: sb0:1140al
[2026-05-15 13:06:52] [INFO]       OK   t131128_193022.rf.pcm: sb0:1107al
[2026-05-15 13:06:52] [INFO]       OK   t140130_182528.rf.pcm: sb0:1034al
[2026-05-15 13:06:52] [INFO]       OK   t131220_004448.rf.pcm: sb0:1155al
[2026-05-15 13:06:52] [INFO]       OK   t140321_143158.rf.pcm: sb0:1187al
[2026-05-15 13:06:53] [INFO]       OK   t140426_140757.rf.pcm: sb0:17al
[2026-05-15 13:06:53] [INFO]       OK   t140410_151402.rf.pcm: sb0:894al
[2026-05-15 13:06:53] [INFO]       OK   t140412_130748.rf.pcm: sb0:841al
[2026-05-15 13:06:53] [INFO]       OK   t140412_141522.rf.pcm: sb0:881al
[2026-05-15 13:06:53] [INFO]       OK   t140731_074531.rf.pcm: sb0:10al
[2026-05-15 13:06:53] [INFO]       OK   t140927_012111.rf.pcm: sb0:7al
[2026-05-15 13:06:53] [INFO]       OK   t140926_074512.rf.pcm: sb0:21al
[2026-05-15 13:06:53] [INFO]       OK   t141113_234231.rf.pcm: sb0:320al
[2026-05-15 13:06:53] [INFO]       OK   t140519_162932.rf.pcm: sb0:971al
[2026-05-15 13:06:53] [INFO]       OK   t141010_000551.rf.pcm: sb0:13al
[2026-05-15 13:06:53] [INFO]       OK   t140822_074231.rf.pcm: sb0:1086al
[2026-05-15 13:06:53] [INFO]       OK   t140824_083651.rf.pcm: sb0:1159al
[2026-05-15 13:06:53] [INFO]       OK   t141219_044031.rf.pcm: sb0:11al
[2026-05-15 13:06:53] [INFO]       OK   t141219_004431.rf.pcm: sb0:12al
[2026-05-15 13:06:53] [INFO]       OK   t150107_192521.rf.pcm: sb0:10al
[2026-05-15 13:06:53] [INFO]       OK   t141026_081932.rf.pcm: sb0:1065al
[2026-05-15 13:06:54] [INFO]       OK   t150131_203821.rf.pcm: sb0:949al
[2026-05-15 13:06:54] [INFO]       OK   t150220_165821.rf.pcm: sb0:956al
[2026-05-15 13:06:54] [INFO]       OK   t150220_180935.rf.pcm: sb0:899al
[2026-05-15 13:06:54] [INFO]       OK   t150306_144228.rf.pcm: sb0:849al
[2026-05-15 13:06:54] [INFO]       OK   t150308_140242.rf.pcm: sb0:849al
[2026-05-15 13:06:54] [INFO]       OK   t150319_195202.rf.pcm: sb0:942al
[2026-05-15 13:06:54] [INFO]       OK   t150322_123711.rf.pcm: sb0:1037al
[2026-05-15 13:06:54] [INFO]       OK   t150414_162511.rf.pcm: sb0:956al
[2026-05-15 13:06:54] [INFO]       OK   t150428_181021.rf.pcm: sb0:748al
[2026-05-15 13:06:54] [INFO]       OK   t150428_192312.rf.pcm: sb0:790al
[2026-05-15 13:06:54] [INFO]       OK   t150428_203111.rf.pcm: sb0:685al
[2026-05-15 13:06:54] [INFO]       OK   t150521_105812.rf.pcm: sb0:1003al
[2026-05-15 13:06:54] [INFO]       OK   t150612_171142.rf.pcm: sb0:1152al
[2026-05-15 13:06:54] [INFO]       OK   t150629_071932.rf.pcm: sb0:1100al
[2026-05-15 13:06:55] [INFO]       OK   t150720_110352.rf.pcm: sb0:1143al
[2026-05-15 13:06:55] [INFO]       OK   t150803_120912.rf.pcm: sb0:959al
[2026-05-15 13:06:55] [INFO]       OK   t150814_070152.rf.pcm: sb0:983al
[2026-05-15 13:06:55] [INFO]       OK   t150922_075901.rf.pcm: sb0:990al
[2026-05-15 13:06:55] [INFO]       OK   t150830_041551.rf.pcm: sb0:1022al
[2026-05-15 13:06:55] [INFO]       OK   t151212_211122.rf.pcm: sb0:7al
[2026-05-15 13:06:55] [INFO]       OK   t151106_023122.rf.pcm: sb0:21al
[2026-05-15 13:06:55] [INFO]       OK   t151006_062411.rf.pcm: sb0:1050al
[2026-05-15 13:06:55] [INFO]       OK   t151024_014751.rf.pcm: sb0:852al
[2026-05-15 13:06:55] [INFO]       OK   t151011_011131.rf.pcm: sb0:1036al
[2026-05-15 13:06:55] [INFO]       OK   t151220_203001.rf.pcm: sb0:1169al
[2026-05-15 13:06:56] [INFO]       OK   t161106_212742.zp: sb0:19al
[2026-05-15 13:06:57] [INFO]       OK   t161111_222242.zp: sb0:15al
[2026-05-15 13:06:57] [INFO]       OK   t161112_041612.zp: sb0:22al
[2026-05-15 13:06:57] [INFO]       OK   t161107_213901.zp: sb0:53al
[2026-05-15 13:06:57] [INFO]       OK   t161108_211111.zp: sb0:53al
[2026-05-15 13:06:57] [INFO]       OK   w040322_164921.rf.pcm: sb0:4al
[2026-05-15 13:06:57] [INFO]       OK   t161110_051122.zp: sb0:74al
[2026-05-15 13:06:57] [INFO]       OK   w040322_172532.rf.pcm: sb0:117al
[2026-05-15 13:06:57] [INFO]       OK   w040414_192420.rf.pcm: sb0:113al
[2026-05-15 13:06:58] [INFO]       OK   w040414_200027.rf.pcm: sb0:121al
[2026-05-15 13:06:58] [INFO]       OK   w040519_102547.rf.pcm: sb0:116al
[2026-05-15 13:06:58] [INFO]       OK   t161109_060912.zp: sb0:70al
[2026-05-15 13:06:58] [INFO]       OK   w040610_094250.rf.pcm: sb0:53al
[2026-05-15 13:06:58] [INFO]       OK   w040717_071553.rf.pcm: sb0:8al
[2026-05-15 13:06:58] [INFO]       OK   w040612_092251.rf.pcm: sb0:78al
[2026-05-15 13:06:58] [INFO]       OK   w040724_044217.rf.pcm: sb0:10al
[2026-05-15 13:06:58] [INFO]       OK   w040625_121547.rf.pcm: sb0:200al
[2026-05-15 13:06:58] [INFO]       OK   t161113_210812.zp: sb0:31al
[2026-05-15 13:06:58] [INFO]       OK   w040810_044538.rf.pcm: sb0:164al
[2026-05-15 13:06:58] [INFO]       OK   w040831_091932.rf.pcm: sb0:223al
[2026-05-15 13:06:58] [INFO]       OK   w040911_091303.rf.pcm: sb0:6al
[2026-05-15 13:06:58] [INFO]       OK   t161114_025011.zp: sb0:960al
[2026-05-15 13:06:58] [INFO]       OK   w040926_002643.rf.pcm: sb0:10al
[2026-05-15 13:06:58] [INFO]       OK   w040924_021334.rf.pcm: sb0:160al
[2026-05-15 13:06:58] [INFO]       OK   w041022_224135.rf.pcm: sb0:7al
[2026-05-15 13:06:58] [INFO]       OK   w041201_201653.rf.pcm: sb0:7al
[2026-05-15 13:06:58] [INFO]       OK   w041106_003035.rf.pcm: sb0:202al
[2026-05-15 13:06:58] [INFO]       OK   w041221_221244.rf.pcm: sb0:5al
[2026-05-15 13:06:58] [INFO]       OK   w041108_031525.rf.pcm: sb0:188al
[2026-05-15 13:06:58] [INFO]       OK   w050104_191836.rf.pcm: sb0:11al
[2026-05-15 13:06:58] [INFO]       OK   w050107_210813.rf.pcm: sb0:16al
[2026-05-15 13:06:58] [INFO]       OK   w050301_231554.rf.pcm: sb0:78al
[2026-05-15 13:06:58] [INFO]       OK   w050217_143403.rf.pcm: sb0:205al
[2026-05-15 13:06:58] [INFO]       OK   w050421_141143.rf.pcm: sb0:188al
[2026-05-15 13:06:58] [INFO]       OK   w050323_125026.rf.pcm: sb0:179al
[2026-05-15 13:06:58] [INFO]       OK   w050510_180814.rf.pcm: sb0:6al
[2026-05-15 13:06:58] [INFO]       OK   w050423_143025.rf.pcm: sb0:191al
[2026-05-15 13:06:58] [INFO]       OK   w050511_085712.rf.pcm: sb0:226al
[2026-05-15 13:06:58] [INFO]       OK   t161107_061813.zp: sb0:152al
[2026-05-15 13:06:58] [INFO]       OK   w050903_050721.rf.pcm: sb0:102al
[2026-05-15 13:06:58] [INFO]       OK   w050526_130814.rf.pcm: sb0:230al
[2026-05-15 13:06:58] [INFO]       OK   w050731_043803.rf.pcm: sb0:145al
[2026-05-15 13:06:58] [INFO]       OK   t161108_061411.zp: sb0:140al
[2026-05-15 13:06:58] [INFO]       OK   w070417_174601.rf.pcm: sb0:358al
[2026-05-15 13:06:58] [INFO]       
J1603 Processing Summary:
[2026-05-15 13:06:58] [INFO]         OK: 761, Failed: 0, Skipped: 0
[2026-05-15 13:06:58] [INFO] [PASS] J1603: 761 processed, 0 skipped, 0 failed
[2026-05-15 13:06:58] [INFO]       Processing 32 Jiamusi epochs (min_snr=1.5)...
[2026-05-15 13:06:59] [INFO]       OK   B0355_201601292120d: sb0:703al
[2026-05-15 13:06:59] [INFO]       OK   B0540_201506251100d: sb0:31al
[2026-05-15 13:06:59] [INFO]       OK   B0329_201602211028d: sb0:7al
[2026-05-15 13:07:00] [INFO]       OK   B0355_201711091756d: sb0:97al
[2026-05-15 13:07:00] [INFO]       OK   B0540_201608090445d: sb0:59al
[2026-05-15 13:07:00] [INFO]       OK   B0329_201602241326d: sb0:7al
[2026-05-15 13:07:00] [INFO]       OK   B0355_201711060010d: sb0:18al
[2026-05-15 13:07:00] [INFO]       OK   B0740_201601262105d: sb0:777al
[2026-05-15 13:07:00] [INFO]       OK   B1508_201512140350d: sb0:456al
[2026-05-15 13:07:00] [INFO]       OK   B1508_201710310630d: sb0:27al
[2026-05-15 13:07:00] [INFO]       OK   B1933_201506160205d: sb0:4al
[2026-05-15 13:07:00] [INFO]       OK   B0740_201512120030d: sb0:1384al
[2026-05-15 13:07:00] [INFO]       OK   B0740_201711020255d: sb0:1142al
[2026-05-15 13:07:01] [INFO]       OK   B0540_201711012106d: sb0:2670al
[2026-05-15 13:07:02] [INFO]       OK   B1933_201602190440d: sb0:2841al
[2026-05-15 13:07:03] [INFO]       OK   B1933_201605210150d: sb0:3328al
[2026-05-15 13:07:04] [INFO]       OK   B1933_201605260210d: sb0:1570al
[2026-05-15 13:07:04] [INFO]       OK   B0329_201711081846d: sb0:5195al
[2026-05-15 13:07:04] [INFO]       OK   B0355_201508202106d: sb0:5301al
[2026-05-15 13:07:05] [INFO]       OK   B0355_201601290850d: sb0:5357al
[2026-05-15 13:07:05] [INFO]       OK   B2154_201601251455d: sb0:1275al
[2026-05-15 13:07:05] [INFO]       OK   B2310_201507202135d: sb0:398al
[2026-05-15 13:07:05] [INFO]       OK   B1933_201605240125d: sb0:3434al
[2026-05-15 13:07:05] [INFO]       OK   B2154_201710312035d: sb0:55al
[2026-05-15 13:07:05] [INFO]       OK   B2351_201506190015d: sb0:64al
[2026-05-15 13:07:05] [INFO]       OK   B1933_201605212310d: sb0:4821al
[2026-05-15 13:07:05] [INFO]       OK   B2324_201703291426d: sb0:698al
[2026-05-15 13:07:05] [INFO]       OK   B1933_201605222340d: sb0:4286al
[2026-05-15 13:07:05] [INFO]       OK   B2154_201711101140d: sb0:1963al
[2026-05-15 13:07:05] [INFO]       OK   B1933_201602260440d: sb0:5369al
[2026-05-15 13:07:06] [INFO]       OK   B2310_201710252101d: sb0:7al
[2026-05-15 13:07:06] [INFO]       OK   B2324_201711041040d: sb0:1372al
[2026-05-15 13:07:06] [INFO] [PASS] Jiamusi: 32 new, 0 cached, 0 failed.
[2026-05-15 13:07:06] [INFO] ═══ 
======================================================================
[2026-05-15 13:07:06] [INFO] [PASS] STEP 002 COMPLETED SUCCESSFULLY
[2026-05-15 13:07:06] [INFO] ═══ ======================================================================
[2026-05-15 13:07:06] [INFO] [PASS] Done: 32 new, 0 cached, 0 failed.
  Epochs with ≥3 arclets (closure-capable): 32
  Catalogue -> /Users/matthewsmawfield/www/Temporal Equivalence Principle/TEP-J0437/data/secondary/jiamusi_secondary_catalog.json
[2026-05-15 13:07:06] [INFO] ================================================================================
[2026-05-15 13:07:06] [INFO] STEP COMPLETED SUCCESSFULLY (526.5 seconds)
[2026-05-15 13:07:06] [INFO] ================================================================================
