[2026-05-15 13:18:17] [INFO] ================================================================================
[2026-05-15 13:18:17] [INFO] STEP step_032_detailed_tep_scaling STARTED
[2026-05-15 13:18:17] [INFO] Description: Detailed TEP scaling diagnostics
[2026-05-15 13:18:17] [INFO] Physics: Contrast multiple scaling hypotheses using J0437 vs J1603 and extended ensembles where available
[2026-05-15 13:18:17] [INFO] Method: Multi-model comparison with regenerated closure summaries and geometry covariates
[2026-05-15 13:18:17] [INFO] ================================================================================
[2026-05-15 13:18:17] [INFO] ═══ ======================================================================
[2026-05-15 13:18:17] [INFO] ═══ COMPREHENSIVE TEP SCALING ANALYSIS
[2026-05-15 13:18:17] [INFO] ═══ ======================================================================
[2026-05-15 13:18:17] [INFO] ═══ 
======================================================================
[2026-05-15 13:18:17] [INFO] ═══ VELOCITY VECTOR GEOMETRY ANALYSIS
[2026-05-15 13:18:17] [INFO] ═══ ======================================================================
[2026-05-15 13:18:17] [INFO]       
J0437-4715 Velocity:
[2026-05-15 13:18:17] [INFO]         Total: 104.3926 km/s
[2026-05-15 13:18:17] [INFO]         RA component: 89.9785 km/s
[2026-05-15 13:18:17] [INFO]         DEC component: -52.9309 km/s
[2026-05-15 13:18:17] [INFO]         Direction angle: -30.47° (from +RA axis)
[2026-05-15 13:18:17] [INFO]       
J1603-7202 Velocity:
[2026-05-15 13:18:17] [INFO]         Total: 31.6755 km/s
[2026-05-15 13:18:17] [INFO]         RA component: -7.8218 km/s
[2026-05-15 13:18:17] [INFO]         DEC component: -30.6945 km/s
[2026-05-15 13:18:17] [INFO]         Direction angle: -104.30° (from +RA axis)
[2026-05-15 13:18:17] [INFO]       
Velocity ratio (J1603/J0437): 0.3034
[2026-05-15 13:18:17] [INFO]       Direction angle difference: 73.83°
[2026-05-15 13:18:17] [INFO]       Angle between velocity vectors: 73.83°
[2026-05-15 13:18:17] [INFO]       Cosine of angle: 0.2785
[2026-05-15 13:18:17] [INFO] ═══ 
======================================================================
[2026-05-15 13:18:17] [INFO] ═══ DISTANCE SCALING ANALYSIS
[2026-05-15 13:18:17] [INFO] ═══ ======================================================================
[2026-05-15 13:18:17] [INFO]       
J0437-4715 Distances:
[2026-05-15 13:18:17] [INFO]         Pulsar distance (D_p): 156.30 pc
[2026-05-15 13:18:17] [INFO]         Screen distance (D_s): 93.78 pc
[2026-05-15 13:18:17] [INFO]         Effective distance (D_eff): 37.51 pc
[2026-05-15 13:18:17] [INFO]         Screen fraction (s): 0.60
[2026-05-15 13:18:17] [INFO]       
J1603-7202 Distances:
[2026-05-15 13:18:17] [INFO]         Pulsar distance (D_p): 250.00 pc
[2026-05-15 13:18:17] [INFO]         Screen distance (D_s): 125.00 pc
[2026-05-15 13:18:17] [INFO]         Effective distance (D_eff): 62.50 pc
[2026-05-15 13:18:17] [INFO]         Screen fraction (s): 0.50
[2026-05-15 13:18:17] [INFO]       
Distance ratios (J1603/J0437):
[2026-05-15 13:18:17] [INFO]         Pulsar distance: 1.5995
[2026-05-15 13:18:17] [INFO]         Screen distance: 1.3329
[2026-05-15 13:18:17] [INFO]         Effective distance: 1.6661
[2026-05-15 13:18:17] [INFO]       
Screen factor s(1-s):
[2026-05-15 13:18:17] [INFO]         J0437: 0.2400
[2026-05-15 13:18:17] [INFO]         J1603: 0.2500
[2026-05-15 13:18:17] [INFO]         Ratio: 1.0417
[2026-05-15 13:18:17] [INFO] ═══ 
======================================================================
[2026-05-15 13:18:17] [INFO] ═══ ARC CURVATURE AND SCATTERING STRENGTH ANALYSIS
[2026-05-15 13:18:17] [INFO] ═══ ======================================================================
[2026-05-15 13:18:17] [INFO]       
Screen 1 Arc Curvature (eta₁):
[2026-05-15 13:18:17] [INFO]         J0437: n=5853, mean=0.008157, std=0.001968
[2026-05-15 13:18:17] [INFO]         J1603: n=328, mean=0.008199, std=0.001594
[2026-05-15 13:18:17] [INFO]         eta₁ ratio (J1603/J0437): 1.0051 +/- 0.0006
[2026-05-15 13:18:17] [INFO]         t-test: t=-0.37, p=7.08e-01
[2026-05-15 13:18:17] [INFO]       
Screen 2 Arc Curvature (eta₂):
[2026-05-15 13:18:17] [INFO]         J0437: n=5040, mean=0.007508, std=0.001859
[2026-05-15 13:18:17] [INFO]         J1603: n=279, mean=0.007799, std=0.001309
[2026-05-15 13:18:17] [INFO]         eta₂ ratio (J1603/J0437): 1.0388
[2026-05-15 13:18:17] [INFO] ═══ 
======================================================================
[2026-05-15 13:18:17] [INFO] ═══ ORBITAL MODULATION ANALYSIS (J0437-4715)
[2026-05-15 13:18:17] [INFO] ═══ ======================================================================
[2026-05-15 13:18:17] [INFO]       
Orbital modulation statistics:
[2026-05-15 13:18:17] [INFO]         Orbital period: 5.7410 days
[2026-05-15 13:18:17] [INFO]         Epochs analyzed: 1391
[2026-05-15 13:18:17] [INFO]         Phase coverage: 0.001 - 0.999 (full phase)
[2026-05-15 13:18:17] [INFO]         Epochs per phase bin: 105 - 185
[2026-05-15 13:18:17] [INFO]       
TEP prediction:
[2026-05-15 13:18:17] [INFO]         Proper motion velocity: 104.4 km/s
[2026-05-15 13:18:17] [INFO]         Orbital velocity: 12.8 km/s
[2026-05-15 13:18:17] [INFO]         Predicted modulation amplitude: ~0.08 ns
[2026-05-15 13:18:17] [INFO]         (Expected from naive v_orbit/v_pm scaling)
[2026-05-15 13:18:17] [INFO]       
Observed modulation:
[2026-05-15 13:18:17] [INFO]         Fitted amplitude: -1.122 +/- 0.935 ns
[2026-05-15 13:18:17] [INFO]         Phase offset: -0.113 rad
[2026-05-15 13:18:17] [INFO]         Baseline offset: 0.817 ns
[2026-05-15 13:18:17] [INFO]       
Statistical test:
[2026-05-15 13:18:17] [INFO]         χ² improvement: 2.21
[2026-05-15 13:18:17] [INFO]         p-value: 9.47e-01
[2026-05-15 13:18:17] [INFO]         Significance: ~1.2sigma
[2026-05-15 13:18:17] [INFO]       
Comparison to TEP prediction:
[2026-05-15 13:18:17] [INFO]         Observed/Expected ratio: 13.36
[2026-05-15 13:18:17] [INFO]       
Physical interpretation:
[2026-05-15 13:18:17] [WARNING] [WARN]   Observed modulation exceeds the naive prediction by 13.4x
[2026-05-15 13:18:17] [WARNING] [WARN]   This indicates that the simple v_orbit/v_pm scaling is not quantitatively reliable on its own
[2026-05-15 13:18:17] [WARNING] [WARN]   Treat the orbital result as suggestive rather than a calibrated confirmation of the TEP scaling amplitude
[2026-05-15 13:18:17] [INFO] ═══ 
======================================================================
[2026-05-15 13:18:17] [INFO] ═══ ADVANCED DIAGNOSTIC ANALYSES
[2026-05-15 13:18:17] [INFO] ═══ ======================================================================
[2026-05-15 13:18:17] [INFO] ═══ 
======================================================================
[2026-05-15 13:18:17] [INFO] ═══ PHASE-RESOLVED ORBITAL ANALYSIS
[2026-05-15 13:18:17] [INFO] ═══ ======================================================================
[2026-05-15 13:18:17] [INFO]       
Orbital phase quadrant analysis:
[2026-05-15 13:18:17] [INFO]         Quadrant 1 (0-90° (approaching)): N=329, H=-0.534 +/- 0.978 ns
[2026-05-15 13:18:17] [INFO]         Quadrant 2 (90-180°): N=354, H=+0.683 +/- 0.934 ns
[2026-05-15 13:18:17] [INFO]         Quadrant 3 (180-270° (receding)): N=338, H=-0.789 +/- 1.519 ns
[2026-05-15 13:18:17] [INFO]         Quadrant 4 (270-360°): N=370, H=+3.120 +/- 1.529 ns
[2026-05-15 13:18:17] [INFO]       
Quadrant variation test:
[2026-05-15 13:18:17] [INFO]         Between-quadrant variance: 3.1898
[2026-05-15 13:18:17] [INFO]         Within-quadrant variance: 1.6185
[2026-05-15 13:18:17] [INFO]         F-statistic: 1.97
[2026-05-15 13:18:17] [INFO]       
Velocity projection test:
[2026-05-15 13:18:17] [INFO]         Approaching/departing (Q1+Q4): +1.293 ns
[2026-05-15 13:18:17] [INFO]         Perpendicular (Q2+Q3): -0.053 ns
[2026-05-15 13:18:17] [INFO]         Difference: +1.346 ns
[2026-05-15 13:18:17] [INFO] ═══ 
======================================================================
[2026-05-15 13:18:17] [INFO] ═══ TIME EVOLUTION ANALYSIS
[2026-05-15 13:18:17] [INFO] ═══ ======================================================================
[2026-05-15 13:18:18] [INFO]       
Linear trend analysis:
[2026-05-15 13:18:18] [INFO]         Slope: -0.1733 ns/year
[2026-05-15 13:18:18] [INFO]         Correlation: r = -0.032
[2026-05-15 13:18:18] [INFO]         Significance: p = 0.227
[2026-05-15 13:18:18] [INFO]       
Early vs Late comparison:
[2026-05-15 13:18:18] [INFO]         Early (2002.9-2010.5): H = +1.248 +/- 1.227 ns
[2026-05-15 13:18:18] [INFO]         Late (2010.5-2019.6): H = +0.125 +/- 0.386 ns
[2026-05-15 13:18:18] [INFO]         Difference: -1.123 ns
[2026-05-15 13:18:18] [INFO]         t-test: t = 0.87, p = 0.383
[2026-05-15 13:18:18] [INFO] ═══ 
======================================================================
[2026-05-15 13:18:18] [INFO] ═══ BOOTSTRAP CONFIDENCE INTERVAL FOR RATIO
[2026-05-15 13:18:18] [INFO] ═══ ======================================================================
[2026-05-15 13:18:18] [INFO]       
Bootstrap parameters:
[2026-05-15 13:18:18] [INFO]         J0437 samples: 19167
[2026-05-15 13:18:18] [INFO]         J1603 samples: 3653
[2026-05-15 13:18:18] [INFO]         Bootstrap iterations: 10000
[2026-05-15 13:18:20] [INFO]       
Bootstrap results:
[2026-05-15 13:18:20] [INFO]         Median ratio: 1.071
[2026-05-15 13:18:20] [INFO]         95% CI: [0.048, 26.591]
[2026-05-15 13:18:20] [INFO]         Bootstrap std: 180.936
[2026-05-15 13:18:20] [INFO]       
Comparison:
[2026-05-15 13:18:20] [INFO]         Sample-mean ratio: 0.178
[2026-05-15 13:18:20] [INFO]         Bootstrap median: 1.071
[2026-05-15 13:18:20] [INFO]         Difference: 0.8932
[2026-05-15 13:18:20] [INFO] ═══ 
======================================================================
[2026-05-15 13:18:20] [INFO] ═══ HIGHER-ORDER MOMENT ANALYSIS
[2026-05-15 13:18:20] [INFO] ═══ ======================================================================
[2026-05-15 13:18:20] [INFO]       
J0437-4715 delay distribution moments:
[2026-05-15 13:18:20] [INFO]         Mean: 0.300 ns
[2026-05-15 13:18:20] [INFO]         Std dev: 49.002 ns
[2026-05-15 13:18:20] [INFO]         Skewness: 0.026 (0 = symmetric)
[2026-05-15 13:18:20] [INFO]         Excess kurtosis: 10.861 (0 = Gaussian)
[2026-05-15 13:18:20] [INFO]       
Normality test (Jarque-Bera):
[2026-05-15 13:18:20] [INFO]         Statistic: 94209.98
[2026-05-15 13:18:20] [INFO]         p-value: 0.00e+00
[2026-05-15 13:18:20] [INFO]         Distribution: Non-Gaussian
[2026-05-15 13:18:20] [INFO] ═══ 
======================================================================
[2026-05-15 13:18:20] [INFO] ═══ ISM MICROSTRUCTURE & SYSTEMATIC TESTS
[2026-05-15 13:18:20] [INFO] ═══ ======================================================================
[2026-05-15 13:18:20] [INFO] ═══ 
======================================================================
[2026-05-15 13:18:20] [INFO] ═══ ISM MICROSTRUCTURE DIAGNOSTICS
[2026-05-15 13:18:20] [INFO] ═══ ======================================================================
[2026-05-15 13:18:20] [INFO]         N_arclets (scattering complexity) vs H:
[2026-05-15 13:18:20] [INFO]           Skipped: one input is constant, so correlation is undefined
[2026-05-15 13:18:20] [INFO]       
TEP vs ISM Microstructure Discrimination:
[2026-05-15 13:18:20] [INFO] [PASS]   [OK] No significant ISM correlations detected in the tested diagnostics
[2026-05-15 13:18:20] [INFO] [PASS]     This weakens simple scattering-strength contamination explanations,
[2026-05-15 13:18:20] [INFO] [PASS]     but does not by itself prove a uniquely TEP-specific origin
[2026-05-15 13:18:20] [INFO] ═══ 
======================================================================
[2026-05-15 13:18:20] [INFO] ═══ EFFECT SIZE ROBUSTNESS ANALYSIS
[2026-05-15 13:18:20] [INFO] ═══ ======================================================================
[2026-05-15 13:18:20] [INFO]       
Overall Effect Size:
[2026-05-15 13:18:20] [INFO]         N = 19167 triplets
[2026-05-15 13:18:20] [INFO]         Mean H = 0.300 ns
[2026-05-15 13:18:20] [INFO]         Std = 49.002 ns
[2026-05-15 13:18:20] [INFO]         Cohen's d = 0.006
[2026-05-15 13:18:20] [INFO]       
Effect Size Context:
[2026-05-15 13:18:20] [INFO]         Magnitude: Small (d < 0.2)
[2026-05-15 13:18:20] [INFO]         Interpretation: Detectable with N = 19167 samples
[2026-05-15 13:18:20] [INFO]         Power for d = 0.006 at N = 19167: >100%
[2026-05-15 13:18:20] [INFO]       
Split-Half Reliability:
[2026-05-15 13:18:20] [INFO]         First half: d = 0.015
[2026-05-15 13:18:20] [INFO]         Second half: d = -0.014
[2026-05-15 13:18:20] [INFO]         Agreement: Inconsistent
[2026-05-15 13:18:20] [INFO]       
Subsample Stability (n=100, 50% each):
[2026-05-15 13:18:20] [INFO]         Mean d in subsamples: 0.007
[2026-05-15 13:18:20] [INFO]         Std d in subsamples: 0.007
[2026-05-15 13:18:20] [INFO]         Sign consistency: 81.0%
[2026-05-15 13:18:20] [INFO]         Status: Mixed
[2026-05-15 13:18:20] [INFO] ═══ 
======================================================================
[2026-05-15 13:18:20] [INFO] ═══ DIFFERENTIAL REFRACTION TEST
[2026-05-15 13:18:20] [INFO] ═══ ======================================================================
[2026-05-15 13:18:20] [INFO]         [INFO] Epoch a050724_221747.rf.pcm_secondary excluded - no frequency metadata
[2026-05-15 13:18:20] [INFO]         [INFO] Epoch a050725_020414.rf.pcm_secondary excluded - no frequency metadata
[2026-05-15 13:18:20] [INFO]         [INFO] Epoch a050823_164705.rf.pcm_secondary excluded - no frequency metadata
[2026-05-15 13:18:20] [INFO]         [INFO] Epoch a050901_152105.rf.pcm_secondary excluded - no frequency metadata
[2026-05-15 13:18:20] [INFO]         [INFO] Epoch a050823_160709.rf.pcm_secondary excluded - no frequency metadata
[2026-05-15 13:18:20] [INFO]         [INFO] Epoch a050901_174642.rf.pcm_secondary excluded - no frequency metadata
[2026-05-15 13:18:20] [INFO]         [INFO] Epoch a050828_221343.rf.pcm_secondary excluded - no frequency metadata
[2026-05-15 13:18:20] [INFO]         [INFO] Epoch a050907_210833.rf.pcm_secondary excluded - no frequency metadata
[2026-05-15 13:18:20] [INFO]         [INFO] Epoch a050907_200543.rf.pcm_secondary excluded - no frequency metadata
[2026-05-15 13:18:20] [INFO]         [INFO] Epoch a050621_010432.rf.pcm_secondary excluded - no frequency metadata
[2026-05-15 13:18:20] [INFO]         [INFO] Epoch a050829_172307.rf.pcm_secondary excluded - no frequency metadata
[2026-05-15 13:18:20] [INFO]         [INFO] Epoch a050715_011717.rf.pcm_secondary excluded - no frequency metadata
[2026-05-15 13:18:20] [INFO]         [INFO] Epoch a050829_175845.rf.pcm_secondary excluded - no frequency metadata
[2026-05-15 13:18:20] [INFO]         [INFO] Epoch a050901_193603.rf.pcm_secondary excluded - no frequency metadata
[2026-05-15 13:18:20] [INFO]         [INFO] Epoch a050827_201915.rf.pcm_secondary excluded - no frequency metadata
[2026-05-15 13:18:20] [INFO]         [INFO] Epoch a060104_070103.rf.pcm_secondary excluded - no frequency metadata
[2026-05-15 13:18:20] [INFO]         [INFO] Epoch a051111_200822.rf.pcm_secondary excluded - no frequency metadata
[2026-05-15 13:18:20] [INFO]         [INFO] Epoch a050907_231844.rf.pcm_secondary excluded - no frequency metadata
[2026-05-15 13:18:20] [INFO]         [INFO] Epoch a051113_162542.rf.pcm_secondary excluded - no frequency metadata
[2026-05-15 13:18:20] [INFO]         [INFO] Epoch a050827_231156.rf.pcm_secondary excluded - no frequency metadata
[2026-05-15 13:18:20] [INFO]         [INFO] Epoch a060509_043944.rf.pcm_secondary excluded - no frequency metadata
[2026-05-15 13:18:20] [INFO]         [INFO] Epoch a051111_145053.rf.pcm_secondary excluded - no frequency metadata
[2026-05-15 13:18:20] [INFO]         [INFO] Epoch a060527_234613.rf.pcm_secondary excluded - no frequency metadata
[2026-05-15 13:18:20] [INFO]         [INFO] Epoch a060616_001254.rf.pcm_secondary excluded - no frequency metadata
[2026-05-15 13:18:20] [INFO]         [INFO] Epoch a050907_185423.rf.pcm_secondary excluded - no frequency metadata
[2026-05-15 13:18:20] [INFO]         [INFO] Epoch a060104_074153.rf.pcm_secondary excluded - no frequency metadata
[2026-05-15 13:18:20] [INFO]         [INFO] Epoch a060614_213723.rf.pcm_secondary excluded - no frequency metadata
[2026-05-15 13:18:20] [INFO]         [INFO] Epoch a060703_221143.rf.pcm_secondary excluded - no frequency metadata
[2026-05-15 13:18:20] [INFO]         [INFO] Epoch a060528_022603.rf.pcm_secondary excluded - no frequency metadata
[2026-05-15 13:18:20] [INFO]         [INFO] Epoch a060415_035732.rf.pcm_secondary excluded - no frequency metadata
[2026-05-15 13:18:20] [INFO]         [INFO] Epoch a060617_225343.rf.pcm_secondary excluded - no frequency metadata
[2026-05-15 13:18:20] [INFO]         [INFO] Epoch a060915_175029.rf.pcm_secondary excluded - no frequency metadata
[2026-05-15 13:18:20] [INFO]         [INFO] Epoch a060529_214733.rf.pcm_secondary excluded - no frequency metadata
[2026-05-15 13:18:20] [INFO]         [INFO] Epoch a060702_035211.rf.pcm_secondary excluded - no frequency metadata
[2026-05-15 13:18:20] [INFO]         [INFO] Epoch a061228_084759.rf.pcm_secondary excluded - no frequency metadata
[2026-05-15 13:18:20] [INFO]         [INFO] Epoch a061003_201430.rf.pcm_secondary excluded - no frequency metadata
[2026-05-15 13:18:20] [INFO]         [INFO] Epoch a061229_125300.rf.pcm_secondary excluded - no frequency metadata
[2026-05-15 13:18:20] [INFO]         [INFO] Epoch a060616_220457.rf.pcm_secondary excluded - no frequency metadata
[2026-05-15 13:18:20] [INFO]         [INFO] Epoch a061230_103808.rf.pcm_secondary excluded - no frequency metadata
[2026-05-15 13:18:20] [INFO]         [INFO] Epoch a061227_111859.rf.pcm_secondary excluded - no frequency metadata
[2026-05-15 13:18:20] [INFO]         [INFO] Epoch a061005_160059.rf.pcm_secondary excluded - no frequency metadata
[2026-05-15 13:18:20] [INFO]         [INFO] Epoch a060528_033313.rf.pcm_secondary excluded - no frequency metadata
[2026-05-15 13:18:20] [INFO]         [INFO] Epoch a061231_134039.rf.pcm_secondary excluded - no frequency metadata
[2026-05-15 13:18:20] [INFO]         [INFO] Epoch a061004_170309.rf.pcm_secondary excluded - no frequency metadata
[2026-05-15 13:18:20] [INFO]         [INFO] Epoch a061230_112939.rf.pcm_secondary excluded - no frequency metadata
[2026-05-15 13:18:20] [INFO]         [INFO] Epoch a061217_175529.rf.pcm_secondary excluded - no frequency metadata
[2026-05-15 13:18:20] [INFO]         [INFO] Epoch a070227_053246.rf.pcm_secondary excluded - no frequency metadata
[2026-05-15 13:18:20] [INFO]         [INFO] Epoch a061231_154619.rf.pcm_secondary excluded - no frequency metadata
[2026-05-15 13:18:20] [INFO]         [INFO] Epoch a070228_061606.rf.pcm_secondary excluded - no frequency metadata
[2026-05-15 13:18:20] [INFO]         [INFO] Epoch a070311_054257.rf.pcm_secondary excluded - no frequency metadata
[2026-05-15 13:18:20] [INFO]         [INFO] Epoch a070311_065019.rf.pcm_secondary excluded - no frequency metadata
[2026-05-15 13:18:20] [INFO]         [INFO] Epoch a070119_074419.rf.pcm_secondary excluded - no frequency metadata
[2026-05-15 13:18:20] [INFO]         [INFO] Epoch a070120_080030.rf.pcm_secondary excluded - no frequency metadata
[2026-05-15 13:18:20] [INFO]         [INFO] Epoch a061005_145228.rf.pcm_secondary excluded - no frequency metadata
[2026-05-15 13:18:20] [INFO]         [INFO] Epoch a070315_082009.rf.pcm_secondary excluded - no frequency metadata
[2026-05-15 13:18:20] [INFO]         [INFO] Epoch a070411_070502.rf.pcm_secondary excluded - no frequency metadata
[2026-05-15 13:18:20] [INFO]         [INFO] Epoch a070318_090340.rf.pcm_secondary excluded - no frequency metadata
[2026-05-15 13:18:20] [INFO]         [INFO] Epoch a070416_091552.rf.pcm_secondary excluded - no frequency metadata
[2026-05-15 13:18:20] [INFO]         [INFO] Epoch a070301_092218.rf.pcm_secondary excluded - no frequency metadata
[2026-05-15 13:18:20] [INFO]         [INFO] Epoch a060715_230514.rf.pcm_secondary excluded - no frequency metadata
[2026-05-15 13:18:20] [INFO]         [INFO] Epoch a070502_083427.rf.pcm_secondary excluded - no frequency metadata
[2026-05-15 13:18:20] [INFO]         [INFO] Epoch a070303_090726.rf.pcm_secondary excluded - no frequency metadata
[2026-05-15 13:18:20] [INFO]         [INFO] Epoch a070412_085359.rf.pcm_secondary excluded - no frequency metadata
[2026-05-15 13:18:20] [INFO]         [INFO] Epoch a070506_025334.rf.pcm_secondary excluded - no frequency metadata
[2026-05-15 13:18:20] [INFO]         [INFO] Epoch a070413_023416.rf.pcm_secondary excluded - no frequency metadata
[2026-05-15 13:18:20] [INFO]         [INFO] Epoch a070501_232519.rf.pcm_secondary excluded - no frequency metadata
[2026-05-15 13:18:20] [INFO]         [INFO] Epoch a070506_031054.rf.pcm_secondary excluded - no frequency metadata
[2026-05-15 13:18:20] [INFO]         [INFO] Epoch a070506_033935.rf.pcm_secondary excluded - no frequency metadata
[2026-05-15 13:18:20] [INFO]         [INFO] Epoch a070506_034814.rf.pcm_secondary excluded - no frequency metadata
[2026-05-15 13:18:20] [INFO]         [INFO] Epoch a070506_033054.rf.pcm_secondary excluded - no frequency metadata
[2026-05-15 13:18:20] [INFO]         [INFO] Epoch a070506_080815.rf.pcm_secondary excluded - no frequency metadata
[2026-05-15 13:18:20] [INFO]         [INFO] Epoch a070227_064106.rf.pcm_secondary excluded - no frequency metadata
[2026-05-15 13:18:20] [INFO]         [INFO] Epoch a070507_022454.rf.pcm_secondary excluded - no frequency metadata
[2026-05-15 13:18:20] [INFO]         [INFO] Epoch a070507_025334.rf.pcm_secondary excluded - no frequency metadata
[2026-05-15 13:18:20] [INFO]         [INFO] Epoch a070317_034739.rf.pcm_secondary excluded - no frequency metadata
[2026-05-15 13:18:20] [INFO]         [INFO] Epoch a070519_001409.rf.pcm_secondary excluded - no frequency metadata
[2026-05-15 13:18:20] [INFO]         [INFO] Epoch a070507_030214.rf.pcm_secondary excluded - no frequency metadata
[2026-05-15 13:18:20] [INFO]         [INFO] Epoch a070310_032829.rf.pcm_secondary excluded - no frequency metadata
[2026-05-15 13:18:20] [INFO]         [INFO] Epoch a070521_062140.rf.pcm_secondary excluded - no frequency metadata
[2026-05-15 13:18:20] [INFO]         [INFO] Epoch a070313_051717.rf.pcm_secondary excluded - no frequency metadata
[2026-05-15 13:18:20] [INFO]         [INFO] Epoch a061231_071729.rf.pcm_secondary excluded - no frequency metadata
[2026-05-15 13:18:20] [INFO]         [INFO] Epoch a070506_073055.rf.pcm_secondary excluded - no frequency metadata
[2026-05-15 13:18:20] [INFO]         [INFO] Epoch a070521_010858.rf.pcm_secondary excluded - no frequency metadata
[2026-05-15 13:18:20] [INFO]         [INFO] Epoch a070506_024459.rf.pcm_secondary excluded - no frequency metadata
[2026-05-15 13:18:20] [INFO]         [INFO] Epoch a070521_022940.rf.pcm_secondary excluded - no frequency metadata
[2026-05-15 13:18:20] [INFO]         [INFO] Epoch a070506_075939.rf.pcm_secondary excluded - no frequency metadata
[2026-05-15 13:18:20] [INFO]         [INFO] Epoch a070506_072219.rf.pcm_secondary excluded - no frequency metadata
[2026-05-15 13:18:20] [INFO]         [INFO] Epoch a070524_040957.rf.pcm_secondary excluded - no frequency metadata
[2026-05-15 13:18:20] [INFO]         [INFO] Epoch a070601_001307.rf.pcm_secondary excluded - no frequency metadata
[2026-05-15 13:18:20] [INFO]         [INFO] Epoch a070611_010953.rf.pcm_secondary excluded - no frequency metadata
[2026-05-15 13:18:20] [INFO]         [INFO] Epoch a070611_010120.rf.pcm_secondary excluded - no frequency metadata
[2026-05-15 13:18:20] [INFO]         [INFO] Epoch a070603_232134.rf.pcm_secondary excluded - no frequency metadata
[2026-05-15 13:18:20] [INFO]         [INFO] Epoch a070608_005319.rf.pcm_secondary excluded - no frequency metadata
[2026-05-15 13:18:20] [INFO]         [INFO] Epoch a070611_023133.rf.pcm_secondary excluded - no frequency metadata
[2026-05-15 13:18:20] [INFO]         [INFO] Epoch a070611_013643.rf.pcm_secondary excluded - no frequency metadata
[2026-05-15 13:18:20] [INFO]         [INFO] Epoch a070611_020540.rf.pcm_secondary excluded - no frequency metadata
[2026-05-15 13:18:20] [INFO]         [INFO] Epoch a070611_012810.rf.pcm_secondary excluded - no frequency metadata
[2026-05-15 13:18:20] [INFO]         [INFO] Epoch a070521_040327.rf.pcm_secondary excluded - no frequency metadata
[2026-05-15 13:18:20] [INFO]         [INFO] Epoch a070524_224038.rf.pcm_secondary excluded - no frequency metadata
[2026-05-15 13:18:20] [INFO]         [INFO] Epoch a070523_035328.rf.pcm_secondary excluded - no frequency metadata
[2026-05-15 13:18:20] [INFO]         [INFO] Epoch a070611_001049.rf.pcm_secondary excluded - no frequency metadata
[2026-05-15 13:18:20] [INFO]         [INFO] Epoch a070524_062439.rf.pcm_secondary excluded - no frequency metadata
[2026-05-15 13:18:20] [INFO]         [INFO] Epoch a070803_235451.rf.pcm_secondary excluded - no frequency metadata
[2026-05-15 13:18:20] [INFO]         [INFO] Epoch a070715_211727.rf.pcm_secondary excluded - no frequency metadata
[2026-05-15 13:18:20] [INFO]         [INFO] Epoch a070804_010631.rf.pcm_secondary excluded - no frequency metadata
[2026-05-15 13:18:20] [INFO]         [INFO] Epoch a070610_215459.rf.pcm_secondary excluded - no frequency metadata
[2026-05-15 13:18:20] [INFO]         [INFO] Epoch a070915_200627.rf.pcm_secondary excluded - no frequency metadata
[2026-05-15 13:18:20] [INFO]         [INFO] Epoch a070915_161807.rf.pcm_secondary excluded - no frequency metadata
[2026-05-15 13:18:20] [INFO]         [INFO] Epoch a070524_234151.rf.pcm_secondary excluded - no frequency metadata
[2026-05-15 13:18:20] [INFO]         [INFO] Epoch a070916_225342.rf.pcm_secondary excluded - no frequency metadata
[2026-05-15 13:18:20] [INFO]         [INFO] Epoch a071219_134817.rf.pcm_secondary excluded - no frequency metadata
[2026-05-15 13:18:20] [INFO]         [INFO] Epoch a071221_130518.rf.pcm_secondary excluded - no frequency metadata
[2026-05-15 13:18:20] [INFO]         [INFO] Epoch a070803_190816.rf.pcm_secondary excluded - no frequency metadata
[2026-05-15 13:18:20] [INFO]         [INFO] Epoch a071220_173539.rf.pcm_secondary excluded - no frequency metadata
[2026-05-15 13:18:20] [INFO]         [INFO] Epoch a071202_134248.rf.pcm_secondary excluded - no frequency metadata
[2026-05-15 13:18:20] [INFO]         [INFO] Epoch m2002-12-13-11:23:51.rf.pcm_secondary excluded - no frequency metadata
[2026-05-15 13:18:20] [INFO]         [INFO] Epoch m2002-12-13-13:39:05.rf.pcm_secondary excluded - no frequency metadata
[2026-05-15 13:18:20] [INFO]         [INFO] Epoch a071222_103507.rf.pcm_secondary excluded - no frequency metadata
[2026-05-15 13:18:20] [INFO]         [INFO] Epoch a071220_115408.rf.pcm_secondary excluded - no frequency metadata
[2026-05-15 13:18:20] [INFO]         [INFO] Epoch m2003-01-12-09:26:00.rf.pcm_secondary excluded - no frequency metadata
[2026-05-15 13:18:20] [INFO]         [INFO] Epoch m2003-02-05-06:26:48.rf.pcm_secondary excluded - no frequency metadata
[2026-05-15 13:18:20] [INFO]         [INFO] Epoch m2003-02-07-06:11:25.rf.pcm_secondary excluded - no frequency metadata
[2026-05-15 13:18:20] [INFO]         [INFO] Epoch a071003_152409.rf.pcm_secondary excluded - no frequency metadata
[2026-05-15 13:18:20] [INFO]         [INFO] Epoch m2003-04-14-06:10:48.rf.pcm_secondary excluded - no frequency metadata
[2026-05-15 13:18:20] [INFO]         [INFO] Epoch m2003-06-06-02:33:11.rf.pcm_secondary excluded - no frequency metadata
[2026-05-15 13:18:20] [INFO]         [INFO] Epoch m2003-07-20-21:30:16.rf.pcm_secondary excluded - no frequency metadata
[2026-05-15 13:18:20] [INFO]         [INFO] Epoch m2003-05-15-02:46:38.rf.pcm_secondary excluded - no frequency metadata
[2026-05-15 13:18:20] [INFO]         [INFO] Epoch a071225_101258.rf.pcm_secondary excluded - no frequency metadata
[2026-05-15 13:18:20] [INFO]         [INFO] Epoch a070531_220626.rf.pcm_secondary excluded - no frequency metadata
[2026-05-15 13:18:20] [INFO]         [INFO] Epoch m2003-01-04-09:28:46.rf.pcm_secondary excluded - no frequency metadata
[2026-05-15 13:18:20] [INFO]         [INFO] Epoch m2003-01-10-13:42:14.rf.pcm_secondary excluded - no frequency metadata
[2026-05-15 13:18:20] [INFO]         [INFO] Epoch m2003-08-31-17:10:53.rf.pcm_secondary excluded - no frequency metadata
[2026-05-15 13:18:20] [INFO]         [INFO] Epoch m2003-07-28-19:49:37.rf.pcm_secondary excluded - no frequency metadata
[2026-05-15 13:18:20] [INFO]         [INFO] Epoch m2003-10-07-19:18:28.rf.pcm_secondary excluded - no frequency metadata
[2026-05-15 13:18:20] [INFO]         [INFO] Epoch m2003-11-01-14:04:26.rf.pcm_secondary excluded - no frequency metadata
[2026-05-15 13:18:20] [INFO]         [INFO] Epoch m2003-10-08-15:53:07.rf.pcm_secondary excluded - no frequency metadata
[2026-05-15 13:18:20] [INFO]         [INFO] Epoch m2003-12-18-10:38:41.rf.pcm_secondary excluded - no frequency metadata
[2026-05-15 13:18:20] [INFO]         [INFO] Epoch m2003-12-18-12:02:22.rf.pcm_secondary excluded - no frequency metadata
[2026-05-15 13:18:20] [INFO]         [INFO] Epoch m2003-02-09-04:52:28.rf.pcm_secondary excluded - no frequency metadata
[2026-05-15 13:18:20] [INFO]         [INFO] Epoch m2003-12-17-12:32:51.rf.pcm_secondary excluded - no frequency metadata
[2026-05-15 13:18:20] [INFO]         [INFO] Epoch m2003-11-02-12:25:19.rf.pcm_secondary excluded - no frequency metadata
[2026-05-15 13:18:20] [INFO]         [INFO] Epoch m2004-04-26-02:35:27.rf.pcm_secondary excluded - no frequency metadata
[2026-05-15 13:18:20] [INFO]         [INFO] Epoch m2004-04-23-23:18:06.rf.pcm_secondary excluded - no frequency metadata
[2026-05-15 13:18:20] [INFO]         [INFO] Epoch m2003-12-04-16:38:28.rf.pcm_secondary excluded - no frequency metadata
[2026-05-15 13:18:20] [INFO]         [INFO] Epoch m2003-12-05-13:23:23.rf.pcm_secondary excluded - no frequency metadata
[2026-05-15 13:18:20] [INFO]         [INFO] Epoch m2004-05-02-00:30:44.rf.pcm_secondary excluded - no frequency metadata
[2026-05-15 13:18:20] [INFO]         [INFO] Epoch m2004-04-26-03:42:34.rf.pcm_secondary excluded - no frequency metadata
[2026-05-15 13:18:20] [INFO]         [INFO] Epoch m2004-05-04-06:46:44.rf.pcm_secondary excluded - no frequency metadata
[2026-05-15 13:18:20] [INFO]         [INFO] Epoch m2004-05-02-02:39:10.rf.pcm_secondary excluded - no frequency metadata
[2026-05-15 13:18:20] [INFO]         [INFO] Epoch m2004-05-04-07:52:00.rf.pcm_secondary excluded - no frequency metadata
[2026-05-15 13:18:20] [INFO]         [INFO] Epoch m2003-11-02-14:14:57.rf.pcm_secondary excluded - no frequency metadata
[2026-05-15 13:18:20] [INFO]         [INFO] Epoch m2004-05-08-00:34:14.rf.pcm_secondary excluded - no frequency metadata
[2026-05-15 13:18:20] [INFO]         [INFO] Epoch m2004-05-17-05:01:49.rf.pcm_secondary excluded - no frequency metadata
[2026-05-15 13:18:20] [INFO]         [INFO] Epoch m2004-05-18-03:50:08.rf.pcm_secondary excluded - no frequency metadata
[2026-05-15 13:18:20] [INFO]         [INFO] Epoch m2004-05-20-23:28:48.rf.pcm_secondary excluded - no frequency metadata
[2026-05-15 13:18:20] [INFO]         [INFO] Epoch m2004-05-03-01:28:10.rf.pcm_secondary excluded - no frequency metadata
[2026-05-15 13:18:20] [INFO]         [INFO] Epoch m2004-06-07-20:28:19.rf.pcm_secondary excluded - no frequency metadata
[2026-05-15 13:18:20] [INFO]         [INFO] Epoch m2004-05-08-01:38:56.rf.pcm_secondary excluded - no frequency metadata
[2026-05-15 13:18:20] [INFO]         [INFO] Epoch m2004-06-06-01:52:04.rf.pcm_secondary excluded - no frequency metadata
[2026-05-15 13:18:20] [INFO]         [INFO] Epoch m2004-06-11-00:01:12.rf.pcm_secondary excluded - no frequency metadata
[2026-05-15 13:18:20] [INFO]         [INFO] Epoch m2004-05-01-03:21:16.rf.pcm_secondary excluded - no frequency metadata
[2026-05-15 13:18:20] [INFO]         [INFO] Epoch m2004-06-04-22:55:40.rf.pcm_secondary excluded - no frequency metadata
[2026-05-15 13:18:20] [INFO]         [INFO] Epoch m2004-05-19-00:26:08.rf.pcm_secondary excluded - no frequency metadata
[2026-05-15 13:18:20] [INFO]         [INFO] Epoch m2004-06-13-23:05:29.rf.pcm_secondary excluded - no frequency metadata
[2026-05-15 13:18:20] [INFO]         [INFO] Epoch m2004-05-17-22:47:04.rf.pcm_secondary excluded - no frequency metadata
[2026-05-15 13:18:20] [INFO]         [INFO] Epoch m2004-06-06-03:08:40.rf.pcm_secondary excluded - no frequency metadata
[2026-05-15 13:18:20] [INFO]         [INFO] Epoch m2004-06-07-21:01:40.rf.pcm_secondary excluded - no frequency metadata
[2026-05-15 13:18:20] [INFO]         [INFO] Epoch m2004-06-12-22:45:59.rf.pcm_secondary excluded - no frequency metadata
[2026-05-15 13:18:20] [INFO]         [INFO] Epoch m2004-05-21-03:15:35.rf.pcm_secondary excluded - no frequency metadata
[2026-05-15 13:18:20] [INFO]         [INFO] Epoch m2004-06-20-21:41:32.rf.pcm_secondary excluded - no frequency metadata
[2026-05-15 13:18:20] [INFO]         [INFO] Epoch m2004-06-10-21:35:20.rf.pcm_secondary excluded - no frequency metadata
[2026-05-15 13:18:20] [INFO]         [INFO] Epoch m2004-06-11-22:59:25.rf.pcm_secondary excluded - no frequency metadata
[2026-05-15 13:18:20] [INFO]         [INFO] Epoch m2004-07-16-21:33:31.rf.pcm_secondary excluded - no frequency metadata
[2026-05-15 13:18:20] [INFO]         [INFO] Epoch m2004-06-19-21:33:50.rf.pcm_secondary excluded - no frequency metadata
[2026-05-15 13:18:20] [INFO]         [INFO] Epoch m2004-07-16-22:34:33.rf.pcm_secondary excluded - no frequency metadata
[2026-05-15 13:18:20] [INFO]         [INFO] Epoch m2004-07-24-20:28:39.rf.pcm_secondary excluded - no frequency metadata
[2026-05-15 13:18:20] [INFO]         [INFO] Epoch m2004-06-20-20:25:12.rf.pcm_secondary excluded - no frequency metadata
[2026-05-15 13:18:20] [INFO]         [INFO] Epoch m2004-08-13-18:42:38.rf.pcm_secondary excluded - no frequency metadata
[2026-05-15 13:18:20] [INFO]         [INFO] Epoch m2004-08-12-19:51:35.rf.pcm_secondary excluded - no frequency metadata
[2026-05-15 13:18:20] [INFO]         [INFO] Epoch m2004-09-11-18:39:06.rf.pcm_secondary excluded - no frequency metadata
[2026-05-15 13:18:20] [INFO]         [INFO] Epoch m2004-07-23-21:05:29.rf.pcm_secondary excluded - no frequency metadata
[2026-05-15 13:18:20] [INFO]         [INFO] Epoch m2004-09-12-20:05:48.rf.pcm_secondary excluded - no frequency metadata
[2026-05-15 13:18:20] [INFO]         [INFO] Epoch m2004-09-12-14:41:25.rf.pcm_secondary excluded - no frequency metadata
[2026-05-15 13:18:20] [INFO]         [INFO] Epoch m2004-08-02-19:38:59.rf.pcm_secondary excluded - no frequency metadata
[2026-05-15 13:18:20] [INFO]         [INFO] Epoch m2004-09-14-17:47:27.rf.pcm_secondary excluded - no frequency metadata
[2026-05-15 13:18:20] [INFO]         [INFO] Epoch a070814_232141.rf.pcm_secondary excluded - no frequency metadata
[2026-05-15 13:18:20] [INFO]         [INFO] Epoch m2004-08-14-19:21:36.rf.pcm_secondary excluded - no frequency metadata
[2026-05-15 13:18:20] [INFO]         [INFO] Epoch a071224_134206.rf.pcm_secondary excluded - no frequency metadata
[2026-05-15 13:18:20] [INFO]         [INFO] Epoch m2004-08-01-19:23:22.rf.pcm_secondary excluded - no frequency metadata
[2026-05-15 13:18:20] [INFO]         [INFO] Epoch m2004-08-01-18:17:37.rf.pcm_secondary excluded - no frequency metadata
[2026-05-15 13:18:20] [INFO]         [INFO] Epoch m2004-08-14-20:26:46.rf.pcm_secondary excluded - no frequency metadata
[2026-05-15 13:18:20] [INFO]         [INFO] Epoch m2004-09-12-17:48:46.rf.pcm_secondary excluded - no frequency metadata
[2026-05-15 13:18:20] [INFO]         [INFO] Epoch m2004-09-28-18:28:37.rf.pcm_secondary excluded - no frequency metadata
[2026-05-15 13:18:20] [INFO]         [INFO] Epoch m2004-09-28-19:06:15.rf.pcm_secondary excluded - no frequency metadata
[2026-05-15 13:18:20] [INFO]         [INFO] Epoch m2005-01-05-11:04:20.rf.pcm_secondary excluded - no frequency metadata
[2026-05-15 13:18:20] [INFO]         [INFO] Epoch m2004-09-27-19:05:47.rf.pcm_secondary excluded - no frequency metadata
[2026-05-15 13:18:20] [INFO]         [INFO] Epoch m2005-01-05-09:31:28.rf.pcm_secondary excluded - no frequency metadata
[2026-05-15 13:18:20] [INFO]         [INFO] Epoch m2004-09-13-20:21:46.rf.pcm_secondary excluded - no frequency metadata
[2026-05-15 13:18:20] [INFO]         [INFO] Epoch m2004-09-28-19:44:17.rf.pcm_secondary excluded - no frequency metadata
[2026-05-15 13:18:20] [INFO]         [INFO] Epoch m2004-09-14-18:59:17.rf.pcm_secondary excluded - no frequency metadata
[2026-05-15 13:18:20] [INFO]         [INFO] Epoch m2004-09-28-21:10:47.rf.pcm_secondary excluded - no frequency metadata
[2026-05-15 13:18:20] [INFO]         [INFO] Epoch m2004-09-28-17:50:57.rf.pcm_secondary excluded - no frequency metadata
[2026-05-15 13:18:20] [INFO]         [INFO] Epoch m2005-01-06-10:18:52.rf.pcm_secondary excluded - no frequency metadata
[2026-05-15 13:18:20] [INFO]         [INFO] Epoch m2004-11-27-10:50:05.rf.pcm_secondary excluded - no frequency metadata
[2026-05-15 13:18:20] [INFO]         [INFO] Epoch m2005-01-06-10:51:31.rf.pcm_secondary excluded - no frequency metadata
[2026-05-15 13:18:20] [INFO]         [INFO] Epoch m2005-04-22-02:38:44.rf.pcm_secondary excluded - no frequency metadata
[2026-05-15 13:18:20] [INFO]         [INFO] Epoch m2005-05-28-00:14:36.rf.pcm_secondary excluded - no frequency metadata
[2026-05-15 13:18:20] [INFO]         [INFO] Epoch m2005-07-16-21:37:50.rf.pcm_secondary excluded - no frequency metadata
[2026-05-15 13:18:20] [INFO]         [INFO] Epoch m2005-07-21-18:36:19.rf.pcm_secondary excluded - no frequency metadata
[2026-05-15 13:18:20] [INFO]         [INFO] Epoch m2005-07-20-19:09:35.rf.pcm_secondary excluded - no frequency metadata
[2026-05-15 13:18:20] [INFO]         [INFO] Epoch m2005-09-01-20:12:39.rf.pcm_secondary excluded - no frequency metadata
[2026-05-15 13:18:20] [INFO]         [INFO] Epoch m2005-01-07-09:53:38.rf.pcm_secondary excluded - no frequency metadata
[2026-05-15 13:18:20] [INFO]         [INFO] Epoch m2005-09-01-18:23:27.rf.pcm_secondary excluded - no frequency metadata
[2026-05-15 13:18:20] [INFO]         [INFO] Epoch m2005-09-07-23:35:56.rf.pcm_secondary excluded - no frequency metadata
[2026-05-15 13:18:20] [INFO]         [INFO] Epoch m2005-09-01-19:00:04.rf.pcm_secondary excluded - no frequency metadata
[2026-05-15 13:18:21] [INFO]         [INFO] Epoch m2005-07-23-19:40:00.rf.pcm_secondary excluded - no frequency metadata
[2026-05-15 13:18:21] [INFO]         [INFO] Epoch m2005-07-24-02:47:09.rf.pcm_secondary excluded - no frequency metadata
[2026-05-15 13:18:21] [INFO]         [INFO] Epoch m2005-09-01-17:10:31.rf.pcm_secondary excluded - no frequency metadata
[2026-05-15 13:18:21] [INFO]         [INFO] Epoch m2005-09-01-16:34:30.rf.pcm_secondary excluded - no frequency metadata
[2026-05-15 13:18:21] [INFO]         [INFO] Epoch m2005-10-04-16:06:40.rf.pcm_secondary excluded - no frequency metadata
[2026-05-15 13:18:21] [INFO]         [INFO] Epoch m2005-11-11-14:51:01.rf.pcm_secondary excluded - no frequency metadata
[2026-05-15 13:18:21] [INFO]         [INFO] Epoch m2005-10-04-19:28:44.rf.pcm_secondary excluded - no frequency metadata
[2026-05-15 13:18:21] [INFO]         [INFO] Epoch m2005-09-03-19:18:22.rf.pcm_secondary excluded - no frequency metadata
[2026-05-15 13:18:21] [INFO]         [INFO] Epoch m2005-09-01-20:48:57.rf.pcm_secondary excluded - no frequency metadata
[2026-05-15 13:18:21] [INFO]         [INFO] Epoch m2005-11-11-13:17:11.rf.pcm_secondary excluded - no frequency metadata
[2026-05-15 13:18:21] [INFO]         [INFO] Epoch m2005-11-14-14:13:21.rf.pcm_secondary excluded - no frequency metadata
[2026-05-15 13:18:21] [INFO]         [INFO] Epoch m2005-10-04-13:52:02.rf.pcm_secondary excluded - no frequency metadata
[2026-05-15 13:18:21] [INFO]         [INFO] Epoch m2005-10-04-22:33:30.rf.pcm_secondary excluded - no frequency metadata
[2026-05-15 13:18:21] [INFO]         [INFO] Epoch m2005-10-04-18:21:22.rf.pcm_secondary excluded - no frequency metadata
[2026-05-15 13:18:21] [INFO]         [INFO] Epoch m2005-12-22-13:40:51.rf.pcm_secondary excluded - no frequency metadata
[2026-05-15 13:18:21] [INFO]         [INFO] Epoch m2006-01-04-07:42:01.rf.pcm_secondary excluded - no frequency metadata
[2026-05-15 13:18:21] [INFO]         [INFO] Epoch m2006-01-03-10:28:19.rf.pcm_secondary excluded - no frequency metadata
[2026-05-15 13:18:21] [INFO]         [INFO] Epoch m2005-10-04-14:59:20.rf.pcm_secondary excluded - no frequency metadata
[2026-05-15 13:18:21] [INFO]         [INFO] Epoch m2006-03-04-03:41:03.rf.pcm_secondary excluded - no frequency metadata
[2026-05-15 13:18:21] [INFO]         [INFO] Epoch m2006-03-24-04:06:00.rf.pcm_secondary excluded - no frequency metadata
[2026-05-15 13:18:21] [INFO]         [INFO] Epoch m2005-11-13-16:25:49.rf.pcm_secondary excluded - no frequency metadata
[2026-05-15 13:18:21] [INFO]         [INFO] Epoch m2005-11-14-16:42:20.rf.pcm_secondary excluded - no frequency metadata
[2026-05-15 13:18:21] [INFO]         [INFO] Epoch m2006-05-26-03:20:21.rf.pcm_secondary excluded - no frequency metadata
[2026-05-15 13:18:21] [INFO]         [INFO] Epoch m2006-06-14-23:35:33.rf.pcm_secondary excluded - no frequency metadata
[2026-05-15 13:18:21] [INFO]         [INFO] Epoch m2006-06-17-22:53:51.rf.pcm_secondary excluded - no frequency metadata
[2026-05-15 13:18:21] [INFO]         [INFO] Epoch m2005-12-23-10:38:09.rf.pcm_secondary excluded - no frequency metadata
[2026-05-15 13:18:21] [INFO]         [INFO] Epoch m2006-06-16-01:20:23.rf.pcm_secondary excluded - no frequency metadata
[2026-05-15 13:18:21] [INFO]         [INFO] Epoch m2006-06-16-22:38:09.rf.pcm_secondary excluded - no frequency metadata
[2026-05-15 13:18:21] [INFO]         [INFO] Epoch m2005-12-21-10:35:29.rf.pcm_secondary excluded - no frequency metadata
[2026-05-15 13:18:21] [INFO]         [INFO] Epoch m2006-07-03-01:37:38.rf.pcm_secondary excluded - no frequency metadata
[2026-05-15 13:18:21] [INFO]         [INFO] Epoch m2006-07-03-22:44:18.rf.pcm_secondary excluded - no frequency metadata
[2026-05-15 13:18:21] [INFO]         [INFO] Epoch m2005-10-04-17:14:01.rf.pcm_secondary excluded - no frequency metadata
[2026-05-15 13:18:21] [INFO]         [INFO] Epoch m2006-07-25-19:38:14.rf.pcm_secondary excluded - no frequency metadata
[2026-05-15 13:18:21] [INFO]         [INFO] Epoch m2006-07-01-20:28:50.rf.pcm_secondary excluded - no frequency metadata
[2026-05-15 13:18:21] [INFO]         [INFO] Epoch m2006-06-17-22:02:39.rf.pcm_secondary excluded - no frequency metadata
[2026-05-15 13:18:21] [INFO]         [INFO] Epoch m2006-07-26-17:53:03.rf.pcm_secondary excluded - no frequency metadata
[2026-05-15 13:18:21] [INFO]         [INFO] Epoch m2006-04-21-06:56:41.rf.pcm_secondary excluded - no frequency metadata
[2026-05-15 13:18:21] [INFO]         [INFO] Epoch m2006-08-19-17:44:39.rf.pcm_secondary excluded - no frequency metadata
[2026-05-15 13:18:21] [INFO]         [INFO] Epoch m2006-04-22-05:21:03.rf.pcm_secondary excluded - no frequency metadata
[2026-05-15 13:18:21] [INFO]         [INFO] Epoch m2006-12-25-10:14:19.rf.pcm_secondary excluded - no frequency metadata
[2026-05-15 13:18:21] [INFO]         [INFO] Epoch m2006-12-26-12:48:22.rf.pcm_secondary excluded - no frequency metadata
[2026-05-15 13:18:21] [INFO]         [INFO] Epoch m2006-12-30-12:22:11.rf.pcm_secondary excluded - no frequency metadata
[2026-05-15 13:18:21] [INFO]         [INFO] Epoch m2007-01-21-10:09:11.rf.pcm_secondary excluded - no frequency metadata
[2026-05-15 13:18:21] [INFO]         [INFO] Epoch m2006-08-19-20:40:31.rf.pcm_secondary excluded - no frequency metadata
[2026-05-15 13:18:21] [INFO]         [INFO] Epoch m2007-02-26-09:45:09.rf.pcm_secondary excluded - no frequency metadata
[2026-05-15 13:18:21] [INFO]         [INFO] Epoch m2006-12-31-09:20:41.rf.pcm_secondary excluded - no frequency metadata
[2026-05-15 13:18:21] [INFO]         [INFO] Epoch m2007-03-04-03:24:30.rf.pcm_secondary excluded - no frequency metadata
[2026-05-15 13:18:21] [INFO]         [INFO] Epoch m2005-10-04-21:43:22.rf.pcm_secondary excluded - no frequency metadata
[2026-05-15 13:18:21] [INFO]         [INFO] Epoch m2006-07-16-00:13:32.rf.pcm_secondary excluded - no frequency metadata
[2026-05-15 13:18:21] [INFO]         [INFO] Epoch m2007-03-02-08:46:40.rf.pcm_secondary excluded - no frequency metadata
[2026-05-15 13:18:21] [INFO]         [INFO] Epoch m2007-03-09-02:48:10.rf.pcm_secondary excluded - no frequency metadata
[2026-05-15 13:18:21] [INFO]         [INFO] Epoch m2007-02-26-08:36:50.rf.pcm_secondary excluded - no frequency metadata
[2026-05-15 13:18:21] [INFO]         [INFO] Epoch m2007-03-14-05:41:39.rf.pcm_secondary excluded - no frequency metadata
[2026-05-15 13:18:21] [INFO]         [INFO] Epoch m2007-03-03-04:34:10.rf.pcm_secondary excluded - no frequency metadata
[2026-05-15 13:18:21] [INFO]         [INFO] Epoch m2006-12-28-13:55:22.rf.pcm_secondary excluded - no frequency metadata
[2026-05-15 13:18:21] [INFO]         [INFO] Epoch m2007-03-05-07:20:19.rf.pcm_secondary excluded - no frequency metadata
[2026-05-15 13:18:21] [INFO]         [INFO] Epoch m2007-03-17-08:19:21.rf.pcm_secondary excluded - no frequency metadata
[2026-05-15 13:18:21] [INFO]         [INFO] Epoch m2007-03-18-09:03:42.rf.pcm_secondary excluded - no frequency metadata
[2026-05-15 13:18:21] [INFO]         [INFO] Epoch m2007-03-18-10:45:42.rf.pcm_secondary excluded - no frequency metadata
[2026-05-15 13:18:21] [INFO]         [INFO] Epoch m2007-03-16-09:01:33.rf.pcm_secondary excluded - no frequency metadata
[2026-05-15 13:18:21] [INFO]         [INFO] Epoch m2007-03-03-09:57:52.rf.pcm_secondary excluded - no frequency metadata
[2026-05-15 13:18:21] [INFO]         [INFO] Epoch m2007-04-17-09:51:15.rf.pcm_secondary excluded - no frequency metadata
[2026-05-15 13:18:21] [INFO]         [INFO] Epoch m2007-04-12-08:54:01.rf.pcm_secondary excluded - no frequency metadata
[2026-05-15 13:18:21] [INFO]         [INFO] Epoch m2007-03-02-04:13:20.rf.pcm_secondary excluded - no frequency metadata
[2026-05-15 13:18:21] [INFO]         [INFO] Epoch m2007-03-01-05:57:20.rf.pcm_secondary excluded - no frequency metadata
[2026-05-15 13:18:21] [INFO]         [INFO] Epoch m2007-05-05-00:04:41.rf.pcm_secondary excluded - no frequency metadata
[2026-05-15 13:18:21] [INFO]         [INFO] Epoch m2007-03-17-11:42:41.rf.pcm_secondary excluded - no frequency metadata
[2026-05-15 13:18:21] [INFO]         [INFO] Epoch m2007-04-13-02:34:18.rf.pcm_secondary excluded - no frequency metadata
[2026-05-15 13:18:21] [INFO]         [INFO] Epoch m2007-05-23-01:38:51.rf.pcm_secondary excluded - no frequency metadata
[2026-05-15 13:18:21] [INFO]         [INFO] Epoch m2007-03-18-07:55:45.rf.pcm_secondary excluded - no frequency metadata
[2026-05-15 13:18:21] [INFO]         [INFO] Epoch m2007-05-26-00:21:38.rf.pcm_secondary excluded - no frequency metadata
[2026-05-15 13:18:21] [INFO]         [INFO] Epoch m2007-05-20-02:56:07.rf.pcm_secondary excluded - no frequency metadata
[2026-05-15 13:18:21] [INFO]         [INFO] Epoch m2007-05-22-23:24:11.rf.pcm_secondary excluded - no frequency metadata
[2026-05-15 13:18:21] [INFO]         [INFO] Epoch m2007-05-24-23:17:11.rf.pcm_secondary excluded - no frequency metadata
[2026-05-15 13:18:21] [INFO]         [INFO] Epoch m2007-05-26-23:42:59.rf.pcm_secondary excluded - no frequency metadata
[2026-05-15 13:18:21] [INFO]         [INFO] Epoch m2007-04-12-04:04:09.rf.pcm_secondary excluded - no frequency metadata
[2026-05-15 13:18:21] [INFO]         [INFO] Epoch m2007-03-17-10:35:22.rf.pcm_secondary excluded - no frequency metadata
[2026-05-15 13:18:21] [INFO]         [INFO] Epoch m2007-03-13-05:17:19.rf.pcm_secondary excluded - no frequency metadata
[2026-05-15 13:18:21] [INFO]         [INFO] Epoch m2007-05-26-07:11:21.rf.pcm_secondary excluded - no frequency metadata
[2026-05-15 13:18:21] [INFO]         [INFO] Epoch m2007-05-29-21:12:21.rf.pcm_secondary excluded - no frequency metadata
[2026-05-15 13:18:21] [INFO]         [INFO] Epoch m2007-05-29-22:19:41.rf.pcm_secondary excluded - no frequency metadata
[2026-05-15 13:18:21] [INFO]         [INFO] Epoch m2007-06-01-23:42:19.rf.pcm_secondary excluded - no frequency metadata
[2026-05-15 13:18:21] [INFO]         [INFO] Epoch m2007-06-02-22:17:00.rf.pcm_secondary excluded - no frequency metadata
[2026-05-15 13:18:21] [INFO]         [INFO] Epoch m2007-06-09-22:05:41.rf.pcm_secondary excluded - no frequency metadata
[2026-05-15 13:18:21] [INFO]         [INFO] Epoch m2007-06-07-22:37:21.rf.pcm_secondary excluded - no frequency metadata
[2026-05-15 13:18:21] [INFO]         [INFO] Epoch m2007-06-08-22:07:42.rf.pcm_secondary excluded - no frequency metadata
[2026-05-15 13:18:21] [INFO]         [INFO] Epoch m2007-05-31-02:15:23.rf.pcm_secondary excluded - no frequency metadata
[2026-05-15 13:18:21] [INFO]         [INFO] Epoch m2007-05-25-22:05:41.rf.pcm_secondary excluded - no frequency metadata
[2026-05-15 13:18:21] [INFO]         [INFO] Epoch m2007-05-23-03:53:30.rf.pcm_secondary excluded - no frequency metadata
[2026-05-15 13:18:21] [INFO]         [INFO] Epoch m2007-07-15-18:41:51.rf.pcm_secondary excluded - no frequency metadata
[2026-05-15 13:18:21] [INFO]         [INFO] Epoch m2007-06-03-23:21:36.rf.pcm_secondary excluded - no frequency metadata
[2026-05-15 13:18:21] [INFO]         [INFO] Epoch m2007-08-14-19:59:41.rf.pcm_secondary excluded - no frequency metadata
[2026-05-15 13:18:21] [INFO]         [INFO] Epoch m2007-05-23-02:46:13.rf.pcm_secondary excluded - no frequency metadata
[2026-05-15 13:18:21] [INFO]         [INFO] Epoch m2007-09-14-18:16:52.rf.pcm_secondary excluded - no frequency metadata
[2026-05-15 13:18:21] [INFO]         [INFO] Epoch m2007-07-14-00:50:31.rf.pcm_secondary excluded - no frequency metadata
[2026-05-15 13:18:21] [INFO]         [INFO] Epoch m2007-08-11-16:54:19.rf.pcm_secondary excluded - no frequency metadata
[2026-05-15 13:18:21] [INFO]         [INFO] Epoch m2007-05-27-21:49:11.rf.pcm_secondary excluded - no frequency metadata
[2026-05-15 13:18:21] [INFO]         [INFO] Epoch m2007-06-15-23:29:56.rf.pcm_secondary excluded - no frequency metadata
[2026-05-15 13:18:21] [INFO]         [INFO] Epoch m2007-09-30-20:05:50.rf.pcm_secondary excluded - no frequency metadata
[2026-05-15 13:18:21] [INFO]         [INFO] Epoch m2007-12-21-13:05:19.rf.pcm_secondary excluded - no frequency metadata
[2026-05-15 13:18:21] [INFO]         [INFO] Epoch m2007-12-19-13:48:19.rf.pcm_secondary excluded - no frequency metadata
[2026-05-15 13:18:21] [INFO]         [INFO] Epoch m2007-12-22-16:00:20.rf.pcm_secondary excluded - no frequency metadata
[2026-05-15 13:18:21] [INFO]         [INFO] Epoch m2007-12-23-16:56:12.rf.pcm_secondary excluded - no frequency metadata
[2026-05-15 13:18:21] [INFO]         [INFO] Epoch m2007-12-21-14:09:40.rf.pcm_secondary excluded - no frequency metadata
[2026-05-15 13:18:21] [INFO]         [INFO] Epoch m2007-12-23-15:52:50.rf.pcm_secondary excluded - no frequency metadata
[2026-05-15 13:18:21] [INFO]         [INFO] Epoch m2007-12-22-12:42:20.rf.pcm_secondary excluded - no frequency metadata
[2026-05-15 13:18:21] [INFO]         [INFO] Epoch m2007-12-25-09:09:20.rf.pcm_secondary excluded - no frequency metadata
[2026-05-15 13:18:21] [INFO]         [INFO] Epoch m2008-01-24-07:12:16.rf.pcm_secondary excluded - no frequency metadata
[2026-05-15 13:18:21] [INFO]         [INFO] Epoch m2008-02-24-09:08:24.rf.pcm_secondary excluded - no frequency metadata
[2026-05-15 13:18:21] [INFO]         [INFO] Epoch m2007-12-21-11:41:49.rf.pcm_secondary excluded - no frequency metadata
[2026-05-15 13:18:21] [INFO]         [INFO] Epoch m2007-09-15-21:13:53.rf.pcm_secondary excluded - no frequency metadata
[2026-05-15 13:18:21] [INFO]         [INFO] Epoch m2007-09-13-22:09:22.rf.pcm_secondary excluded - no frequency metadata
[2026-05-15 13:18:21] [INFO]         [INFO] Epoch m2007-09-15-18:58:51.rf.pcm_secondary excluded - no frequency metadata
[2026-05-15 13:18:21] [INFO]         [INFO] Epoch m2007-12-21-10:37:27.rf.pcm_secondary excluded - no frequency metadata
[2026-05-15 13:18:21] [INFO]         [INFO] Epoch m2008-02-26-10:14:24.rf.pcm_secondary excluded - no frequency metadata
[2026-05-15 13:18:21] [INFO]         [INFO] Epoch m2007-12-22-17:03:52.rf.pcm_secondary excluded - no frequency metadata
[2026-05-15 13:18:21] [INFO]         [INFO] Epoch m2008-02-26-07:55:14.rf.pcm_secondary excluded - no frequency metadata
[2026-05-15 13:18:21] [INFO]         [INFO] Epoch m2008-02-25-10:53:51.rf.pcm_secondary excluded - no frequency metadata
[2026-05-15 13:18:21] [INFO]         [INFO] Epoch m2008-05-12-00:03:18.rf.pcm_secondary excluded - no frequency metadata
[2026-05-15 13:18:21] [INFO]         [INFO] Epoch m2007-12-30-09:54:39.rf.pcm_secondary excluded - no frequency metadata
[2026-05-15 13:18:21] [INFO]         [INFO] Epoch m2007-12-31-12:19:50.rf.pcm_secondary excluded - no frequency metadata
[2026-05-15 13:18:21] [INFO]         [INFO] Epoch m2008-05-13-23:30:16.rf.pcm_secondary excluded - no frequency metadata
[2026-05-15 13:18:21] [INFO]         [INFO] Epoch m2008-02-23-07:27:49.rf.pcm_secondary excluded - no frequency metadata
[2026-05-15 13:18:21] [INFO]         [INFO] Epoch m2008-05-12-05:52:16.rf.pcm_secondary excluded - no frequency metadata
[2026-05-15 13:18:21] [INFO]         [INFO] Epoch m2008-05-13-03:22:57.rf.pcm_secondary excluded - no frequency metadata
[2026-05-15 13:18:21] [INFO]         [INFO] Epoch m2008-05-15-21:58:56.rf.pcm_secondary excluded - no frequency metadata
[2026-05-15 13:18:21] [INFO]         [INFO] Epoch m2008-05-15-05:22:56.rf.pcm_secondary excluded - no frequency metadata
[2026-05-15 13:18:21] [INFO]         [INFO] Epoch m2008-05-15-04:13:37.rf.pcm_secondary excluded - no frequency metadata
[2026-05-15 13:18:21] [INFO]         [INFO] Epoch m2008-05-13-04:32:16.rf.pcm_secondary excluded - no frequency metadata
[2026-05-15 13:18:21] [INFO]         [INFO] Epoch m2008-05-12-01:12:37.rf.pcm_secondary excluded - no frequency metadata
[2026-05-15 13:18:21] [INFO]         [INFO] Epoch m2008-05-05-06:14:50.rf.pcm_secondary excluded - no frequency metadata
[2026-05-15 13:18:21] [INFO]         [INFO] Epoch m2008-05-16-05:29:36.rf.pcm_secondary excluded - no frequency metadata
[2026-05-15 13:18:21] [INFO]         [INFO] Epoch m2008-04-14-05:03:16.rf.pcm_secondary excluded - no frequency metadata
[2026-05-15 13:18:21] [INFO]         [INFO] Epoch m2008-05-17-01:56:16.rf.pcm_secondary excluded - no frequency metadata
[2026-05-15 13:18:21] [INFO]         [INFO] Epoch m2008-05-16-22:28:56.rf.pcm_secondary excluded - no frequency metadata
[2026-05-15 13:18:21] [INFO]         [INFO] Epoch m2008-05-14-02:58:16.rf.pcm_secondary excluded - no frequency metadata
[2026-05-15 13:18:21] [INFO]         [INFO] Epoch m2008-05-16-04:54:16.rf.pcm_secondary excluded - no frequency metadata
[2026-05-15 13:18:21] [INFO]         [INFO] Epoch m2008-05-17-05:23:36.rf.pcm_secondary excluded - no frequency metadata
[2026-05-15 13:18:21] [INFO]         [INFO] Epoch m2008-05-13-22:07:57.rf.pcm_secondary excluded - no frequency metadata
[2026-05-15 13:18:21] [INFO]         [INFO] Epoch m2008-05-18-02:52:16.rf.pcm_secondary excluded - no frequency metadata
[2026-05-15 13:18:21] [INFO]         [INFO] Epoch m2008-05-25-22:45:57.rf.pcm_secondary excluded - no frequency metadata
[2026-05-15 13:18:21] [INFO]         [INFO] Epoch m2008-05-17-03:05:17.rf.pcm_secondary excluded - no frequency metadata
[2026-05-15 13:18:21] [INFO]         [INFO] Epoch m2008-05-25-02:39:17.rf.pcm_secondary excluded - no frequency metadata
[2026-05-15 13:18:21] [INFO]         [INFO] Epoch m2008-05-17-21:51:57.rf.pcm_secondary excluded - no frequency metadata
[2026-05-15 13:18:21] [INFO]         [INFO] Epoch m2008-06-27-03:51:57.rf.pcm_secondary excluded - no frequency metadata
[2026-05-15 13:18:21] [INFO]         [INFO] Epoch m2008-05-17-06:33:17.rf.pcm_secondary excluded - no frequency metadata
[2026-05-15 13:18:21] [INFO]         [INFO] Epoch m2008-05-24-06:43:57.rf.pcm_secondary excluded - no frequency metadata
[2026-05-15 13:18:21] [INFO]         [INFO] Epoch m2008-05-03-03:15:37.rf.pcm_secondary excluded - no frequency metadata
[2026-05-15 13:18:21] [INFO]         [INFO] Epoch m2008-07-05-21:34:43.rf.pcm_secondary excluded - no frequency metadata
[2026-05-15 13:18:21] [INFO]         [INFO] Epoch m2008-07-09-00:06:42.rf.pcm_secondary excluded - no frequency metadata
[2026-05-15 13:18:21] [INFO]         [INFO] Epoch m2008-05-14-05:28:59.rf.pcm_secondary excluded - no frequency metadata
[2026-05-15 13:18:21] [INFO]         [INFO] Epoch m2008-07-14-03:30:01.rf.pcm_secondary excluded - no frequency metadata
[2026-05-15 13:18:21] [INFO]         [INFO] Epoch m2008-09-05-15:22:36.rf.pcm_secondary excluded - no frequency metadata
[2026-05-15 13:18:21] [INFO]         [INFO] Epoch m2008-07-11-00:27:43.rf.pcm_secondary excluded - no frequency metadata
[2026-05-15 13:18:21] [INFO]         [INFO] Epoch m2008-09-06-20:08:07.rf.pcm_secondary excluded - no frequency metadata
[2026-05-15 13:18:21] [INFO]         [INFO] Epoch m2008-09-06-22:26:56.rf.pcm_secondary excluded - no frequency metadata
[2026-05-15 13:18:21] [INFO]         [INFO] Epoch m2008-07-10-00:37:44.rf.pcm_secondary excluded - no frequency metadata
[2026-05-15 13:18:21] [INFO]         [INFO] Epoch m2008-09-08-17:27:56.rf.pcm_secondary excluded - no frequency metadata
[2026-05-15 13:18:21] [INFO]         [INFO] Epoch m2008-09-08-14:52:36.rf.pcm_secondary excluded - no frequency metadata
[2026-05-15 13:18:21] [INFO]         [INFO] Epoch m2008-10-14-17:50:15.rf.pcm_secondary excluded - no frequency metadata
[2026-05-15 13:18:21] [INFO]         [INFO] Epoch m2008-07-12-01:12:13.rf.pcm_secondary excluded - no frequency metadata
[2026-05-15 13:18:21] [INFO]         [INFO] Epoch m2008-10-12-16:47:16.rf.pcm_secondary excluded - no frequency metadata
[2026-05-15 13:18:21] [INFO]         [INFO] Epoch m2008-10-14-18:59:44.rf.pcm_secondary excluded - no frequency metadata
[2026-05-15 13:18:21] [INFO]         [INFO] Epoch m2008-12-01-11:58:35.rf.pcm_secondary excluded - no frequency metadata
[2026-05-15 13:18:21] [INFO]         [INFO] Epoch m2008-12-22-12:08:15.rf.pcm_secondary excluded - no frequency metadata
[2026-05-15 13:18:21] [INFO]         [INFO] Epoch m2008-12-21-12:42:15.rf.pcm_secondary excluded - no frequency metadata
[2026-05-15 13:18:21] [INFO]         [INFO] Epoch m2008-12-23-11:27:55.rf.pcm_secondary excluded - no frequency metadata
[2026-05-15 13:18:21] [INFO]         [INFO] Epoch m2008-12-22-08:22:17.rf.pcm_secondary excluded - no frequency metadata
[2026-05-15 13:18:21] [INFO]         [INFO] Epoch m2008-12-21-15:08:57.rf.pcm_secondary excluded - no frequency metadata
[2026-05-15 13:18:21] [INFO]         [INFO] Epoch m2008-12-24-12:58:35.rf.pcm_secondary excluded - no frequency metadata
[2026-05-15 13:18:21] [INFO]         [INFO] Epoch m2008-12-24-07:52:19.rf.pcm_secondary excluded - no frequency metadata
[2026-05-15 13:18:21] [INFO]         [INFO] Epoch m2008-12-25-07:40:19.rf.pcm_secondary excluded - no frequency metadata
[2026-05-15 13:18:21] [INFO]         [INFO] Epoch m2008-10-10-17:35:16.rf.pcm_secondary excluded - no frequency metadata
[2026-05-15 13:18:21] [INFO]         [INFO] Epoch m2008-12-23-10:14:55.rf.pcm_secondary excluded - no frequency metadata
[2026-05-15 13:18:21] [INFO]         [INFO] Epoch m2008-12-25-08:53:17.rf.pcm_secondary excluded - no frequency metadata
[2026-05-15 13:18:21] [INFO]         [INFO] Epoch m2008-12-24-10:32:35.rf.pcm_secondary excluded - no frequency metadata
[2026-05-15 13:18:21] [INFO]         [INFO] Epoch m2008-12-27-15:08:16.rf.pcm_secondary excluded - no frequency metadata
[2026-05-15 13:18:21] [INFO]         [INFO] Epoch m2008-12-24-16:38:17.rf.pcm_secondary excluded - no frequency metadata
[2026-05-15 13:18:21] [INFO]         [INFO] Epoch m2008-12-27-16:21:17.rf.pcm_secondary excluded - no frequency metadata
[2026-05-15 13:18:21] [INFO]         [INFO] Epoch m2008-09-07-15:02:56.rf.pcm_secondary excluded - no frequency metadata
[2026-05-15 13:18:21] [INFO]         [INFO] Epoch m2008-12-22-16:00:35.rf.pcm_secondary excluded - no frequency metadata
[2026-05-15 13:18:21] [INFO]         [INFO] Epoch m2008-12-27-13:55:16.rf.pcm_secondary excluded - no frequency metadata
[2026-05-15 13:18:21] [INFO]         [INFO] Epoch m2009-03-16-07:05:56.rf.pcm_secondary excluded - no frequency metadata
[2026-05-15 13:18:21] [INFO]         [INFO] Epoch m2008-12-26-12:34:35.rf.pcm_secondary excluded - no frequency metadata
[2026-05-15 13:18:21] [INFO]         [INFO] Epoch m2008-12-22-17:13:59.rf.pcm_secondary excluded - no frequency metadata
[2026-05-15 13:18:21] [INFO]         [INFO] Epoch m2009-04-07-08:24:56.rf.pcm_secondary excluded - no frequency metadata
[2026-05-15 13:18:21] [INFO]         [INFO] Epoch m2009-04-17-03:47:31.rf.pcm_secondary excluded - no frequency metadata
[2026-05-15 13:18:21] [INFO]         [INFO] Epoch m2009-02-22-05:27:57.rf.pcm_secondary excluded - no frequency metadata
[2026-05-15 13:18:21] [INFO]         [INFO] Epoch m2009-04-16-06:52:21.rf.pcm_secondary excluded - no frequency metadata
[2026-05-15 13:18:21] [INFO]         [INFO] Epoch m2009-04-17-08:32:25.rf.pcm_secondary excluded - no frequency metadata
[2026-05-15 13:18:21] [INFO]         [INFO] Epoch m2008-12-27-09:40:35.rf.pcm_secondary excluded - no frequency metadata
[2026-05-15 13:18:21] [INFO]         [INFO] Epoch m2009-08-27-22:45:22.rf.pcm_secondary excluded - no frequency metadata
[2026-05-15 13:18:21] [INFO]         [INFO] Epoch m2009-01-23-06:06:56.rf.pcm_secondary excluded - no frequency metadata
[2026-05-15 13:18:21] [INFO]         [INFO] Epoch m2010-02-15-05:42:42.rf.pcm_secondary excluded - no frequency metadata
[2026-05-15 13:18:21] [INFO]         [INFO] Epoch n2002-12-13-13:39:05.rf.pcm_secondary excluded - no frequency metadata
[2026-05-15 13:18:21] [INFO]         [INFO] Epoch m2010-05-31-00:05:09.rf.pcm_secondary excluded - no frequency metadata
[2026-05-15 13:18:21] [INFO]         [INFO] Epoch m2009-04-25-03:52:16.rf.pcm_secondary excluded - no frequency metadata
[2026-05-15 13:18:21] [INFO]         [INFO] Epoch m2010-05-04-04:40:58.rf.pcm_secondary excluded - no frequency metadata
[2026-05-15 13:18:21] [INFO]         [INFO] Epoch n2003-01-10-13:42:14.rf.pcm_secondary excluded - no frequency metadata
[2026-05-15 13:18:21] [INFO]         [INFO] Epoch n2003-01-11-08:22:28.rf.pcm_secondary excluded - no frequency metadata
[2026-05-15 13:18:21] [INFO]         [INFO] Epoch m2009-08-27-20:56:59.rf.pcm_secondary excluded - no frequency metadata
[2026-05-15 13:18:21] [INFO]         [INFO] Epoch m2009-08-22-23:10:42.rf.pcm_secondary excluded - no frequency metadata
[2026-05-15 13:18:21] [INFO]         [INFO] Epoch n2003-06-06-02:33:11.rf.pcm_secondary excluded - no frequency metadata
[2026-05-15 13:18:21] [INFO]         [INFO] Epoch m2010-02-16-06:43:49.rf.pcm_secondary excluded - no frequency metadata
[2026-05-15 13:18:21] [INFO]         [INFO] Epoch n2003-08-31-17:10:53.rf.pcm_secondary excluded - no frequency metadata
[2026-05-15 13:18:21] [INFO]         [INFO] Epoch n2003-11-01-16:33:43.rf.pcm_secondary excluded - no frequency metadata
[2026-05-15 13:18:21] [INFO]         [INFO] Epoch n2003-10-27-17:12:01.rf.pcm_secondary excluded - no frequency metadata
[2026-05-15 13:18:21] [INFO]         [INFO] Epoch n2003-11-02-19:13:53.rf.pcm_secondary excluded - no frequency metadata
[2026-05-15 13:18:21] [INFO]         [INFO] Epoch n2003-07-28-19:49:37.rf.pcm_secondary excluded - no frequency metadata
[2026-05-15 13:18:21] [INFO]         [INFO] Epoch n2003-11-13-15:12:08.rf.pcm_secondary excluded - no frequency metadata
[2026-05-15 13:18:21] [INFO]         [INFO] Epoch n2003-12-02-12:06:31.rf.pcm_secondary excluded - no frequency metadata
[2026-05-15 13:18:21] [INFO]         [INFO] Epoch n2003-08-29-15:48:58.rf.pcm_secondary excluded - no frequency metadata
[2026-05-15 13:18:21] [INFO]         [INFO] Epoch n2004-05-02-00:30:44.rf.pcm_secondary excluded - no frequency metadata
[2026-05-15 13:18:21] [INFO]         [INFO] Epoch n2004-05-04-23:14:27.rf.pcm_secondary excluded - no frequency metadata
[2026-05-15 13:18:21] [INFO]         [INFO] Epoch n2003-09-09-20:02:55.rf.pcm_secondary excluded - no frequency metadata
[2026-05-15 13:18:21] [INFO]         [INFO] Epoch n2004-05-21-03:15:35.rf.pcm_secondary excluded - no frequency metadata
[2026-05-15 13:18:21] [INFO]         [INFO] Epoch n2004-02-10-09:02:13.rf.pcm_secondary excluded - no frequency metadata
[2026-05-15 13:18:21] [INFO]         [INFO] Epoch n2004-05-21-04:07:10.rf.pcm_secondary excluded - no frequency metadata
[2026-05-15 13:18:21] [INFO]         [INFO] Epoch n2004-02-09-11:23:28.rf.pcm_secondary excluded - no frequency metadata
[2026-05-15 13:18:21] [INFO]         [INFO] Epoch n2004-06-19-20:55:42.rf.pcm_secondary excluded - no frequency metadata
[2026-05-15 13:18:21] [INFO]         [INFO] Epoch n2004-07-15-20:46:11.rf.pcm_secondary excluded - no frequency metadata
[2026-05-15 13:18:21] [INFO]         [INFO] Epoch n2004-08-12-21:20:24.rf.pcm_secondary excluded - no frequency metadata
[2026-05-15 13:18:21] [INFO]         [INFO] Epoch n2004-06-20-21:41:32.rf.pcm_secondary excluded - no frequency metadata
[2026-05-15 13:18:21] [INFO]         [INFO] Epoch n2004-05-04-05:42:34.rf.pcm_secondary excluded - no frequency metadata
[2026-05-15 13:18:21] [INFO]         [INFO] Epoch n2004-08-13-19:15:55.rf.pcm_secondary excluded - no frequency metadata
[2026-05-15 13:18:21] [INFO]         [INFO] Epoch n2004-05-15-00:51:57.rf.pcm_secondary excluded - no frequency metadata
[2026-05-15 13:18:21] [INFO]         [INFO] Epoch n2004-08-12-21:53:12.rf.pcm_secondary excluded - no frequency metadata
[2026-05-15 13:18:21] [INFO]         [INFO] Epoch n2004-09-12-15:18:57.rf.pcm_secondary excluded - no frequency metadata
[2026-05-15 13:18:21] [INFO]         [INFO] Epoch n2004-05-15-02:57:58.rf.pcm_secondary excluded - no frequency metadata
[2026-05-15 13:18:21] [INFO]         [INFO] Epoch n2004-09-12-18:59:59.rf.pcm_secondary excluded - no frequency metadata
[2026-05-15 13:18:21] [INFO]         [INFO] Epoch n2004-09-12-14:41:25.rf.pcm_secondary excluded - no frequency metadata
[2026-05-15 13:18:21] [INFO]         [INFO] Epoch n2004-08-31-18:57:17.rf.pcm_secondary excluded - no frequency metadata
[2026-05-15 13:18:21] [INFO]         [INFO] Epoch n2004-08-14-16:50:35.rf.pcm_secondary excluded - no frequency metadata
[2026-05-15 13:18:21] [INFO]         [INFO] Epoch n2004-08-15-21:26:18.rf.pcm_secondary excluded - no frequency metadata
[2026-05-15 13:18:21] [INFO]         [INFO] Epoch n2003-05-15-02:46:38.rf.pcm_secondary excluded - no frequency metadata
[2026-05-15 13:18:21] [INFO]         [INFO] Epoch n2004-09-11-19:45:10.rf.pcm_secondary excluded - no frequency metadata
[2026-05-15 13:18:21] [INFO]         [INFO] Epoch n2004-09-14-18:59:17.rf.pcm_secondary excluded - no frequency metadata
[2026-05-15 13:18:21] [INFO]         [INFO] Epoch n2004-11-28-11:13:16.rf.pcm_secondary excluded - no frequency metadata
[2026-05-15 13:18:21] [INFO]         [INFO] Epoch n2004-08-01-18:17:37.rf.pcm_secondary excluded - no frequency metadata
[2026-05-15 13:18:21] [INFO]         [INFO] Epoch n2005-01-04-09:13:29.rf.pcm_secondary excluded - no frequency metadata
[2026-05-15 13:18:21] [INFO]         [INFO] Epoch n2005-06-11-23:49:33.rf.pcm_secondary excluded - no frequency metadata
[2026-05-15 13:18:21] [INFO]         [INFO] Epoch n2005-04-25-02:08:59.rf.pcm_secondary excluded - no frequency metadata
[2026-05-15 13:18:21] [INFO]         [INFO] Epoch n2005-07-23-18:24:27.rf.pcm_secondary excluded - no frequency metadata
[2026-05-15 13:18:21] [INFO]         [INFO] Epoch n2005-05-11-01:26:17.rf.pcm_secondary excluded - no frequency metadata
[2026-05-15 13:18:21] [INFO]         [INFO] Epoch n2005-08-03-22:28:00.rf.pcm_secondary excluded - no frequency metadata
[2026-05-15 13:18:21] [INFO]         [INFO] Epoch n2005-01-05-12:22:48.rf.pcm_secondary excluded - no frequency metadata
[2026-05-15 13:18:21] [INFO]         [INFO] Epoch n2005-07-24-01:31:49.rf.pcm_secondary excluded - no frequency metadata
[2026-05-15 13:18:21] [INFO]         [INFO] Epoch n2005-07-25-00:11:22.rf.pcm_secondary excluded - no frequency metadata
[2026-05-15 13:18:21] [INFO]         [INFO] Epoch n2005-09-01-17:10:31.rf.pcm_secondary excluded - no frequency metadata
[2026-05-15 13:18:21] [INFO]         [INFO] Epoch n2005-09-01-20:12:39.rf.pcm_secondary excluded - no frequency metadata
[2026-05-15 13:18:21] [INFO]         [INFO] Epoch n2005-09-01-19:00:04.rf.pcm_secondary excluded - no frequency metadata
[2026-05-15 13:18:21] [INFO]         [INFO] Epoch n2005-04-24-01:50:41.rf.pcm_secondary excluded - no frequency metadata
[2026-05-15 13:18:21] [INFO]         [INFO] Epoch n2005-10-03-21:49:59.rf.pcm_secondary excluded - no frequency metadata
[2026-05-15 13:18:21] [INFO]         [INFO] Epoch n2005-10-03-22:09:30.rf.pcm_secondary excluded - no frequency metadata
[2026-05-15 13:18:21] [INFO]         [INFO] Epoch n2005-09-01-16:34:30.rf.pcm_secondary excluded - no frequency metadata
[2026-05-15 13:18:21] [INFO]         [INFO] Epoch n2005-10-04-17:14:01.rf.pcm_secondary excluded - no frequency metadata
[2026-05-15 13:18:21] [INFO]         [INFO] Epoch n2005-10-04-14:59:20.rf.pcm_secondary excluded - no frequency metadata
[2026-05-15 13:18:21] [INFO]         [INFO] Epoch n2005-08-23-16:07:20.rf.pcm_secondary excluded - no frequency metadata
[2026-05-15 13:18:21] [INFO]         [INFO] Epoch n2005-10-04-20:36:02.rf.pcm_secondary excluded - no frequency metadata
[2026-05-15 13:18:21] [INFO]         [INFO] Epoch n2005-09-03-19:18:22.rf.pcm_secondary excluded - no frequency metadata
[2026-05-15 13:18:21] [INFO]         [INFO] Epoch n2005-10-04-19:28:44.rf.pcm_secondary excluded - no frequency metadata
[2026-05-15 13:18:21] [INFO]         [INFO] Epoch n2005-11-11-18:14:01.rf.pcm_secondary excluded - no frequency metadata
[2026-05-15 13:18:21] [INFO]         [INFO] Epoch n2005-10-04-13:52:02.rf.pcm_secondary excluded - no frequency metadata
[2026-05-15 13:18:21] [INFO]         [INFO] Epoch n2005-09-01-14:45:14.rf.pcm_secondary excluded - no frequency metadata
[2026-05-15 13:18:21] [INFO]         [INFO] Epoch n2005-11-14-16:42:20.rf.pcm_secondary excluded - no frequency metadata
[2026-05-15 13:18:21] [INFO]         [INFO] Epoch n2005-08-23-17:55:47.rf.pcm_secondary excluded - no frequency metadata
[2026-05-15 13:18:21] [INFO]         [INFO] Epoch n2006-01-02-12:33:01.rf.pcm_secondary excluded - no frequency metadata
[2026-05-15 13:18:21] [INFO]         [INFO] Epoch n2006-01-31-08:40:09.rf.pcm_secondary excluded - no frequency metadata
[2026-05-15 13:18:21] [INFO]         [INFO] Epoch n2005-10-04-22:33:30.rf.pcm_secondary excluded - no frequency metadata
[2026-05-15 13:18:21] [INFO]         [INFO] Epoch n2005-11-14-14:13:21.rf.pcm_secondary excluded - no frequency metadata
[2026-05-15 13:18:21] [INFO]         [INFO] Epoch n2006-06-16-22:38:09.rf.pcm_secondary excluded - no frequency metadata
[2026-05-15 13:18:21] [INFO]         [INFO] Epoch n2006-03-23-06:19:30.rf.pcm_secondary excluded - no frequency metadata
[2026-05-15 13:18:21] [INFO]         [INFO] Epoch n2006-12-16-10:06:39.rf.pcm_secondary excluded - no frequency metadata
[2026-05-15 13:18:21] [INFO]         [INFO] Epoch n2005-12-21-12:51:35.rf.pcm_secondary excluded - no frequency metadata
[2026-05-15 13:18:21] [INFO]         [INFO] Epoch n2006-12-28-13:55:22.rf.pcm_secondary excluded - no frequency metadata
[2026-05-15 13:18:21] [INFO]         [INFO] Epoch n2007-01-19-07:44:21.rf.pcm_secondary excluded - no frequency metadata
[2026-05-15 13:18:21] [INFO]         [INFO] Epoch n2006-12-29-12:53:02.rf.pcm_secondary excluded - no frequency metadata
[2026-05-15 13:18:21] [INFO]         [INFO] Epoch n2003-01-09-11:17:43.rf.pcm_secondary excluded - no frequency metadata
[2026-05-15 13:18:21] [INFO]         [INFO] Epoch n2005-10-04-16:06:40.rf.pcm_secondary excluded - no frequency metadata
[2026-05-15 13:18:21] [INFO]         [INFO] Epoch n2006-08-19-20:40:31.rf.pcm_secondary excluded - no frequency metadata
[2026-05-15 13:18:21] [INFO]         [INFO] Epoch n2007-03-15-03:06:40.rf.pcm_secondary excluded - no frequency metadata
[2026-05-15 13:18:21] [INFO]         [INFO] Epoch n2007-04-13-02:34:18.rf.pcm_secondary excluded - no frequency metadata
[2026-05-15 13:18:21] [INFO]         [INFO] Epoch n2006-08-10-19:48:31.rf.pcm_secondary excluded - no frequency metadata
[2026-05-15 13:18:21] [INFO]         [INFO] Epoch n2007-05-02-08:34:29.rf.pcm_secondary excluded - no frequency metadata
[2026-05-15 13:18:21] [INFO]         [INFO] Epoch n2007-05-25-22:05:41.rf.pcm_secondary excluded - no frequency metadata
[2026-05-15 13:18:21] [INFO]         [INFO] Epoch n2007-03-17-06:03:42.rf.pcm_secondary excluded - no frequency metadata
[2026-05-15 13:18:21] [INFO]         [INFO] Epoch n2007-05-21-05:13:40.rf.pcm_secondary excluded - no frequency metadata
[2026-05-15 13:18:21] [INFO]         [INFO] Epoch n2007-05-28-22:30:32.rf.pcm_secondary excluded - no frequency metadata
[2026-05-15 13:18:21] [INFO]         [INFO] Epoch n2007-08-11-16:54:19.rf.pcm_secondary excluded - no frequency metadata
[2026-05-15 13:18:21] [INFO]         [INFO] Epoch n2007-09-15-20:06:29.rf.pcm_secondary excluded - no frequency metadata
[2026-05-15 13:18:21] [INFO]         [INFO] Epoch n2007-12-24-17:00:11.rf.pcm_secondary excluded - no frequency metadata
[2026-05-15 13:18:21] [INFO]         [INFO] Epoch n2008-02-24-09:08:24.rf.pcm_secondary excluded - no frequency metadata
[2026-05-15 13:18:21] [INFO]         [INFO] Epoch n2008-07-14-03:30:01.rf.pcm_secondary excluded - no frequency metadata
[2026-05-15 13:18:21] [INFO]         [INFO] Epoch n2007-12-21-10:37:27.rf.pcm_secondary excluded - no frequency metadata
[2026-05-15 13:18:21] [INFO]         [INFO] Epoch n2008-10-13-18:08:01.rf.pcm_secondary excluded - no frequency metadata
[2026-05-15 13:18:21] [INFO]         [INFO] Epoch n2008-10-14-17:50:15.rf.pcm_secondary excluded - no frequency metadata
[2026-05-15 13:18:21] [INFO]         [INFO] Epoch n2007-12-23-13:38:17.rf.pcm_secondary excluded - no frequency metadata
[2026-05-15 13:18:21] [INFO]         [INFO] Epoch n2008-10-11-17:17:36.rf.pcm_secondary excluded - no frequency metadata
[2026-05-15 13:18:21] [INFO]         [INFO] Epoch n2008-05-19-06:12:21.rf.pcm_secondary excluded - no frequency metadata
[2026-05-15 13:18:21] [INFO]         [INFO] Epoch n2008-12-22-13:30:35.rf.pcm_secondary excluded - no frequency metadata
[2026-05-15 13:18:21] [INFO]         [INFO] Epoch n2008-07-07-03:13:42.rf.pcm_secondary excluded - no frequency metadata
[2026-05-15 13:18:21] [INFO]         [INFO] Epoch n2008-05-25-22:45:57.rf.pcm_secondary excluded - no frequency metadata
[2026-05-15 13:18:21] [INFO]         [INFO] Epoch n2009-04-17-03:47:31.rf.pcm_secondary excluded - no frequency metadata
[2026-05-15 13:18:21] [INFO]         [INFO] Epoch n2009-04-15-05:30:30.rf.pcm_secondary excluded - no frequency metadata
[2026-05-15 13:18:21] [INFO]         [INFO] Epoch n2009-08-21-16:53:02.rf.pcm_secondary excluded - no frequency metadata
[2026-05-15 13:18:21] [INFO]         [INFO] Epoch n2009-08-26-22:18:22.rf.pcm_secondary excluded - no frequency metadata
[2026-05-15 13:18:21] [INFO]         [INFO] Epoch n2009-08-22-17:38:01.rf.pcm_secondary excluded - no frequency metadata
[2026-05-15 13:18:21] [INFO]         [INFO] Epoch n2009-08-27-22:45:22.rf.pcm_secondary excluded - no frequency metadata
[2026-05-15 13:18:21] [INFO]         [INFO] Epoch n2009-05-21-04:24:42.rf.pcm_secondary excluded - no frequency metadata
[2026-05-15 13:18:21] [INFO]         [INFO] Epoch n2009-10-05-19:42:52.rf.pcm_secondary excluded - no frequency metadata
[2026-05-15 13:18:21] [INFO]         [INFO] Epoch n2009-10-07-19:03:12.rf.pcm_secondary excluded - no frequency metadata
[2026-05-15 13:18:21] [INFO]         [INFO] Epoch n2010-02-11-06:42:02.rf.pcm_secondary excluded - no frequency metadata
[2026-05-15 13:18:21] [INFO]         [INFO] Epoch n2010-02-16-06:43:49.rf.pcm_secondary excluded - no frequency metadata
[2026-05-15 13:18:21] [INFO]         [INFO] Epoch n2009-10-07-20:18:02.rf.pcm_secondary excluded - no frequency metadata
[2026-05-15 13:18:21] [INFO]         [INFO] Epoch n2010-04-08-00:25:09.rf.pcm_secondary excluded - no frequency metadata
[2026-05-15 13:18:21] [INFO]         [INFO] Epoch n2009-10-04-15:29:21.rf.pcm_secondary excluded - no frequency metadata
[2026-05-15 13:18:21] [INFO]         [INFO] Epoch p100730_194928.rf.pcm_secondary excluded - no frequency metadata
[2026-05-15 13:18:21] [INFO]         [INFO] Epoch n2009-08-25-23:57:12.rf.pcm_secondary excluded - no frequency metadata
[2026-05-15 13:18:21] [INFO]         [INFO] Epoch n2010-02-15-08:13:33.rf.pcm_secondary excluded - no frequency metadata
[2026-05-15 13:18:21] [INFO]         [INFO] Epoch n2009-08-27-18:49:22.rf.pcm_secondary excluded - no frequency metadata
[2026-05-15 13:18:21] [INFO]         [INFO] Epoch n2009-10-07-15:24:21.rf.pcm_secondary excluded - no frequency metadata
[2026-05-15 13:18:21] [INFO]         [INFO] Epoch p100616_065647.rf.pcm_secondary excluded - no frequency metadata
[2026-05-15 13:18:21] [INFO]         [INFO] Epoch p100802_210952.rf.pcm_secondary excluded - no frequency metadata
[2026-05-15 13:18:21] [INFO]         [INFO] Epoch p100731_185920.rf.pcm_secondary excluded - no frequency metadata
[2026-05-15 13:18:21] [INFO]         [INFO] Epoch p100801_023512.rf.pcm_secondary excluded - no frequency metadata
[2026-05-15 13:18:21] [INFO]         [INFO] Epoch p100731_213040.rf.pcm_secondary excluded - no frequency metadata
[2026-05-15 13:18:21] [INFO]         [INFO] Epoch p100801_204512.rf.pcm_secondary excluded - no frequency metadata
[2026-05-15 13:18:21] [INFO]         [INFO] Epoch p100802_173840.rf.pcm_secondary excluded - no frequency metadata
[2026-05-15 13:18:21] [INFO]         [INFO] Epoch p100803_200736.rf.pcm_secondary excluded - no frequency metadata
[2026-05-15 13:18:21] [INFO]         [INFO] Epoch p101103_163704.rf.pcm_secondary excluded - no frequency metadata
[2026-05-15 13:18:21] [INFO]         [INFO] Epoch p100731_193008.rf.pcm_secondary excluded - no frequency metadata
[2026-05-15 13:18:21] [INFO]         [INFO] Epoch p100801_020416.rf.pcm_secondary excluded - no frequency metadata
[2026-05-15 13:18:21] [INFO]         [INFO] Epoch p100802_200744.rf.pcm_secondary excluded - no frequency metadata
[2026-05-15 13:18:21] [INFO]         [INFO] Epoch p100730_173224.rf.pcm_secondary excluded - no frequency metadata
[2026-05-15 13:18:21] [INFO]         [INFO] Epoch p100804_202624.rf.pcm_secondary excluded - no frequency metadata
[2026-05-15 13:18:21] [INFO]         [INFO] Epoch p101109_173616.rf.pcm_secondary excluded - no frequency metadata
[2026-05-15 13:18:21] [INFO]         [INFO] Epoch p101109_180024.rf.pcm_secondary excluded - no frequency metadata
[2026-05-15 13:18:21] [INFO]         [INFO] Epoch p110203_091128.rf.pcm_secondary excluded - no frequency metadata
[2026-05-15 13:18:21] [INFO]         [INFO] Epoch p100801_215336.rf.pcm_secondary excluded - no frequency metadata
[2026-05-15 13:18:21] [INFO]         [INFO] Epoch p110203_122424.rf.pcm_secondary excluded - no frequency metadata
[2026-05-15 13:18:21] [INFO]         [INFO] Epoch p110203_102944.rf.pcm_secondary excluded - no frequency metadata
[2026-05-15 13:18:21] [INFO]         [INFO] Epoch p110203_124856.rf.pcm_secondary excluded - no frequency metadata
[2026-05-15 13:18:21] [INFO]         [INFO] Epoch p110203_140152.rf.pcm_secondary excluded - no frequency metadata
[2026-05-15 13:18:21] [INFO]         [INFO] Epoch p101109_182128.rf.pcm_secondary excluded - no frequency metadata
[2026-05-15 13:18:21] [INFO]         [INFO] Epoch p110203_084656.rf.pcm_secondary excluded - no frequency metadata
[2026-05-15 13:18:21] [INFO]         [INFO] Epoch p110204_105912.rf.pcm_secondary excluded - no frequency metadata
[2026-05-15 13:18:21] [INFO]         [INFO] Epoch p101221_153320.rf.pcm_secondary excluded - no frequency metadata
[2026-05-15 13:18:21] [INFO]         [INFO] Epoch p110204_095040.rf.pcm_secondary excluded - no frequency metadata
[2026-05-15 13:18:21] [INFO]         [INFO] Epoch p110204_124256.rf.pcm_secondary excluded - no frequency metadata
[2026-05-15 13:18:21] [INFO]         [INFO] Epoch p110207_102608.rf.pcm_secondary excluded - no frequency metadata
[2026-05-15 13:18:21] [INFO]         [INFO] Epoch p110411_031032.rf.pcm_secondary excluded - no frequency metadata
[2026-05-15 13:18:21] [INFO]         [INFO] Epoch p110203_131312.rf.pcm_secondary excluded - no frequency metadata
[2026-05-15 13:18:21] [INFO]         [INFO] Epoch p110411_045000.rf.pcm_secondary excluded - no frequency metadata
[2026-05-15 13:18:21] [INFO]         [INFO] Epoch p110411_012928.rf.pcm_secondary excluded - no frequency metadata
[2026-05-15 13:18:21] [INFO]         [INFO] Epoch p100804_205720.rf.pcm_secondary excluded - no frequency metadata
[2026-05-15 13:18:21] [INFO]         [INFO] Epoch p110411_061416.rf.pcm_secondary excluded - no frequency metadata
[2026-05-15 13:18:21] [INFO]         [INFO] Epoch p101109_134112.rf.pcm_secondary excluded - no frequency metadata
[2026-05-15 13:18:21] [INFO]         [INFO] Epoch p110203_114736.rf.pcm_secondary excluded - no frequency metadata
[2026-05-15 13:18:21] [INFO]         [INFO] Epoch p110203_082136.rf.pcm_secondary excluded - no frequency metadata
[2026-05-15 13:18:21] [INFO]         [INFO] Epoch p110204_121144.rf.pcm_secondary excluded - no frequency metadata
[2026-05-15 13:18:21] [INFO]         [INFO] Epoch p110613_045912.rf.pcm_secondary excluded - no frequency metadata
[2026-05-15 13:18:21] [INFO]         [INFO] Epoch p110411_001632.rf.pcm_secondary excluded - no frequency metadata
[2026-05-15 13:18:21] [INFO]         [INFO] Epoch p110613_051832.rf.pcm_secondary excluded - no frequency metadata
[2026-05-15 13:18:21] [INFO]         [INFO] Epoch p110203_133736.rf.pcm_secondary excluded - no frequency metadata
[2026-05-15 13:18:21] [INFO]         [INFO] Epoch p110411_075832.rf.pcm_secondary excluded - no frequency metadata
[2026-05-15 13:18:21] [INFO]         [INFO] Epoch p110613_040056.rf.pcm_secondary excluded - no frequency metadata
[2026-05-15 13:18:21] [INFO]         [INFO] Epoch p110613_053824.rf.pcm_secondary excluded - no frequency metadata
[2026-05-15 13:18:21] [INFO]         [INFO] Epoch p110802_023752.rf.pcm_secondary excluded - no frequency metadata
[2026-05-15 13:18:21] [INFO]         [INFO] Epoch p110712_042536.rf.pcm_secondary excluded - no frequency metadata
[2026-05-15 13:18:21] [INFO]         [INFO] Epoch p110411_042216.rf.pcm_secondary excluded - no frequency metadata
[2026-05-15 13:18:21] [INFO]         [INFO] Epoch p110924_183456.rf.pcm_secondary excluded - no frequency metadata
[2026-05-15 13:18:21] [INFO]         [INFO] Epoch p110710_210504.rf.pcm_secondary excluded - no frequency metadata
[2026-05-15 13:18:21] [INFO]         [INFO] Epoch p110207_105048.rf.pcm_secondary excluded - no frequency metadata
[2026-05-15 13:18:21] [INFO]         [INFO] Epoch p110411_090832.rf.pcm_secondary excluded - no frequency metadata
[2026-05-15 13:18:21] [INFO]         [INFO] Epoch p110731_181840.rf.pcm_secondary excluded - no frequency metadata
[2026-05-15 13:18:21] [INFO]         [INFO] Epoch p120115_080624.rf.pcm_secondary excluded - no frequency metadata
[2026-05-15 13:18:21] [INFO]         [INFO] Epoch p120302_053224.rf.pcm_secondary excluded - no frequency metadata
[2026-05-15 13:18:21] [INFO]         [INFO] Epoch p110709_225008.rf.pcm_secondary excluded - no frequency metadata
[2026-05-15 13:18:21] [INFO]         [INFO] Epoch p111015_115512.rf.pcm_secondary excluded - no frequency metadata
[2026-05-15 13:18:21] [INFO]         [INFO] Epoch p120615_010312.rf.pcm_secondary excluded - no frequency metadata
[2026-05-15 13:18:21] [INFO]         [INFO] Epoch p120615_053424.rf.pcm_secondary excluded - no frequency metadata
[2026-05-15 13:18:21] [INFO]         [INFO] Epoch p120120_065824.rf.pcm_secondary excluded - no frequency metadata
[2026-05-15 13:18:21] [INFO]         [INFO] Epoch p120319_052152.rf.pcm_secondary excluded - no frequency metadata
[2026-05-15 13:18:21] [INFO]         [INFO] Epoch p120105_141120.rf.pcm_secondary excluded - no frequency metadata
[2026-05-15 13:18:21] [INFO]         [INFO] Epoch p110912_165440.rf.pcm_secondary excluded - no frequency metadata
[2026-05-15 13:18:21] [INFO]         [INFO] Epoch p111220_165000.rf.pcm_secondary excluded - no frequency metadata
[2026-05-15 13:18:21] [INFO]         [INFO] Epoch p120617_010136.rf.pcm_secondary excluded - no frequency metadata
[2026-05-15 13:18:21] [INFO]         [INFO] Epoch p111220_121536.rf.pcm_secondary excluded - no frequency metadata
[2026-05-15 13:18:21] [INFO]         [INFO] Epoch p121020_205600.rf.pcm_secondary excluded - no frequency metadata
[2026-05-15 13:18:21] [INFO]         [INFO] Epoch p121023_141416.rf.pcm_secondary excluded - no frequency metadata
[2026-05-15 13:18:21] [INFO]         [INFO] Epoch p121020_140952.rf.pcm_secondary excluded - no frequency metadata
[2026-05-15 13:18:21] [INFO]         [INFO] Epoch p121020_150752.rf.pcm_secondary excluded - no frequency metadata
[2026-05-15 13:18:21] [INFO]         [INFO] Epoch p121020_185952.rf.pcm_secondary excluded - no frequency metadata
[2026-05-15 13:18:21] [INFO]         [INFO] Epoch p121221_113032.rf.pcm_secondary excluded - no frequency metadata
[2026-05-15 13:18:21] [INFO]         [INFO] Epoch p120502_231216.rf.pcm_secondary excluded - no frequency metadata
[2026-05-15 13:18:21] [INFO]         [INFO] Epoch p121020_201720.rf.pcm_secondary excluded - no frequency metadata
[2026-05-15 13:18:21] [INFO]         [INFO] Epoch p121020_180120.rf.pcm_secondary excluded - no frequency metadata
[2026-05-15 13:18:21] [INFO]         [INFO] Epoch p121020_144832.rf.pcm_secondary excluded - no frequency metadata
[2026-05-15 13:18:21] [INFO]         [INFO] Epoch p121020_174200.rf.pcm_secondary excluded - no frequency metadata
[2026-05-15 13:18:21] [INFO]         [INFO] Epoch p121020_172240.rf.pcm_secondary excluded - no frequency metadata
[2026-05-15 13:18:21] [INFO]         [INFO] Epoch p130411_012448.rf.pcm_secondary excluded - no frequency metadata
[2026-05-15 13:18:21] [INFO]         [INFO] Epoch p120707_003216.rf.pcm_secondary excluded - no frequency metadata
[2026-05-15 13:18:21] [INFO]         [INFO] Epoch p130411_020248.rf.pcm_secondary excluded - no frequency metadata
[2026-05-15 13:18:21] [INFO]         [INFO] Epoch p130113_111040.rf.pcm_secondary excluded - no frequency metadata
[2026-05-15 13:18:21] [INFO]         [INFO] Epoch p130411_034800.rf.pcm_secondary excluded - no frequency metadata
[2026-05-15 13:18:21] [INFO]         [INFO] Epoch p130411_042920.rf.pcm_secondary excluded - no frequency metadata
[2026-05-15 13:18:21] [INFO]         [INFO] Epoch p130411_053320.rf.pcm_secondary excluded - no frequency metadata
[2026-05-15 13:18:21] [INFO]         [INFO] Epoch p130411_050808.rf.pcm_secondary excluded - no frequency metadata
[2026-05-15 13:18:21] [INFO]         [INFO] Epoch p130411_052048.rf.pcm_secondary excluded - no frequency metadata
[2026-05-15 13:18:21] [INFO]         [INFO] Epoch p130411_062320.rf.pcm_secondary excluded - no frequency metadata
[2026-05-15 13:18:21] [INFO]         [INFO] Epoch p130430_061144.rf.pcm_secondary excluded - no frequency metadata
[2026-05-15 13:18:21] [INFO]         [INFO] Epoch p130414_050736.rf.pcm_secondary excluded - no frequency metadata
[2026-05-15 13:18:21] [INFO]         [INFO] Epoch p130411_073824.rf.pcm_secondary excluded - no frequency metadata
[2026-05-15 13:18:21] [INFO]         [INFO] Epoch p130414_045504.rf.pcm_secondary excluded - no frequency metadata
[2026-05-15 13:18:21] [INFO]         [INFO] Epoch p130926_134744.rf.pcm_secondary excluded - no frequency metadata
[2026-05-15 13:18:21] [INFO]         [INFO] Epoch p130824_183544.rf.pcm_secondary excluded - no frequency metadata
[2026-05-15 13:18:21] [INFO]         [INFO] Epoch p130926_170512.rf.pcm_secondary excluded - no frequency metadata
[2026-05-15 13:18:21] [INFO]         [INFO] Epoch p130620_231024.rf.pcm_secondary excluded - no frequency metadata
[2026-05-15 13:18:21] [INFO]         [INFO] Epoch p130825_001048.rf.pcm_secondary excluded - no frequency metadata
[2026-05-15 13:18:21] [INFO]         [INFO] Epoch p130926_201512.rf.pcm_secondary excluded - no frequency metadata
[2026-05-15 13:18:21] [INFO]         [INFO] Epoch p130512_060632.rf.pcm_secondary excluded - no frequency metadata
[2026-05-15 13:18:21] [INFO]         [INFO] Epoch p110616_072840.rf.pcm_secondary excluded - no frequency metadata
[2026-05-15 13:18:21] [INFO]         [INFO] Epoch p130926_162632.rf.pcm_secondary excluded - no frequency metadata
[2026-05-15 13:18:21] [INFO]         [INFO] Epoch p130926_144712.rf.pcm_secondary excluded - no frequency metadata
[2026-05-15 13:18:21] [INFO]         [INFO] Epoch p130926_205352.rf.pcm_secondary excluded - no frequency metadata
[2026-05-15 13:18:21] [INFO]         [INFO] Epoch p130926_195552.rf.pcm_secondary excluded - no frequency metadata
[2026-05-15 13:18:21] [INFO]         [INFO] Epoch p130926_154640.rf.pcm_secondary excluded - no frequency metadata
[2026-05-15 13:18:21] [INFO]         [INFO] Epoch p130926_182240.rf.pcm_secondary excluded - no frequency metadata
[2026-05-15 13:18:21] [INFO]         [INFO] Epoch p130926_211320.rf.pcm_secondary excluded - no frequency metadata
[2026-05-15 13:18:21] [INFO]         [INFO] Epoch p130926_180320.rf.pcm_secondary excluded - no frequency metadata
[2026-05-15 13:18:21] [INFO]         [INFO] Epoch p140131_091544.rf.pcm_secondary excluded - no frequency metadata
[2026-05-15 13:18:21] [INFO]         [INFO] Epoch p140109_094832.rf.pcm_secondary excluded - no frequency metadata
[2026-05-15 13:18:21] [INFO]         [INFO] Epoch p140405_051248.rf.pcm_secondary excluded - no frequency metadata
[2026-05-15 13:18:21] [INFO]         [INFO] Epoch p130711_232848.rf.pcm_secondary excluded - no frequency metadata
[2026-05-15 13:18:21] [INFO]         [INFO] Epoch p140324_023232.rf.pcm_secondary excluded - no frequency metadata
[2026-05-15 13:18:21] [INFO]         [INFO] Epoch p130926_213240.rf.pcm_secondary excluded - no frequency metadata
[2026-05-15 13:18:21] [INFO]         [INFO] Epoch p140415_093848.rf.pcm_secondary excluded - no frequency metadata
[2026-05-15 13:18:21] [INFO]         [INFO] Epoch p130926_230952.rf.pcm_secondary excluded - no frequency metadata
[2026-05-15 13:18:21] [INFO]         [INFO] Epoch p140426_022400.rf.pcm_secondary excluded - no frequency metadata
[2026-05-15 13:18:21] [INFO]         [INFO] Epoch p130126_092056.rf.pcm_secondary excluded - no frequency metadata
[2026-05-15 13:18:21] [INFO]         [INFO] Epoch p140421_042016.rf.pcm_secondary excluded - no frequency metadata
[2026-05-15 13:18:21] [INFO]         [INFO] Epoch p140620_041328.rf.pcm_secondary excluded - no frequency metadata
[2026-05-15 13:18:21] [INFO]         [INFO] Epoch p140605_211504.rf.pcm_secondary excluded - no frequency metadata
[2026-05-15 13:18:21] [INFO]         [INFO] Epoch p140415_101808.rf.pcm_secondary excluded - no frequency metadata
[2026-05-15 13:18:21] [INFO]         [INFO] Epoch p140415_091904.rf.pcm_secondary excluded - no frequency metadata
[2026-05-15 13:18:21] [INFO]         [INFO] Epoch p140714_202920.rf.pcm_secondary excluded - no frequency metadata
[2026-05-15 13:18:21] [INFO]         [INFO] Epoch p140415_083952.rf.pcm_secondary excluded - no frequency metadata
[2026-05-15 13:18:21] [INFO]         [INFO] Epoch p140421_031128.rf.pcm_secondary excluded - no frequency metadata
[2026-05-15 13:18:21] [INFO]         [INFO] Epoch p140520_033136.rf.pcm_secondary excluded - no frequency metadata
[2026-05-15 13:18:21] [INFO]         [INFO] Epoch p140324_082328.rf.pcm_secondary excluded - no frequency metadata
[2026-05-15 13:18:21] [INFO]         [INFO] Epoch p140519_054448.rf.pcm_secondary excluded - no frequency metadata
[2026-05-15 13:18:21] [INFO]         [INFO] Epoch p140415_071232.rf.pcm_secondary excluded - no frequency metadata
[2026-05-15 13:18:21] [INFO]         [INFO] Epoch p140621_045048.rf.pcm_secondary excluded - no frequency metadata
[2026-05-15 13:18:21] [INFO]         [INFO] Epoch p141016_185048.rf.pcm_secondary excluded - no frequency metadata
[2026-05-15 13:18:21] [INFO]         [INFO] Epoch p141201_101648.rf.pcm_secondary excluded - no frequency metadata
[2026-05-15 13:18:21] [INFO]         [INFO] Epoch p141014_141424.rf.pcm_secondary excluded - no frequency metadata
[2026-05-15 13:18:21] [INFO]         [INFO] Epoch p141010_211344.rf.pcm_secondary excluded - no frequency metadata
[2026-05-15 13:18:21] [INFO]         [INFO] Epoch p131128_113904.rf.pcm_secondary excluded - no frequency metadata
[2026-05-15 13:18:21] [INFO]         [INFO] Epoch p150417_021400.rf.pcm_secondary excluded - no frequency metadata
[2026-05-15 13:18:21] [INFO]         [INFO] Epoch p150309_060112.rf.pcm_secondary excluded - no frequency metadata
[2026-05-15 13:18:21] [INFO]         [INFO] Epoch p150615_000456.rf.pcm_secondary excluded - no frequency metadata
[2026-05-15 13:18:21] [INFO]         [INFO] Epoch p150829_010832.rf.pcm_secondary excluded - no frequency metadata
[2026-05-15 13:18:21] [INFO]         [INFO] Epoch p150202_093624.rf.pcm_secondary excluded - no frequency metadata
[2026-05-15 13:18:21] [INFO]         [INFO] Epoch p151006_193352.rf.pcm_secondary excluded - no frequency metadata
[2026-05-15 13:18:21] [INFO]         [INFO] Epoch p150722_221520.rf.pcm_secondary excluded - no frequency metadata
[2026-05-15 13:18:21] [INFO]         [INFO] Epoch p150720_214952.rf.pcm_secondary excluded - no frequency metadata
[2026-05-15 13:18:21] [INFO]         [INFO] Epoch p140926_162136.rf.pcm_secondary excluded - no frequency metadata
[2026-05-15 13:18:21] [INFO]         [INFO] Epoch p150721_184744.rf.pcm_secondary excluded - no frequency metadata
[2026-05-15 13:18:21] [INFO]         [INFO] Epoch p151028_224800.rf.pcm_secondary excluded - no frequency metadata
[2026-05-15 13:18:21] [INFO]         [INFO] Epoch p160129_133840.rf.pcm_secondary excluded - no frequency metadata
[2026-05-15 13:18:21] [INFO]         [INFO] Epoch p151006_204552.rf.pcm_secondary excluded - no frequency metadata
[2026-05-15 13:18:21] [INFO]         [INFO] Epoch p160220_075112.rf.pcm_secondary excluded - no frequency metadata
[2026-05-15 13:18:21] [INFO]         [INFO] Epoch p160223_092944.rf.pcm_secondary excluded - no frequency metadata
[2026-05-15 13:18:21] [INFO]         [INFO] Epoch p151221_101840.rf.pcm_secondary excluded - no frequency metadata
[2026-05-15 13:18:21] [INFO]         [INFO] Epoch p160506_001544.rf.pcm_secondary excluded - no frequency metadata
[2026-05-15 13:18:21] [INFO]         [INFO] Epoch p151120_134824.rf.pcm_secondary excluded - no frequency metadata
[2026-05-15 13:18:21] [INFO]         [INFO] Epoch p160307_070832.rf.pcm_secondary excluded - no frequency metadata
[2026-05-15 13:18:21] [INFO]         [INFO] Epoch p160417_021112.rf.pcm_secondary excluded - no frequency metadata
[2026-05-15 13:18:21] [INFO]         [INFO] Epoch p141128_125832.rf.pcm_secondary excluded - no frequency metadata
[2026-05-15 13:18:21] [INFO]         [INFO] Epoch p160110_091008.rf.pcm_secondary excluded - no frequency metadata
[2026-05-15 13:18:21] [INFO]         [INFO] Epoch p160701_224344.rf.pcm_secondary excluded - no frequency metadata
[2026-05-15 13:18:21] [INFO]         [INFO] Epoch p160515_004032.rf.pcm_secondary excluded - no frequency metadata
[2026-05-15 13:18:21] [INFO]         [INFO] Epoch p160711_002744.rf.pcm_secondary excluded - no frequency metadata
[2026-05-15 13:18:21] [INFO]         [INFO] Epoch p160319_051024.rf.pcm_secondary excluded - no frequency metadata
[2026-05-15 13:18:21] [INFO]         [INFO] Epoch p160505_031800.rf.pcm_secondary excluded - no frequency metadata
[2026-05-15 13:18:21] [INFO]         [INFO] Epoch p160223_074216.rf.pcm_secondary excluded - no frequency metadata
[2026-05-15 13:18:21] [INFO]         [INFO] Epoch p160726_203544.rf.pcm_secondary excluded - no frequency metadata
[2026-05-15 13:18:21] [INFO]         [INFO] Epoch p160812_181904.rf.pcm_secondary excluded - no frequency metadata
[2026-05-15 13:18:21] [INFO]         [INFO] Epoch p160506_014040.rf.pcm_secondary excluded - no frequency metadata
[2026-05-15 13:18:21] [INFO]         [INFO] Epoch p161215_093648.rf.pcm_secondary excluded - no frequency metadata
[2026-05-15 13:18:21] [INFO]         [INFO] Epoch p160507_015432.rf.pcm_secondary excluded - no frequency metadata
[2026-05-15 13:18:21] [INFO]         [INFO] Epoch p150519_053712.rf.pcm_secondary excluded - no frequency metadata
[2026-05-15 13:18:21] [INFO]         [INFO] Epoch p160815_010704.rf.pcm_secondary excluded - no frequency metadata
[2026-05-15 13:18:21] [INFO]         [INFO] Epoch p150830_173904.rf.pcm_secondary excluded - no frequency metadata
[2026-05-15 13:18:21] [INFO]         [INFO] Epoch p161215_081024.rf.pcm_secondary excluded - no frequency metadata
[2026-05-15 13:18:21] [INFO]         [INFO] Epoch p151109_193128.rf.pcm_secondary excluded - no frequency metadata
[2026-05-15 13:18:21] [INFO]         [INFO] Epoch p160624_005744.rf.pcm_secondary excluded - no frequency metadata
[2026-05-15 13:18:21] [INFO]         [INFO] Epoch p170403_022400.rf.pcm_secondary excluded - no frequency metadata
[2026-05-15 13:18:21] [INFO]         [INFO] Epoch p170330_011512.rf.pcm_secondary excluded - no frequency metadata
[2026-05-15 13:18:21] [INFO]         [INFO] Epoch p170209_073856.rf.pcm_secondary excluded - no frequency metadata
[2026-05-15 13:18:21] [INFO]         [INFO] Epoch p170211_042744.rf.pcm_secondary excluded - no frequency metadata
[2026-05-15 13:18:21] [INFO]         [INFO] Epoch p170211_053616.rf.pcm_secondary excluded - no frequency metadata
[2026-05-15 13:18:21] [INFO]         [INFO] Epoch p170304_064152.rf.pcm_secondary excluded - no frequency metadata
[2026-05-15 13:18:21] [INFO]         [INFO] Epoch p170304_075400.rf.pcm_secondary excluded - no frequency metadata
[2026-05-15 13:18:21] [INFO]         [INFO] Epoch p170403_014408.rf.pcm_secondary excluded - no frequency metadata
[2026-05-15 13:18:21] [INFO]         [INFO] Epoch p170428_013424.rf.pcm_secondary excluded - no frequency metadata
[2026-05-15 13:18:21] [INFO]         [INFO] Epoch p170324_040328.rf.pcm_secondary excluded - no frequency metadata
[2026-05-15 13:18:21] [INFO]         [INFO] Epoch p170429_023624.rf.pcm_secondary excluded - no frequency metadata
[2026-05-15 13:18:21] [INFO]         [INFO] Epoch p161001_193016.rf.pcm_secondary excluded - no frequency metadata
[2026-05-15 13:18:21] [INFO]         [INFO] Epoch p170415_035152.rf.pcm_secondary excluded - no frequency metadata
[2026-05-15 13:18:21] [INFO]         [INFO] Epoch p170713_210904.rf.pcm_secondary excluded - no frequency metadata
[2026-05-15 13:18:21] [INFO]         [INFO] Epoch p170430_064400.rf.pcm_secondary excluded - no frequency metadata
[2026-05-15 13:18:21] [INFO]         [INFO] Epoch p170403_071344.rf.pcm_secondary excluded - no frequency metadata
[2026-05-15 13:18:21] [INFO]         [INFO] Epoch p170806_023952.rf.pcm_secondary excluded - no frequency metadata
[2026-05-15 13:18:21] [INFO]         [INFO] Epoch p170625_031320.rf.pcm_secondary excluded - no frequency metadata
[2026-05-15 13:18:21] [INFO]         [INFO] Epoch p170430_025720.rf.pcm_secondary excluded - no frequency metadata
[2026-05-15 13:18:21] [INFO]         [INFO] Epoch p171124_112608.rf.pcm_secondary excluded - no frequency metadata
[2026-05-15 13:18:21] [INFO]         [INFO] Epoch p170625_201624.rf.pcm_secondary excluded - no frequency metadata
[2026-05-15 13:18:21] [INFO]         [INFO] Epoch p171125_120536.rf.pcm_secondary excluded - no frequency metadata
[2026-05-15 13:18:21] [INFO]         [INFO] Epoch p170924_161024.rf.pcm_secondary excluded - no frequency metadata
[2026-05-15 13:18:21] [INFO]         [INFO] Epoch p171209_122304.rf.pcm_secondary excluded - no frequency metadata
[2026-05-15 13:18:21] [INFO]         [INFO] Epoch p161205_105824.rf.pcm_secondary excluded - no frequency metadata
[2026-05-15 13:18:21] [INFO]         [INFO] Epoch p180216_043120.rf.pcm_secondary excluded - no frequency metadata
[2026-05-15 13:18:21] [INFO]         [INFO] Epoch p170823_231520.rf.pcm_secondary excluded - no frequency metadata
[2026-05-15 13:18:21] [INFO]         [INFO] Epoch p170330_054536.rf.pcm_secondary excluded - no frequency metadata
[2026-05-15 13:18:21] [INFO]         [INFO] Epoch p170924_195600.rf.pcm_secondary excluded - no frequency metadata
[2026-05-15 13:18:21] [INFO]         [INFO] Epoch p180415_021112.rf.pcm_secondary excluded - no frequency metadata
[2026-05-15 13:18:21] [INFO]         [INFO] Epoch p171218_090952.rf.pcm_secondary excluded - no frequency metadata
[2026-05-15 13:18:21] [INFO]         [INFO] Epoch p180415_030616.rf.pcm_secondary excluded - no frequency metadata
[2026-05-15 13:18:21] [INFO]         [INFO] Epoch p180310_055704.rf.pcm_secondary excluded - no frequency metadata
[2026-05-15 13:18:21] [INFO]         [INFO] Epoch p180309_070824.rf.pcm_secondary excluded - no frequency metadata
[2026-05-15 13:18:21] [INFO]         [INFO] Epoch p170926_223520.rf.pcm_secondary excluded - no frequency metadata
[2026-05-15 13:18:21] [INFO]         [INFO] Epoch p180415_051536.rf.pcm_secondary excluded - no frequency metadata
[2026-05-15 13:18:21] [INFO]         [INFO] Epoch p180415_053352.rf.pcm_secondary excluded - no frequency metadata
[2026-05-15 13:18:21] [INFO]         [INFO] Epoch p171229_093352.rf.pcm_secondary excluded - no frequency metadata
[2026-05-15 13:18:21] [INFO]         [INFO] Epoch p180415_022928.rf.pcm_secondary excluded - no frequency metadata
[2026-05-15 13:18:21] [INFO]         [INFO] Epoch p180415_064720.rf.pcm_secondary excluded - no frequency metadata
[2026-05-15 13:18:21] [INFO]         [INFO] Epoch p170627_042616.rf.pcm_secondary excluded - no frequency metadata
[2026-05-15 13:18:21] [INFO]         [INFO] Epoch p180415_070544.rf.pcm_secondary excluded - no frequency metadata
[2026-05-15 13:18:21] [INFO]         [INFO] Epoch p180415_002112.rf.pcm_secondary excluded - no frequency metadata
[2026-05-15 13:18:21] [INFO]         [INFO] Epoch p180415_015248.rf.pcm_secondary excluded - no frequency metadata
[2026-05-15 13:18:21] [INFO]         [INFO] Epoch p171210_131400.rf.pcm_secondary excluded - no frequency metadata
[2026-05-15 13:18:21] [INFO]         [INFO] Epoch p180415_024752.rf.pcm_secondary excluded - no frequency metadata
[2026-05-15 13:18:21] [INFO]         [INFO] Epoch p180415_043856.rf.pcm_secondary excluded - no frequency metadata
[2026-05-15 13:18:21] [INFO]         [INFO] Epoch p180415_091400.rf.pcm_secondary excluded - no frequency metadata
[2026-05-15 13:18:21] [INFO]         [INFO] Epoch p180415_042016.rf.pcm_secondary excluded - no frequency metadata
[2026-05-15 13:18:21] [INFO]         [INFO] Epoch p180517_064120.rf.pcm_secondary excluded - no frequency metadata
[2026-05-15 13:18:21] [INFO]         [INFO] Epoch p180415_055208.rf.pcm_secondary excluded - no frequency metadata
[2026-05-15 13:18:21] [INFO]         [INFO] Epoch p180522_235120.rf.pcm_secondary excluded - no frequency metadata
[2026-05-15 13:18:21] [INFO]         [INFO] Epoch p180415_062904.rf.pcm_secondary excluded - no frequency metadata
[2026-05-15 13:18:21] [INFO]         [INFO] Epoch p180415_080040.rf.pcm_secondary excluded - no frequency metadata
[2026-05-15 13:18:21] [INFO]         [INFO] Epoch p180415_045712.rf.pcm_secondary excluded - no frequency metadata
[2026-05-15 13:18:21] [INFO]         [INFO] Epoch p180415_081904.rf.pcm_secondary excluded - no frequency metadata
[2026-05-15 13:18:21] [INFO]         [INFO] Epoch p180415_074224.rf.pcm_secondary excluded - no frequency metadata
[2026-05-15 13:18:21] [INFO]         [INFO] Epoch p180415_083720.rf.pcm_secondary excluded - no frequency metadata
[2026-05-15 13:18:21] [INFO]         [INFO] Epoch p180726_212536.rf.pcm_secondary excluded - no frequency metadata
[2026-05-15 13:18:21] [INFO]         [INFO] Epoch p180522_224552.rf.pcm_secondary excluded - no frequency metadata
[2026-05-15 13:18:21] [INFO]         [INFO] Epoch p181122_123256.rf.pcm_secondary excluded - no frequency metadata
[2026-05-15 13:18:21] [INFO]         [INFO] Epoch p180727_211800.rf.pcm_secondary excluded - no frequency metadata
[2026-05-15 13:18:21] [INFO]         [INFO] Epoch p190210_093040.rf.pcm_secondary excluded - no frequency metadata
[2026-05-15 13:18:21] [INFO]         [INFO] Epoch p181226_122504.rf.pcm_secondary excluded - no frequency metadata
[2026-05-15 13:18:21] [INFO]         [INFO] Epoch p180705_003552.rf.pcm_secondary excluded - no frequency metadata
[2026-05-15 13:18:21] [INFO]         [INFO] Epoch p190324_075008.rf.pcm_secondary excluded - no frequency metadata
[2026-05-15 13:18:21] [INFO]         [INFO] Epoch p181120_125904.rf.pcm_secondary excluded - no frequency metadata
[2026-05-15 13:18:21] [INFO]         [INFO] Epoch p180929_225904.rf.pcm_secondary excluded - no frequency metadata
[2026-05-15 13:18:21] [INFO]         [INFO] Epoch p190130_061928.rf.pcm_secondary excluded - no frequency metadata
[2026-05-15 13:18:21] [INFO]         [INFO] Epoch p190411_011632.rf.pcm_secondary excluded - no frequency metadata
[2026-05-15 13:18:21] [INFO]         [INFO] Epoch p181229_094112.rf.pcm_secondary excluded - no frequency metadata
[2026-05-15 13:18:21] [INFO]         [INFO] Epoch p181230_115256.rf.pcm_secondary excluded - no frequency metadata
[2026-05-15 13:18:21] [INFO]         [INFO] Epoch p181201_131504.rf.pcm_secondary excluded - no frequency metadata
[2026-05-15 13:18:21] [INFO]         [INFO] Epoch p190117_100112.rf.pcm_secondary excluded - no frequency metadata
[2026-05-15 13:18:21] [INFO]         [INFO] Epoch p190727_191736.rf.pcm_secondary excluded - no frequency metadata
[2026-05-15 13:18:21] [INFO]         [INFO] Epoch p180327_100024.rf.pcm_secondary excluded - no frequency metadata
[2026-05-15 13:18:21] [INFO]         [INFO] Epoch p190617_212216.rf.pcm_secondary excluded - no frequency metadata
[2026-05-15 13:18:21] [INFO]         [INFO] Epoch p190717_204456.rf.pcm_secondary excluded - no frequency metadata
[2026-05-15 13:18:21] [INFO]         [INFO] Epoch p_sk151006_204552.rf.pcm_secondary excluded - no frequency metadata
[2026-05-15 13:18:21] [INFO]         [INFO] Epoch p190524_062000.rf.pcm_secondary excluded - no frequency metadata
[2026-05-15 13:18:21] [INFO]         [INFO] Epoch p190624_205552.rf.pcm_secondary excluded - no frequency metadata
[2026-05-15 13:18:21] [INFO]         [INFO] Epoch p190520_223952.rf.pcm_secondary excluded - no frequency metadata
[2026-05-15 13:18:21] [INFO]         [INFO] Epoch p180929_215224.rf.pcm_secondary excluded - no frequency metadata
[2026-05-15 13:18:21] [INFO]         [INFO] Epoch p_sk151109_164024.rf.pcm_secondary excluded - no frequency metadata
[2026-05-15 13:18:21] [INFO]         [INFO] Epoch p_sk151120_132216.rf.pcm_secondary excluded - no frequency metadata
[2026-05-15 13:18:21] [INFO]         [INFO] Epoch p_sk160110_091008.rf.pcm_secondary excluded - no frequency metadata
[2026-05-15 13:18:21] [INFO]         [INFO] Epoch p_sk150903_214912.rf.pcm_secondary excluded - no frequency metadata
[2026-05-15 13:18:21] [INFO]         [INFO] Epoch p_sk151211_151656.rf.pcm_secondary excluded - no frequency metadata
[2026-05-15 13:18:21] [INFO]         [INFO] Epoch p_sk160223_074216.rf.pcm_secondary excluded - no frequency metadata
[2026-05-15 13:18:21] [INFO]         [INFO] Epoch p_sk150830_173904.rf.pcm_secondary excluded - no frequency metadata
[2026-05-15 13:18:21] [INFO]         [INFO] Epoch p_sk160319_051024.rf.pcm_secondary excluded - no frequency metadata
[2026-05-15 13:18:21] [INFO]         [INFO] Epoch p_sk151009_161424.rf.pcm_secondary excluded - no frequency metadata
[2026-05-15 13:18:21] [INFO]         [INFO] Epoch p_sk160505_031800.rf.pcm_secondary excluded - no frequency metadata
[2026-05-15 13:18:21] [INFO]         [INFO] Epoch p_sk160316_061944.rf.pcm_secondary excluded - no frequency metadata
[2026-05-15 13:18:21] [INFO]         [INFO] Epoch p_sk160221_040528.rf.pcm_secondary excluded - no frequency metadata
[2026-05-15 13:18:21] [INFO]         [INFO] Epoch p_sk160701_213128.rf.pcm_secondary excluded - no frequency metadata
[2026-05-15 13:18:21] [INFO]         [INFO] Epoch p_sk151028_224800.rf.pcm_secondary excluded - no frequency metadata
[2026-05-15 13:18:21] [INFO]         [INFO] Epoch p_sk161206_115936.rf.pcm_secondary excluded - no frequency metadata
[2026-05-15 13:18:21] [INFO]         [INFO] Epoch p_sk151006_193352.rf.pcm_secondary excluded - no frequency metadata
[2026-05-15 13:18:21] [INFO]         [INFO] Epoch p_sk160515_004032.rf.pcm_secondary excluded - no frequency metadata
[2026-05-15 13:18:21] [INFO]         [INFO] Epoch p_sk170129_083312.rf.pcm_secondary excluded - no frequency metadata
[2026-05-15 13:18:21] [INFO]         [INFO] Epoch p_sk161215_081024.rf.pcm_secondary excluded - no frequency metadata
[2026-05-15 13:18:21] [INFO]         [INFO] Epoch p_sk150202_093624.rf.pcm_secondary excluded - no frequency metadata
[2026-05-15 13:18:21] [INFO]         [INFO] Epoch p_sk170304_064152.rf.pcm_secondary excluded - no frequency metadata
[2026-05-15 13:18:21] [INFO]         [INFO] Epoch p_sk170209_073856.rf.pcm_secondary excluded - no frequency metadata
[2026-05-15 13:18:21] [INFO]         [INFO] Epoch p_sk161205_105824.rf.pcm_secondary excluded - no frequency metadata
[2026-05-15 13:18:21] [INFO]         [INFO] Epoch p_sk160624_005744.rf.pcm_secondary excluded - no frequency metadata
[2026-05-15 13:18:21] [INFO]         [INFO] Epoch p_sk170330_011512.rf.pcm_secondary excluded - no frequency metadata
[2026-05-15 13:18:21] [INFO]         [INFO] Epoch p_sk161215_093648.rf.pcm_secondary excluded - no frequency metadata
[2026-05-15 13:18:21] [INFO]         [INFO] Epoch p_sk170105_102520.rf.pcm_secondary excluded - no frequency metadata
[2026-05-15 13:18:21] [INFO]         [INFO] Epoch p_sk170324_054152.rf.pcm_secondary excluded - no frequency metadata
[2026-05-15 13:18:21] [INFO]         [INFO] Epoch p_sk150904_000832.rf.pcm_secondary excluded - no frequency metadata
[2026-05-15 13:18:21] [INFO]         [INFO] Epoch p_sk170330_054536.rf.pcm_secondary excluded - no frequency metadata
[2026-05-15 13:18:21] [INFO]         [INFO] Epoch p_sk170529_045232.rf.pcm_secondary excluded - no frequency metadata
[2026-05-15 13:18:21] [INFO]         [INFO] Epoch p_sk170305_032648.rf.pcm_secondary excluded - no frequency metadata
[2026-05-15 13:18:21] [INFO]         [INFO] Epoch p_sk170210_045920.rf.pcm_secondary excluded - no frequency metadata
[2026-05-15 13:18:21] [INFO]         [INFO] Epoch p_sk170403_014408.rf.pcm_secondary excluded - no frequency metadata
[2026-05-15 13:18:21] [INFO]         [INFO] Epoch p_sk170712_014952.rf.pcm_secondary excluded - no frequency metadata
[2026-05-15 13:18:21] [INFO]         [INFO] Epoch p_sk170806_023952.rf.pcm_secondary excluded - no frequency metadata
[2026-05-15 13:18:21] [INFO]         [INFO] Epoch p_sk170324_040328.rf.pcm_secondary excluded - no frequency metadata
[2026-05-15 13:18:21] [INFO]         [INFO] Epoch p_sk170403_091240.rf.pcm_secondary excluded - no frequency metadata
[2026-05-15 13:18:21] [INFO]         [INFO] Epoch p_sk170625_201624.rf.pcm_secondary excluded - no frequency metadata
[2026-05-15 13:18:21] [INFO]         [INFO] Epoch p_sk170729_204520.rf.pcm_secondary excluded - no frequency metadata
[2026-05-15 13:18:21] [INFO]         [INFO] Epoch p_sk171125_120536.rf.pcm_secondary excluded - no frequency metadata
[2026-05-15 13:18:21] [INFO]         [INFO] Epoch p_sk171016_132848.rf.pcm_secondary excluded - no frequency metadata
[2026-05-15 13:18:21] [INFO]         [INFO] Epoch p_sk171228_093352.rf.pcm_secondary excluded - no frequency metadata
[2026-05-15 13:18:21] [INFO]         [INFO] Epoch p_sk171209_122304.rf.pcm_secondary excluded - no frequency metadata
[2026-05-15 13:18:21] [INFO]         [INFO] Epoch p_sk171210_131400.rf.pcm_secondary excluded - no frequency metadata
[2026-05-15 13:18:21] [INFO]         [INFO] Epoch p_sk171229_105824.rf.pcm_secondary excluded - no frequency metadata
[2026-05-15 13:18:21] [INFO]         [INFO] Epoch p_sk171218_090952.rf.pcm_secondary excluded - no frequency metadata
[2026-05-15 13:18:21] [INFO]         [INFO] Epoch p_sk180112_100824.rf.pcm_secondary excluded - no frequency metadata
[2026-05-15 13:18:21] [INFO]         [INFO] Epoch p_sk170627_042616.rf.pcm_secondary excluded - no frequency metadata
[2026-05-15 13:18:21] [INFO]         [INFO] Epoch p_sk170428_013424.rf.pcm_secondary excluded - no frequency metadata
[2026-05-15 13:18:21] [INFO]         [INFO] Epoch p_sk180114_073112.rf.pcm_secondary excluded - no frequency metadata
[2026-05-15 13:18:21] [INFO]         [INFO] Epoch p_sk180309_070824.rf.pcm_secondary excluded - no frequency metadata
[2026-05-15 13:18:21] [INFO]         [INFO] Epoch p_sk170926_223520.rf.pcm_secondary excluded - no frequency metadata
[2026-05-15 13:18:21] [INFO]         [INFO] Epoch p_sk180415_013432.rf.pcm_secondary excluded - no frequency metadata
[2026-05-15 13:18:21] [INFO]         [INFO] Epoch p_sk171104_130712.rf.pcm_secondary excluded - no frequency metadata
[2026-05-15 13:18:21] [INFO]         [INFO] Epoch p_sk180415_030616.rf.pcm_secondary excluded - no frequency metadata
[2026-05-15 13:18:21] [INFO]         [INFO] Epoch p_sk180415_032440.rf.pcm_secondary excluded - no frequency metadata
[2026-05-15 13:18:21] [INFO]         [INFO] Epoch p_sk171208_095752.rf.pcm_secondary excluded - no frequency metadata
[2026-05-15 13:18:21] [INFO]         [INFO] Epoch p_sk180415_045712.rf.pcm_secondary excluded - no frequency metadata
[2026-05-15 13:18:21] [INFO]         [INFO] Epoch p_sk171229_093352.rf.pcm_secondary excluded - no frequency metadata
[2026-05-15 13:18:21] [INFO]         [INFO] Epoch p_sk180415_005752.rf.pcm_secondary excluded - no frequency metadata
[2026-05-15 13:18:21] [INFO]         [INFO] Epoch p_sk180415_022928.rf.pcm_secondary excluded - no frequency metadata
[2026-05-15 13:18:21] [INFO]         [INFO] Epoch p_sk180415_051536.rf.pcm_secondary excluded - no frequency metadata
[2026-05-15 13:18:21] [INFO]         [INFO] Epoch p_sk180415_055208.rf.pcm_secondary excluded - no frequency metadata
[2026-05-15 13:18:21] [INFO]         [INFO] Epoch p_sk180415_053352.rf.pcm_secondary excluded - no frequency metadata
[2026-05-15 13:18:21] [INFO]         [INFO] Epoch p_sk180415_034312.rf.pcm_secondary excluded - no frequency metadata
[2026-05-15 13:18:21] [INFO]         [INFO] Epoch p_sk180415_042016.rf.pcm_secondary excluded - no frequency metadata
[2026-05-15 13:18:21] [INFO]         [INFO] Epoch p_sk180327_100024.rf.pcm_secondary excluded - no frequency metadata
[2026-05-15 13:18:21] [INFO]         [INFO] Epoch p_sk180415_070544.rf.pcm_secondary excluded - no frequency metadata
[2026-05-15 13:18:21] [INFO]         [INFO] Epoch p_sk180415_080040.rf.pcm_secondary excluded - no frequency metadata
[2026-05-15 13:18:21] [INFO]         [INFO] Epoch p_sk180415_091400.rf.pcm_secondary excluded - no frequency metadata
[2026-05-15 13:18:21] [INFO]         [INFO] Epoch p_sk180415_015248.rf.pcm_secondary excluded - no frequency metadata
[2026-05-15 13:18:21] [INFO]         [INFO] Epoch p_sk180415_024752.rf.pcm_secondary excluded - no frequency metadata
[2026-05-15 13:18:21] [INFO]         [INFO] Epoch p_sk180526_004208.rf.pcm_secondary excluded - no frequency metadata
[2026-05-15 13:18:21] [INFO]         [INFO] Epoch p_sk160812_181904.rf.pcm_secondary excluded - no frequency metadata
[2026-05-15 13:18:21] [INFO]         [INFO] Epoch p_sk180705_003552.rf.pcm_secondary excluded - no frequency metadata
[2026-05-15 13:18:21] [INFO]         [INFO] Epoch p_sk180415_074224.rf.pcm_secondary excluded - no frequency metadata
[2026-05-15 13:18:21] [INFO]         [INFO] Epoch p_sk161113_104848.rf.pcm_secondary excluded - no frequency metadata
[2026-05-15 13:18:21] [INFO]         [INFO] Epoch p_sk180415_064720.rf.pcm_secondary excluded - no frequency metadata
[2026-05-15 13:18:21] [INFO]         [INFO] Epoch p_sk180415_062904.rf.pcm_secondary excluded - no frequency metadata
[2026-05-15 13:18:21] [INFO]         [INFO] Epoch p_sk180415_083720.rf.pcm_secondary excluded - no frequency metadata
[2026-05-15 13:18:21] [INFO]         [INFO] Epoch p_sk181122_123256.rf.pcm_secondary excluded - no frequency metadata
[2026-05-15 13:18:21] [INFO]         [INFO] Epoch p_sk181017_153048.rf.pcm_secondary excluded - no frequency metadata
[2026-05-15 13:18:21] [INFO]         [INFO] Epoch p_sk180415_081904.rf.pcm_secondary excluded - no frequency metadata
[2026-05-15 13:18:21] [INFO]         [INFO] Epoch p_sk180929_215224.rf.pcm_secondary excluded - no frequency metadata
[2026-05-15 13:18:21] [INFO]         [INFO] Epoch p_sk190303_121312.rf.pcm_secondary excluded - no frequency metadata
[2026-05-15 13:18:21] [INFO]         [INFO] Epoch p_sk180727_211800.rf.pcm_secondary excluded - no frequency metadata
[2026-05-15 13:18:21] [INFO]         [INFO] Epoch p_sk181212_141552.rf.pcm_secondary excluded - no frequency metadata
[2026-05-15 13:18:21] [INFO]         [INFO] Epoch p_sk180310_055704.rf.pcm_secondary excluded - no frequency metadata
[2026-05-15 13:18:21] [INFO]         [INFO] Epoch p_sk190324_075008.rf.pcm_secondary excluded - no frequency metadata
[2026-05-15 13:18:21] [INFO]         [INFO] Epoch p_sk181120_125904.rf.pcm_secondary excluded - no frequency metadata
[2026-05-15 13:18:21] [INFO]         [INFO] Epoch p_sk190209_080216.rf.pcm_secondary excluded - no frequency metadata
[2026-05-15 13:18:21] [INFO]         [INFO] Epoch p_sk190429_052448.rf.pcm_secondary excluded - no frequency metadata
[2026-05-15 13:18:21] [INFO]         [INFO] Epoch p_sk180929_225904.rf.pcm_secondary excluded - no frequency metadata
[2026-05-15 13:18:21] [INFO]         [INFO] Epoch p_sk190118_113128.rf.pcm_secondary excluded - no frequency metadata
[2026-05-15 13:18:21] [INFO]         [INFO] Epoch r070416_091556.rf.pcm_secondary excluded - no frequency metadata
[2026-05-15 13:18:21] [INFO]         [INFO] Epoch r070318_075544.rf.pcm_secondary excluded - no frequency metadata
[2026-05-15 13:18:21] [INFO]         [INFO] Epoch p_sk190102_111352.rf.pcm_secondary excluded - no frequency metadata
[2026-05-15 13:18:21] [INFO]         [INFO] Epoch p_sk190316_062656.rf.pcm_secondary excluded - no frequency metadata
[2026-05-15 13:18:21] [INFO]         [INFO] Epoch r070521_062139.rf.pcm_secondary excluded - no frequency metadata
[2026-05-15 13:18:21] [INFO]         [INFO] Epoch p_sk190322_055256.rf.pcm_secondary excluded - no frequency metadata
[2026-05-15 13:18:21] [INFO]         [INFO] Epoch p_sk190411_020240.rf.pcm_secondary excluded - no frequency metadata
[2026-05-15 13:18:21] [INFO]         [INFO] Epoch p_sk180726_212536.rf.pcm_secondary excluded - no frequency metadata
[2026-05-15 13:18:21] [INFO]         [INFO] Epoch r070527_030459.rf.pcm_secondary excluded - no frequency metadata
[2026-05-15 13:18:21] [INFO]         [INFO] Epoch r070524_224038.rf.pcm_secondary excluded - no frequency metadata
[2026-05-15 13:18:21] [INFO]         [INFO] Epoch r070524_231718.rf.pcm_secondary excluded - no frequency metadata
[2026-05-15 13:18:21] [INFO]         [INFO] Epoch r070529_221939.rf.pcm_secondary excluded - no frequency metadata
[2026-05-15 13:18:21] [INFO]         [INFO] Epoch r070528_223029.rf.pcm_secondary excluded - no frequency metadata
[2026-05-15 13:18:21] [INFO]         [INFO] Epoch r071013_175120.rf.pcm_secondary excluded - no frequency metadata
[2026-05-15 13:18:21] [INFO]         [INFO] Epoch r070603_232127.rf.pcm_secondary excluded - no frequency metadata
[2026-05-15 13:18:21] [INFO]         [INFO] Epoch r071107_161614.rf.pcm_secondary excluded - no frequency metadata
[2026-05-15 13:18:21] [INFO]         [INFO] Epoch r071218_131749.rf.pcm_secondary excluded - no frequency metadata
[2026-05-15 13:18:21] [INFO]         [INFO] Epoch r071224_155631.rf.pcm_secondary excluded - no frequency metadata
[2026-05-15 13:18:21] [INFO]         [INFO] Epoch r071003_141909.rf.pcm_secondary excluded - no frequency metadata
[2026-05-15 13:18:21] [INFO]         [INFO] Epoch r071106_194303.rf.pcm_secondary excluded - no frequency metadata
[2026-05-15 13:18:21] [INFO]         [INFO] Epoch r070524_234201.rf.pcm_secondary excluded - no frequency metadata
[2026-05-15 13:18:21] [INFO]         [INFO] Epoch r070602_232426.rf.pcm_secondary excluded - no frequency metadata
[2026-05-15 13:18:21] [INFO]         [INFO] Epoch r070523_035332.rf.pcm_secondary excluded - no frequency metadata
[2026-05-15 13:18:21] [INFO]         [INFO] Epoch r080225_130710.rf.pcm_secondary excluded - no frequency metadata
[2026-05-15 13:18:21] [INFO]         [INFO] Epoch r071008_143319.rf.pcm_secondary excluded - no frequency metadata
[2026-05-15 13:18:21] [INFO]         [INFO] Epoch r080226_075512.rf.pcm_secondary excluded - no frequency metadata
[2026-05-15 13:18:21] [INFO]         [INFO] Epoch r080223_072747.rf.pcm_secondary excluded - no frequency metadata
[2026-05-15 13:18:21] [INFO]         [INFO] Epoch r070527_051939.rf.pcm_secondary excluded - no frequency metadata
[2026-05-15 13:18:21] [INFO]         [INFO] Epoch r080503_031536.rf.pcm_secondary excluded - no frequency metadata
[2026-05-15 13:18:21] [INFO]         [INFO] Epoch r080516_045414.rf.pcm_secondary excluded - no frequency metadata
[2026-05-15 13:18:21] [INFO]         [INFO] Epoch r080515_063214.rf.pcm_secondary excluded - no frequency metadata
[2026-05-15 13:18:21] [INFO]         [INFO] Epoch r080518_011955.rf.pcm_secondary excluded - no frequency metadata
[2026-05-15 13:18:21] [INFO]         [INFO] Epoch r071225_090919.rf.pcm_secondary excluded - no frequency metadata
[2026-05-15 13:18:21] [INFO]         [INFO] Epoch r080519_061219.rf.pcm_secondary excluded - no frequency metadata
[2026-05-15 13:18:21] [INFO]         [INFO] Epoch r071224_170010.rf.pcm_secondary excluded - no frequency metadata
[2026-05-15 13:18:21] [INFO]         [INFO] Epoch r080517_015614.rf.pcm_secondary excluded - no frequency metadata
[2026-05-15 13:18:21] [INFO]         [INFO] Epoch r080614_060150.rf.pcm_secondary excluded - no frequency metadata
[2026-05-15 13:18:21] [INFO]         [INFO] Epoch r071224_103017.rf.pcm_secondary excluded - no frequency metadata
[2026-05-15 13:18:21] [INFO]         [INFO] Epoch r080626_235051.rf.pcm_secondary excluded - no frequency metadata
[2026-05-15 13:18:21] [INFO]         [INFO] Epoch r080101_083548.rf.pcm_secondary excluded - no frequency metadata
[2026-05-15 13:18:21] [INFO]         [INFO] Epoch r100316_052826.rf.pcm_secondary excluded - no frequency metadata
[2026-05-15 13:18:21] [INFO]         [INFO] Epoch r091112_104420.rf.pcm_secondary excluded - no frequency metadata
[2026-05-15 13:18:21] [INFO]         [INFO] Epoch r090521_042440.rf.pcm_secondary excluded - no frequency metadata
[2026-05-15 13:18:21] [INFO]         [INFO] Epoch r2006-10-04-13:46:16.rf.pcm_secondary excluded - no frequency metadata
[2026-05-15 13:18:21] [INFO]         [INFO] Epoch r2006-10-05-14:52:30.rf.pcm_secondary excluded - no frequency metadata
[2026-05-15 13:18:21] [INFO]         [INFO] Epoch r080224_073858.rf.pcm_secondary excluded - no frequency metadata
[2026-05-15 13:18:21] [INFO]         [INFO] Epoch s080502_050130.rf.pcm_secondary excluded - no frequency metadata
[2026-05-15 13:18:21] [INFO]         [INFO] Epoch s080524_064355.rf.pcm_secondary excluded - no frequency metadata
[2026-05-15 13:18:21] [INFO]         [INFO] Epoch r100109_065443.rf.pcm_secondary excluded - no frequency metadata
[2026-05-15 13:18:21] [INFO]         [INFO] Epoch r080502_050131.rf.pcm_secondary excluded - no frequency metadata
[2026-05-15 13:18:21] [INFO]         [INFO] Epoch r100204_090716.rf.pcm_secondary excluded - no frequency metadata
[2026-05-15 13:18:21] [INFO]         [INFO] Epoch r080515_041335.rf.pcm_secondary excluded - no frequency metadata
[2026-05-15 13:18:21] [INFO]         [INFO] Epoch r080512_022154.rf.pcm_secondary excluded - no frequency metadata
[2026-05-15 13:18:21] [INFO]         [INFO] Epoch r100423_065754.rf.pcm_secondary excluded - no frequency metadata
[2026-05-15 13:18:21] [INFO]         [INFO] Epoch s080812_235700.rf.pcm_secondary excluded - no frequency metadata
[2026-05-15 13:18:21] [INFO]         [INFO] Epoch s080707_214942.rf.pcm_secondary excluded - no frequency metadata
[2026-05-15 13:18:21] [INFO]         [INFO] Epoch s080714_015650.rf.pcm_secondary excluded - no frequency metadata
[2026-05-15 13:18:21] [INFO]         [INFO] Epoch s080728_223659.rf.pcm_secondary excluded - no frequency metadata
[2026-05-15 13:18:21] [INFO]         [INFO] Epoch s080908_205614.rf.pcm_secondary excluded - no frequency metadata
[2026-05-15 13:18:21] [INFO]         [INFO] Epoch s080708_225801.rf.pcm_secondary excluded - no frequency metadata
[2026-05-15 13:18:21] [INFO]         [INFO] Epoch s081012_130414.rf.pcm_secondary excluded - no frequency metadata
[2026-05-15 13:18:21] [INFO]         [INFO] Epoch s080902_173414.rf.pcm_secondary excluded - no frequency metadata
[2026-05-15 13:18:21] [INFO]         [INFO] Epoch s080907_150254.rf.pcm_secondary excluded - no frequency metadata
[2026-05-15 13:18:21] [INFO]         [INFO] Epoch s081018_154639.rf.pcm_secondary excluded - no frequency metadata
[2026-05-15 13:18:21] [INFO]         [INFO] Epoch s081024_162714.rf.pcm_secondary excluded - no frequency metadata
[2026-05-15 13:18:21] [INFO]         [INFO] Epoch s081012_200659.rf.pcm_secondary excluded - no frequency metadata
[2026-05-15 13:18:21] [INFO]         [INFO] Epoch s080708_011540.rf.pcm_secondary excluded - no frequency metadata
[2026-05-15 13:18:21] [INFO]         [INFO] Epoch s081012_202019.rf.pcm_secondary excluded - no frequency metadata
[2026-05-15 13:18:21] [INFO]         [INFO] Epoch s080907_172934.rf.pcm_secondary excluded - no frequency metadata
[2026-05-15 13:18:21] [INFO]         [INFO] Epoch s081222_085556.rf.pcm_secondary excluded - no frequency metadata
[2026-05-15 13:18:21] [INFO]         [INFO] Epoch s081222_171741.rf.pcm_secondary excluded - no frequency metadata
[2026-05-15 13:18:21] [INFO]         [INFO] Epoch s080712_041101.rf.pcm_secondary excluded - no frequency metadata
[2026-05-15 13:18:21] [INFO]         [INFO] Epoch s080908_160556.rf.pcm_secondary excluded - no frequency metadata
[2026-05-15 13:18:21] [INFO]         [INFO] Epoch s090415_005520.rf.pcm_secondary excluded - no frequency metadata
[2026-05-15 13:18:21] [INFO]         [INFO] Epoch s080906_200805.rf.pcm_secondary excluded - no frequency metadata
[2026-05-15 13:18:21] [INFO]         [INFO] Epoch s081226_123434.rf.pcm_secondary excluded - no frequency metadata
[2026-05-15 13:18:21] [INFO]         [INFO] Epoch s081227_151114.rf.pcm_secondary excluded - no frequency metadata
[2026-05-15 13:18:21] [INFO]         [INFO] Epoch s081225_131517.rf.pcm_secondary excluded - no frequency metadata
[2026-05-15 13:18:21] [INFO]         [INFO] Epoch s090810_165510.rf.pcm_secondary excluded - no frequency metadata
[2026-05-15 13:18:21] [INFO]         [INFO] Epoch s090722_051957.rf.pcm_secondary excluded - no frequency metadata
[2026-05-15 13:18:21] [INFO]         [INFO] Epoch s090729_203439.rf.pcm_secondary excluded - no frequency metadata
[2026-05-15 13:18:21] [INFO]         [INFO] Epoch s090729_214619.rf.pcm_secondary excluded - no frequency metadata
[2026-05-15 13:18:21] [INFO]         [INFO] Epoch s090601_025059.rf.pcm_secondary excluded - no frequency metadata
[2026-05-15 13:18:21] [INFO]         [INFO] Epoch s090901_004500.rf.pcm_secondary excluded - no frequency metadata
[2026-05-15 13:18:21] [INFO]         [INFO] Epoch s081223_090137.rf.pcm_secondary excluded - no frequency metadata
[2026-05-15 13:18:21] [INFO]         [INFO] Epoch s090831_224100.rf.pcm_secondary excluded - no frequency metadata
[2026-05-15 13:18:21] [INFO]         [INFO] Epoch s090810_175700.rf.pcm_secondary excluded - no frequency metadata
[2026-05-15 13:18:21] [INFO]         [INFO] Epoch s091004_175420.rf.pcm_secondary excluded - no frequency metadata
[2026-05-15 13:18:21] [INFO]         [INFO] Epoch s091009_141239.rf.pcm_secondary excluded - no frequency metadata
[2026-05-15 13:18:21] [INFO]         [INFO] Epoch s080709_222022.rf.pcm_secondary excluded - no frequency metadata
[2026-05-15 13:18:21] [INFO]         [INFO] Epoch s091029_195926.rf.pcm_secondary excluded - no frequency metadata
[2026-05-15 13:18:21] [INFO]         [INFO] Epoch s091219_113229.rf.pcm_secondary excluded - no frequency metadata
[2026-05-15 13:18:21] [INFO]         [INFO] Epoch s090420_020128.rf.pcm_secondary excluded - no frequency metadata
[2026-05-15 13:18:21] [INFO]         [INFO] Epoch s091221_093037.rf.pcm_secondary excluded - no frequency metadata
[2026-05-15 13:18:21] [INFO]         [INFO] Epoch s091223_100759.rf.pcm_secondary excluded - no frequency metadata
[2026-05-15 13:18:21] [INFO]         [INFO] Epoch s090418_001850.rf.pcm_secondary excluded - no frequency metadata
[2026-05-15 13:18:21] [INFO]         [INFO] Epoch s100204_090709.rf.pcm_secondary excluded - no frequency metadata
[2026-05-15 13:18:21] [INFO]         [INFO] Epoch s100131_065033.rf.pcm_secondary excluded - no frequency metadata
[2026-05-15 13:18:21] [INFO]         [INFO] Epoch s100212_100228.rf.pcm_secondary excluded - no frequency metadata
[2026-05-15 13:18:21] [INFO]         [INFO] Epoch s100105_103527.rf.pcm_secondary excluded - no frequency metadata
[2026-05-15 13:18:21] [INFO]         [INFO] Epoch s100215_092128.rf.pcm_secondary excluded - no frequency metadata
[2026-05-15 13:18:21] [INFO]         [INFO] Epoch s090521_042440.rf.pcm_secondary excluded - no frequency metadata
[2026-05-15 13:18:21] [INFO]         [INFO] Epoch s100217_085309.rf.pcm_secondary excluded - no frequency metadata
[2026-05-15 13:18:21] [INFO]         [INFO] Epoch s100222_054211.rf.pcm_secondary excluded - no frequency metadata
[2026-05-15 13:18:21] [INFO]         [INFO] Epoch s100211_042416.rf.pcm_secondary excluded - no frequency metadata
[2026-05-15 13:18:21] [INFO]         [INFO] Epoch s081227_135735.rf.pcm_secondary excluded - no frequency metadata
[2026-05-15 13:18:21] [INFO]         [INFO] Epoch s100212_055437.rf.pcm_secondary excluded - no frequency metadata
[2026-05-15 13:18:21] [INFO]         [INFO] Epoch s100217_063619.rf.pcm_secondary excluded - no frequency metadata
[2026-05-15 13:18:21] [INFO]         [INFO] Epoch s090827_205657.rf.pcm_secondary excluded - no frequency metadata
[2026-05-15 13:18:21] [INFO]         [INFO] Epoch s100602_215745.rf.pcm_secondary excluded - no frequency metadata
[2026-05-15 13:18:21] [INFO]         [INFO] Epoch s091224_104627.rf.pcm_secondary excluded - no frequency metadata
[2026-05-15 13:18:21] [INFO]         [INFO] Epoch s100317_023929.rf.pcm_secondary excluded - no frequency metadata
[2026-05-15 13:18:21] [INFO]         [INFO] Epoch s100803_180926.rf.pcm_secondary excluded - no frequency metadata
[2026-05-15 13:18:21] [INFO]         [INFO] Epoch s100930_205730.rf.pcm_secondary excluded - no frequency metadata
[2026-05-15 13:18:21] [INFO]         [INFO] Epoch s100414_052947.rf.pcm_secondary excluded - no frequency metadata
[2026-05-15 13:18:21] [INFO]         [INFO] Epoch s101219_160619.rf.pcm_secondary excluded - no frequency metadata
[2026-05-15 13:18:21] [INFO]         [INFO] Epoch s101103_163646.rf.pcm_secondary excluded - no frequency metadata
[2026-05-15 13:18:21] [INFO]         [INFO] Epoch s101102_191622.rf.pcm_secondary excluded - no frequency metadata
[2026-05-15 13:18:21] [INFO]         [INFO] Epoch s100930_212039.rf.pcm_secondary excluded - no frequency metadata
[2026-05-15 13:18:21] [INFO]         [INFO] Epoch s101223_133927.rf.pcm_secondary excluded - no frequency metadata
[2026-05-15 13:18:21] [INFO]         [INFO] Epoch s101023_190838.rf.pcm_secondary excluded - no frequency metadata
[2026-05-15 13:18:21] [INFO]         [INFO] Epoch s110120_113759.rf.pcm_secondary excluded - no frequency metadata
[2026-05-15 13:18:21] [INFO]         [INFO] Epoch s100410_041600.rf.pcm_secondary excluded - no frequency metadata
[2026-05-15 13:18:21] [INFO]         [INFO] Epoch s110203_054757.rf.pcm_secondary excluded - no frequency metadata
[2026-05-15 13:18:21] [INFO]         [INFO] Epoch s110108_075729.rf.pcm_secondary excluded - no frequency metadata
[2026-05-15 13:18:21] [INFO]         [INFO] Epoch s110203_073038.rf.pcm_secondary excluded - no frequency metadata
[2026-05-15 13:18:21] [INFO]         [INFO] Epoch s110203_082116.rf.pcm_secondary excluded - no frequency metadata
[2026-05-15 13:18:21] [INFO]         [INFO] Epoch s110203_091106.rf.pcm_secondary excluded - no frequency metadata
[2026-05-15 13:18:21] [INFO]         [INFO] Epoch s110202_093114.rf.pcm_secondary excluded - no frequency metadata
[2026-05-15 13:18:21] [INFO]         [INFO] Epoch s110203_114720.rf.pcm_secondary excluded - no frequency metadata
[2026-05-15 13:18:21] [INFO]         [INFO] Epoch s110204_103448.rf.pcm_secondary excluded - no frequency metadata
[2026-05-15 13:18:21] [INFO]         [INFO] Epoch s100409_020606.rf.pcm_secondary excluded - no frequency metadata
[2026-05-15 13:18:21] [INFO]         [INFO] Epoch s110121_092929.rf.pcm_secondary excluded - no frequency metadata
[2026-05-15 13:18:21] [INFO]         [INFO] Epoch s110407_094530.rf.pcm_secondary excluded - no frequency metadata
[2026-05-15 13:18:21] [INFO]         [INFO] Epoch s110204_093006.rf.pcm_secondary excluded - no frequency metadata
[2026-05-15 13:18:21] [INFO]         [INFO] Epoch s110203_070629.rf.pcm_secondary excluded - no frequency metadata
[2026-05-15 13:18:21] [INFO]         [INFO] Epoch s110410_045810.rf.pcm_secondary excluded - no frequency metadata
[2026-05-15 13:18:21] [INFO]         [INFO] Epoch s110109_062927.rf.pcm_secondary excluded - no frequency metadata
[2026-05-15 13:18:21] [INFO]         [INFO] Epoch s110411_012250.rf.pcm_secondary excluded - no frequency metadata
[2026-05-15 13:18:21] [INFO]         [INFO] Epoch s110410_075219.rf.pcm_secondary excluded - no frequency metadata
[2026-05-15 13:18:21] [INFO]         [INFO] Epoch s110411_042152.rf.pcm_secondary excluded - no frequency metadata
[2026-05-15 13:18:21] [INFO]         [INFO] Epoch s110410_060611.rf.pcm_secondary excluded - no frequency metadata
[2026-05-15 13:18:21] [INFO]         [INFO] Epoch s100802_173825.rf.pcm_secondary excluded - no frequency metadata
[2026-05-15 13:18:21] [INFO]         [INFO] Epoch s110411_090811.rf.pcm_secondary excluded - no frequency metadata
[2026-05-15 13:18:21] [INFO]         [INFO] Epoch s110411_084531.rf.pcm_secondary excluded - no frequency metadata
[2026-05-15 13:18:21] [INFO]         [INFO] Epoch s110411_031013.rf.pcm_secondary excluded - no frequency metadata
[2026-05-15 13:18:21] [INFO]         [INFO] Epoch s110410_064021.rf.pcm_secondary excluded - no frequency metadata
[2026-05-15 13:18:21] [INFO]         [INFO] Epoch s100216_042657.rf.pcm_secondary excluded - no frequency metadata
[2026-05-15 13:18:21] [INFO]         [INFO] Epoch s110411_061352.rf.pcm_secondary excluded - no frequency metadata
[2026-05-15 13:18:21] [INFO]         [INFO] Epoch s110801_200738.rf.pcm_secondary excluded - no frequency metadata
[2026-05-15 13:18:21] [INFO]         [INFO] Epoch s110801_224419.rf.pcm_secondary excluded - no frequency metadata
[2026-05-15 13:18:21] [INFO]         [INFO] Epoch s110924_183437.rf.pcm_secondary excluded - no frequency metadata
[2026-05-15 13:18:21] [INFO]         [INFO] Epoch s110821_193147.rf.pcm_secondary excluded - no frequency metadata
[2026-05-15 13:18:21] [INFO]         [INFO] Epoch s110928_194856.rf.pcm_secondary excluded - no frequency metadata
[2026-05-15 13:18:21] [INFO]         [INFO] Epoch s110928_205746.rf.pcm_secondary excluded - no frequency metadata
[2026-05-15 13:18:21] [INFO]         [INFO] Epoch s110201_101804.rf.pcm_secondary excluded - no frequency metadata
[2026-05-15 13:18:21] [INFO]         [INFO] Epoch s111119_154539.rf.pcm_secondary excluded - no frequency metadata
[2026-05-15 13:18:21] [INFO]         [INFO] Epoch s120120_065808.rf.pcm_secondary excluded - no frequency metadata
[2026-05-15 13:18:21] [INFO]         [INFO] Epoch s111220_132358.rf.pcm_secondary excluded - no frequency metadata
[2026-05-15 13:18:21] [INFO]         [INFO] Epoch s120302_062947.rf.pcm_secondary excluded - no frequency metadata
[2026-05-15 13:18:21] [INFO]         [INFO] Epoch s110928_220616.rf.pcm_secondary excluded - no frequency metadata
[2026-05-15 13:18:21] [INFO]         [INFO] Epoch s110928_173128.rf.pcm_secondary excluded - no frequency metadata
[2026-05-15 13:18:21] [INFO]         [INFO] Epoch s110622_210816.rf.pcm_secondary excluded - no frequency metadata
[2026-05-15 13:18:21] [INFO]         [INFO] Epoch s120614_215457.rf.pcm_secondary excluded - no frequency metadata
[2026-05-15 13:18:21] [INFO]         [INFO] Epoch s110409_092859.rf.pcm_secondary excluded - no frequency metadata
[2026-05-15 13:18:21] [INFO]         [INFO] Epoch s110207_105027.rf.pcm_secondary excluded - no frequency metadata
[2026-05-15 13:18:21] [INFO]         [INFO] Epoch s110409_065259.rf.pcm_secondary excluded - no frequency metadata
[2026-05-15 13:18:21] [INFO]         [INFO] Epoch s120316_022816.rf.pcm_secondary excluded - no frequency metadata
[2026-05-15 13:18:21] [INFO]         [INFO] Epoch s120727_011829.rf.pcm_secondary excluded - no frequency metadata
[2026-05-15 13:18:21] [INFO]         [INFO] Epoch s121020_115342.rf.pcm_secondary excluded - no frequency metadata
[2026-05-15 13:18:21] [INFO]         [INFO] Epoch s121020_140938.rf.pcm_secondary excluded - no frequency metadata
[2026-05-15 13:18:21] [INFO]         [INFO] Epoch s121020_144818.rf.pcm_secondary excluded - no frequency metadata
[2026-05-15 13:18:21] [INFO]         [INFO] Epoch s121020_160550.rf.pcm_secondary excluded - no frequency metadata
[2026-05-15 13:18:21] [INFO]         [INFO] Epoch s121020_150738.rf.pcm_secondary excluded - no frequency metadata
[2026-05-15 13:18:21] [INFO]         [INFO] Epoch s121020_142858.rf.pcm_secondary excluded - no frequency metadata
[2026-05-15 13:18:21] [INFO]         [INFO] Epoch s120728_224740.rf.pcm_secondary excluded - no frequency metadata
[2026-05-15 13:18:21] [INFO]         [INFO] Epoch s121020_174147.rf.pcm_secondary excluded - no frequency metadata
[2026-05-15 13:18:21] [INFO]         [INFO] Epoch s121020_162516.rf.pcm_secondary excluded - no frequency metadata
[2026-05-15 13:18:21] [INFO]         [INFO] Epoch s121020_180107.rf.pcm_secondary excluded - no frequency metadata
[2026-05-15 13:18:21] [INFO]         [INFO] Epoch s121020_172229.rf.pcm_secondary excluded - no frequency metadata
[2026-05-15 13:18:21] [INFO]         [INFO] Epoch s120502_231204.rf.pcm_secondary excluded - no frequency metadata
[2026-05-15 13:18:21] [INFO]         [INFO] Epoch s121020_182027.rf.pcm_secondary excluded - no frequency metadata
[2026-05-15 13:18:21] [INFO]         [INFO] Epoch s121020_193829.rf.pcm_secondary excluded - no frequency metadata
[2026-05-15 13:18:21] [INFO]         [INFO] Epoch s121020_201709.rf.pcm_secondary excluded - no frequency metadata
[2026-05-15 13:18:21] [INFO]         [INFO] Epoch s120503_234544.rf.pcm_secondary excluded - no frequency metadata
[2026-05-15 13:18:21] [INFO]         [INFO] Epoch s111221_073416.rf.pcm_secondary excluded - no frequency metadata
[2026-05-15 13:18:21] [INFO]         [INFO] Epoch s121023_155549.rf.pcm_secondary excluded - no frequency metadata
[2026-05-15 13:18:21] [INFO]         [INFO] Epoch s121020_213427.rf.pcm_secondary excluded - no frequency metadata
[2026-05-15 13:18:21] [INFO]         [INFO] Epoch s130112_095603.rf.pcm_secondary excluded - no frequency metadata
[2026-05-15 13:18:21] [INFO]         [INFO] Epoch s121020_205547.rf.pcm_secondary excluded - no frequency metadata
[2026-05-15 13:18:21] [INFO]         [INFO] Epoch s121221_113018.rf.pcm_secondary excluded - no frequency metadata
[2026-05-15 13:18:21] [INFO]         [INFO] Epoch s121020_191907.rf.pcm_secondary excluded - no frequency metadata
[2026-05-15 13:18:21] [INFO]         [INFO] Epoch s130512_060618.rf.pcm_secondary excluded - no frequency metadata
[2026-05-15 13:18:21] [INFO]         [INFO] Epoch s121119_122459.rf.pcm_secondary excluded - no frequency metadata
[2026-05-15 13:18:21] [INFO]         [INFO] Epoch s120617_022008.rf.pcm_secondary excluded - no frequency metadata
[2026-05-15 13:18:21] [INFO]         [INFO] Epoch s130711_001218.rf.pcm_secondary excluded - no frequency metadata
[2026-05-15 13:18:21] [INFO]         [INFO] Epoch s130711_232836.rf.pcm_secondary excluded - no frequency metadata
[2026-05-15 13:18:21] [INFO]         [INFO] Epoch s130811_211416.rf.pcm_secondary excluded - no frequency metadata
[2026-05-15 13:18:21] [INFO]         [INFO] Epoch s130128_053518.rf.pcm_secondary excluded - no frequency metadata
[2026-05-15 13:18:21] [INFO]         [INFO] Epoch s121008_140909.rf.pcm_secondary excluded - no frequency metadata
[2026-05-15 13:18:21] [INFO]         [INFO] Epoch s130824_223214.rf.pcm_secondary excluded - no frequency metadata
[2026-05-15 13:18:21] [INFO]         [INFO] Epoch s130824_214637.rf.pcm_secondary excluded - no frequency metadata
[2026-05-15 13:18:21] [INFO]         [INFO] Epoch s130516_223905.rf.pcm_secondary excluded - no frequency metadata
[2026-05-15 13:18:21] [INFO]         [INFO] Epoch s130926_184148.rf.pcm_secondary excluded - no frequency metadata
[2026-05-15 13:18:21] [INFO]         [INFO] Epoch s130926_182228.rf.pcm_secondary excluded - no frequency metadata
[2026-05-15 13:18:21] [INFO]         [INFO] Epoch s130926_203417.rf.pcm_secondary excluded - no frequency metadata
[2026-05-15 13:18:21] [INFO]         [INFO] Epoch s130926_205340.rf.pcm_secondary excluded - no frequency metadata
[2026-05-15 13:18:21] [INFO]         [INFO] Epoch s130926_195539.rf.pcm_secondary excluded - no frequency metadata
[2026-05-15 13:18:21] [INFO]         [INFO] Epoch s120615_031837.rf.pcm_secondary excluded - no frequency metadata
[2026-05-15 13:18:21] [INFO]         [INFO] Epoch s130926_221119.rf.pcm_secondary excluded - no frequency metadata
[2026-05-15 13:18:21] [INFO]         [INFO] Epoch s130926_211309.rf.pcm_secondary excluded - no frequency metadata
[2026-05-15 13:18:21] [INFO]         [INFO] Epoch s130928_151317.rf.pcm_secondary excluded - no frequency metadata
[2026-05-15 13:18:21] [INFO]         [INFO] Epoch s130926_215159.rf.pcm_secondary excluded - no frequency metadata
[2026-05-15 13:18:21] [INFO]         [INFO] Epoch s130517_041946.rf.pcm_secondary excluded - no frequency metadata
[2026-05-15 13:18:21] [INFO]         [INFO] Epoch s130704_014348.rf.pcm_secondary excluded - no frequency metadata
[2026-05-15 13:18:21] [INFO]         [INFO] Epoch s130926_230937.rf.pcm_secondary excluded - no frequency metadata
[2026-05-15 13:18:21] [INFO]         [INFO] Epoch s130926_134728.rf.pcm_secondary excluded - no frequency metadata
[2026-05-15 13:18:21] [INFO]         [INFO] Epoch s140202_065359.rf.pcm_secondary excluded - no frequency metadata
[2026-05-15 13:18:21] [INFO]         [INFO] Epoch s120615_042609.rf.pcm_secondary excluded - no frequency metadata
[2026-05-15 13:18:21] [INFO]         [INFO] Epoch s140314_052058.rf.pcm_secondary excluded - no frequency metadata
[2026-05-15 13:18:21] [INFO]         [INFO] Epoch s100410_031146.rf.pcm_secondary excluded - no frequency metadata
[2026-05-15 13:18:21] [INFO]         [INFO] Epoch s140415_080006.rf.pcm_secondary excluded - no frequency metadata
[2026-05-15 13:18:21] [INFO]         [INFO] Epoch s140324_023208.rf.pcm_secondary excluded - no frequency metadata
[2026-05-15 13:18:21] [INFO]         [INFO] Epoch s130826_230042.rf.pcm_secondary excluded - no frequency metadata
[2026-05-15 13:18:21] [INFO]         [INFO] Epoch s140405_035728.rf.pcm_secondary excluded - no frequency metadata
[2026-05-15 13:18:21] [INFO]         [INFO] Epoch s140415_083927.rf.pcm_secondary excluded - no frequency metadata
[2026-05-15 13:18:21] [INFO]         [INFO] Epoch s140415_085907.rf.pcm_secondary excluded - no frequency metadata
[2026-05-15 13:18:21] [INFO]         [INFO] Epoch s130823_194509.rf.pcm_secondary excluded - no frequency metadata
[2026-05-15 13:18:21] [INFO]         [INFO] Epoch s140415_074026.rf.pcm_secondary excluded - no frequency metadata
[2026-05-15 13:18:21] [INFO]         [INFO] Epoch s140405_051228.rf.pcm_secondary excluded - no frequency metadata
[2026-05-15 13:18:21] [INFO]         [INFO] Epoch s140415_093827.rf.pcm_secondary excluded - no frequency metadata
[2026-05-15 13:18:21] [INFO]         [INFO] Epoch s140416_061037.rf.pcm_secondary excluded - no frequency metadata
[2026-05-15 13:18:21] [INFO]         [INFO] Epoch s131025_142217.rf.pcm_secondary excluded - no frequency metadata
[2026-05-15 13:18:21] [INFO]         [INFO] Epoch t081012_130414.rf.pcm_secondary excluded - no frequency metadata
[2026-05-15 13:18:21] [INFO]         [INFO] Epoch t081012_132415.rf.pcm_secondary excluded - no frequency metadata
[2026-05-15 13:18:21] [INFO]         [INFO] Epoch s140110_093020.rf.pcm_secondary excluded - no frequency metadata
[2026-05-15 13:18:21] [INFO]         [INFO] Epoch t081113_195902.rf.pcm_secondary excluded - no frequency metadata
[2026-05-15 13:18:21] [INFO]         [INFO] Epoch t081115_171215.rf.pcm_secondary excluded - no frequency metadata
[2026-05-15 13:18:21] [INFO]         [INFO] Epoch s140323_040426.rf.pcm_secondary excluded - no frequency metadata
[2026-05-15 13:18:21] [INFO]         [INFO] Epoch t081018_130139.rf.pcm_secondary excluded - no frequency metadata
[2026-05-15 13:18:21] [INFO]         [INFO] Epoch t081015_213720.rf.pcm_secondary excluded - no frequency metadata
[2026-05-15 13:18:21] [INFO]         [INFO] Epoch s131128_113846.rf.pcm_secondary excluded - no frequency metadata
[2026-05-15 13:18:21] [INFO]         [INFO] Epoch t081224_090655.rf.pcm_secondary excluded - no frequency metadata
[2026-05-15 13:18:21] [INFO]         [INFO] Epoch s140416_010506.rf.pcm_secondary excluded - no frequency metadata
[2026-05-15 13:18:21] [INFO]         [INFO] Epoch s130128_075103.rf.pcm_secondary excluded - no frequency metadata
[2026-05-15 13:18:21] [INFO]         [INFO] Epoch t090116_073410.rf.pcm_secondary excluded - no frequency metadata
[2026-05-15 13:18:21] [INFO]         [INFO] Epoch t081226_123433.rf.pcm_secondary excluded - no frequency metadata
[2026-05-15 13:18:21] [INFO]         [INFO] Epoch t081227_162115.rf.pcm_secondary excluded - no frequency metadata
[2026-05-15 13:18:21] [INFO]         [INFO] Epoch t080813_213215.rf.pcm_secondary excluded - no frequency metadata
[2026-05-15 13:18:21] [INFO]         [INFO] Epoch t090810_165511.rf.pcm_secondary excluded - no frequency metadata
[2026-05-15 13:18:21] [INFO]         [INFO] Epoch t090220_090753.rf.pcm_secondary excluded - no frequency metadata
[2026-05-15 13:18:21] [INFO]         [INFO] Epoch s140421_041948.rf.pcm_secondary excluded - no frequency metadata
[2026-05-15 13:18:21] [INFO]         [INFO] Epoch t090810_175700.rf.pcm_secondary excluded - no frequency metadata
[2026-05-15 13:18:21] [INFO]         [INFO] Epoch t081014_164935.rf.pcm_secondary excluded - no frequency metadata
[2026-05-15 13:18:21] [INFO]         [INFO] Epoch t081227_135514.rf.pcm_secondary excluded - no frequency metadata
[2026-05-15 13:18:21] [INFO]         [INFO] Epoch t090426_072910.rf.pcm_secondary excluded - no frequency metadata
[2026-05-15 13:18:21] [INFO]         [INFO] Epoch t090827_205658.rf.pcm_secondary excluded - no frequency metadata
[2026-05-15 13:18:21] [INFO]         [INFO] Epoch t090822_205140.rf.pcm_secondary excluded - no frequency metadata
[2026-05-15 13:18:21] [INFO]         [INFO] Epoch t090411_012115.rf.pcm_secondary excluded - no frequency metadata
[2026-05-15 13:18:21] [INFO]         [INFO] Epoch t090821_213248.rf.pcm_secondary excluded - no frequency metadata
[2026-05-15 13:18:21] [INFO]         [INFO] Epoch t081024_162715.rf.pcm_secondary excluded - no frequency metadata
[2026-05-15 13:18:21] [INFO]         [INFO] Epoch t090821_194418.rf.pcm_secondary excluded - no frequency metadata
[2026-05-15 13:18:21] [INFO]         [INFO] Epoch t091029_195926.rf.pcm_secondary excluded - no frequency metadata
[2026-05-15 13:18:21] [INFO]         [INFO] Epoch t091219_135054.rf.pcm_secondary excluded - no frequency metadata
[2026-05-15 13:18:21] [INFO]         [INFO] Epoch t090827_221223.rf.pcm_secondary excluded - no frequency metadata
[2026-05-15 13:18:21] [INFO]         [INFO] Epoch t100131_065029.rf.pcm_secondary excluded - no frequency metadata
[2026-05-15 13:18:21] [INFO]         [INFO] Epoch t091112_104415.rf.pcm_secondary excluded - no frequency metadata
[2026-05-15 13:18:21] [INFO]         [INFO] Epoch t100211_042434.rf.pcm_secondary excluded - no frequency metadata
[2026-05-15 13:18:21] [INFO]         [INFO] Epoch t100212_100229.rf.pcm_secondary excluded - no frequency metadata
[2026-05-15 13:18:21] [INFO]         [INFO] Epoch t100215_092200.rf.pcm_secondary excluded - no frequency metadata
[2026-05-15 13:18:21] [INFO]         [INFO] Epoch t100217_085309.rf.pcm_secondary excluded - no frequency metadata
[2026-05-15 13:18:21] [INFO]         [INFO] Epoch t100216_042659.rf.pcm_secondary excluded - no frequency metadata
[2026-05-15 13:18:21] [INFO]         [INFO] Epoch t100107_094414.rf.pcm_secondary excluded - no frequency metadata
[2026-05-15 13:18:21] [INFO]         [INFO] Epoch t091224_104630.rf.pcm_secondary excluded - no frequency metadata
[2026-05-15 13:18:21] [INFO]         [INFO] Epoch t090317_081358.rf.pcm_secondary excluded - no frequency metadata
[2026-05-15 13:18:21] [INFO]         [INFO] Epoch t100217_063619.rf.pcm_secondary excluded - no frequency metadata
[2026-05-15 13:18:21] [INFO]         [INFO] Epoch t090827_195749.rf.pcm_secondary excluded - no frequency metadata
[2026-05-15 13:18:21] [INFO]         [INFO] Epoch t100212_055441.rf.pcm_secondary excluded - no frequency metadata
[2026-05-15 13:18:21] [INFO]         [INFO] Epoch t090822_184630.rf.pcm_secondary excluded - no frequency metadata
[2026-05-15 13:18:21] [INFO]         [INFO] Epoch t100711_042742.rf.pcm_secondary excluded - no frequency metadata
[2026-05-15 13:18:21] [INFO]         [INFO] Epoch t100619_004617.rf.pcm_secondary excluded - no frequency metadata
[2026-05-15 13:18:21] [INFO]         [INFO] Epoch t100424_233235.rf.pcm_secondary excluded - no frequency metadata
[2026-05-15 13:18:21] [INFO]         [INFO] Epoch t100930_212041.rf.pcm_secondary excluded - no frequency metadata
[2026-05-15 13:18:21] [INFO]         [INFO] Epoch t101219_160622.rf.pcm_secondary excluded - no frequency metadata
[2026-05-15 13:18:21] [INFO]         [INFO] Epoch t101108_134418.rf.pcm_secondary excluded - no frequency metadata
[2026-05-15 13:18:21] [INFO]         [INFO] Epoch t110203_054801.rf.pcm_secondary excluded - no frequency metadata
[2026-05-15 13:18:21] [INFO]         [INFO] Epoch t110203_061812.rf.pcm_secondary excluded - no frequency metadata
[2026-05-15 13:18:21] [INFO]         [INFO] Epoch t110203_073042.rf.pcm_secondary excluded - no frequency metadata
[2026-05-15 13:18:21] [INFO]         [INFO] Epoch t110203_082116.rf.pcm_secondary excluded - no frequency metadata
[2026-05-15 13:18:21] [INFO]         [INFO] Epoch t101129_100217.rf.pcm_secondary excluded - no frequency metadata
[2026-05-15 13:18:21] [INFO]         [INFO] Epoch t110204_093005.rf.pcm_secondary excluded - no frequency metadata
[2026-05-15 13:18:21] [INFO]         [INFO] Epoch t100412_040756.rf.pcm_secondary excluded - no frequency metadata
[2026-05-15 13:18:21] [INFO]         [INFO] Epoch t110204_112610.rf.pcm_secondary excluded - no frequency metadata
[2026-05-15 13:18:21] [INFO]         [INFO] Epoch t110204_103451.rf.pcm_secondary excluded - no frequency metadata
[2026-05-15 13:18:21] [INFO]         [INFO] Epoch t100204_090714.rf.pcm_secondary excluded - no frequency metadata
[2026-05-15 13:18:21] [INFO]         [INFO] Epoch t110207_105057.rf.pcm_secondary excluded - no frequency metadata
[2026-05-15 13:18:21] [INFO]         [INFO] Epoch t110327_030337.rf.pcm_secondary excluded - no frequency metadata
[2026-05-15 13:18:21] [INFO]         [INFO] Epoch t110409_065302.rf.pcm_secondary excluded - no frequency metadata
[2026-05-15 13:18:21] [INFO]         [INFO] Epoch t100729_005305.rf.pcm_secondary excluded - no frequency metadata
[2026-05-15 13:18:21] [INFO]         [INFO] Epoch t110203_070630.rf.pcm_secondary excluded - no frequency metadata
[2026-05-15 13:18:21] [INFO]         [INFO] Epoch t110410_071852.rf.pcm_secondary excluded - no frequency metadata
[2026-05-15 13:18:21] [INFO]         [INFO] Epoch t110411_042148.rf.pcm_secondary excluded - no frequency metadata
[2026-05-15 13:18:21] [INFO]         [INFO] Epoch t110207_102615.rf.pcm_secondary excluded - no frequency metadata
[2026-05-15 13:18:21] [INFO]         [INFO] Epoch t110411_090806.rf.pcm_secondary excluded - no frequency metadata
[2026-05-15 13:18:21] [INFO]         [INFO] Epoch t110204_130418.rf.pcm_secondary excluded - no frequency metadata
[2026-05-15 13:18:21] [INFO]         [INFO] Epoch t110410_064016.rf.pcm_secondary excluded - no frequency metadata
[2026-05-15 13:18:21] [INFO]         [INFO] Epoch t110204_095017.rf.pcm_secondary excluded - no frequency metadata
[2026-05-15 13:18:21] [INFO]         [INFO] Epoch t110411_044938.rf.pcm_secondary excluded - no frequency metadata
[2026-05-15 13:18:21] [INFO]         [INFO] Epoch t110410_060608.rf.pcm_secondary excluded - no frequency metadata
[2026-05-15 13:18:21] [INFO]         [INFO] Epoch t110731_181849.rf.pcm_secondary excluded - no frequency metadata
[2026-05-15 13:18:21] [INFO]         [INFO] Epoch t110622_210816.rf.pcm_secondary excluded - no frequency metadata
[2026-05-15 13:18:21] [INFO]         [INFO] Epoch t110109_062941.rf.pcm_secondary excluded - no frequency metadata
[2026-05-15 13:18:21] [INFO]         [INFO] Epoch t110822_232808.rf.pcm_secondary excluded - no frequency metadata
[2026-05-15 13:18:21] [INFO]         [INFO] Epoch t100602_215755.rf.pcm_secondary excluded - no frequency metadata
[2026-05-15 13:18:21] [INFO]         [INFO] Epoch t110924_183444.rf.pcm_secondary excluded - no frequency metadata
[2026-05-15 13:18:21] [INFO]         [INFO] Epoch t110928_194905.rf.pcm_secondary excluded - no frequency metadata
[2026-05-15 13:18:21] [INFO]         [INFO] Epoch t110928_205800.rf.pcm_secondary excluded - no frequency metadata
[2026-05-15 13:18:21] [INFO]         [INFO] Epoch t110613_061652.rf.pcm_secondary excluded - no frequency metadata
[2026-05-15 13:18:21] [INFO]         [INFO] Epoch t110928_173134.rf.pcm_secondary excluded - no frequency metadata
[2026-05-15 13:18:21] [INFO]         [INFO] Epoch t110928_220631.rf.pcm_secondary excluded - no frequency metadata
[2026-05-15 13:18:21] [INFO]         [INFO] Epoch t111220_154107.rf.pcm_secondary excluded - no frequency metadata
[2026-05-15 13:18:21] [INFO]         [INFO] Epoch t111220_132357.rf.pcm_secondary excluded - no frequency metadata
[2026-05-15 13:18:21] [INFO]         [INFO] Epoch t110719_020647.rf.pcm_secondary excluded - no frequency metadata
[2026-05-15 13:18:21] [INFO]         [INFO] Epoch t120302_062948.rf.pcm_secondary excluded - no frequency metadata
[2026-05-15 13:18:21] [INFO]         [INFO] Epoch t120303_053906.rf.pcm_secondary excluded - no frequency metadata
[2026-05-15 13:18:21] [INFO]         [INFO] Epoch t110613_053806.rf.pcm_secondary excluded - no frequency metadata
[2026-05-15 13:18:21] [INFO]         [INFO] Epoch t120302_055154.rf.pcm_secondary excluded - no frequency metadata
[2026-05-15 13:18:21] [INFO]         [INFO] Epoch t120727_011841.rf.pcm_secondary excluded - no frequency metadata
[2026-05-15 13:18:21] [INFO]         [INFO] Epoch t120301_072213.rf.pcm_secondary excluded - no frequency metadata
[2026-05-15 13:18:21] [INFO]         [INFO] Epoch t110612_213857.rf.pcm_secondary excluded - no frequency metadata
[2026-05-15 13:18:21] [INFO]         [INFO] Epoch t120319_110853.rf.pcm_secondary excluded - no frequency metadata
[2026-05-15 13:18:21] [INFO]         [INFO] Epoch t121020_131146.rf.pcm_secondary excluded - no frequency metadata
[2026-05-15 13:18:21] [INFO]         [INFO] Epoch t121020_123306.rf.pcm_secondary excluded - no frequency metadata
[2026-05-15 13:18:21] [INFO]         [INFO] Epoch t121020_180117.rf.pcm_secondary excluded - no frequency metadata
[2026-05-15 13:18:21] [INFO]         [INFO] Epoch t121020_185947.rf.pcm_secondary excluded - no frequency metadata
[2026-05-15 13:18:21] [INFO]         [INFO] Epoch t121020_191917.rf.pcm_secondary excluded - no frequency metadata
[2026-05-15 13:18:21] [INFO]         [INFO] Epoch t121020_182036.rf.pcm_secondary excluded - no frequency metadata
[2026-05-15 13:18:21] [INFO]         [INFO] Epoch t121020_201717.rf.pcm_secondary excluded - no frequency metadata
[2026-05-15 13:18:21] [INFO]         [INFO] Epoch t121020_203637.rf.pcm_secondary excluded - no frequency metadata
[2026-05-15 13:18:21] [INFO]         [INFO] Epoch t121020_174156.rf.pcm_secondary excluded - no frequency metadata
[2026-05-15 13:18:21] [INFO]         [INFO] Epoch t121023_155555.rf.pcm_secondary excluded - no frequency metadata
[2026-05-15 13:18:21] [INFO]         [INFO] Epoch t121222_104807.rf.pcm_secondary excluded - no frequency metadata
[2026-05-15 13:18:21] [INFO]         [INFO] Epoch t121118_125958.rf.pcm_secondary excluded - no frequency metadata
[2026-05-15 13:18:21] [INFO]         [INFO] Epoch t111202_110005.rf.pcm_secondary excluded - no frequency metadata
[2026-05-15 13:18:21] [INFO]         [INFO] Epoch t121020_172236.rf.pcm_secondary excluded - no frequency metadata
[2026-05-15 13:18:21] [INFO]         [INFO] Epoch t111119_154547.rf.pcm_secondary excluded - no frequency metadata
[2026-05-15 13:18:21] [INFO]         [INFO] Epoch t130127_090835.rf.pcm_secondary excluded - no frequency metadata
[2026-05-15 13:18:21] [INFO]         [INFO] Epoch t120730_003144.rf.pcm_secondary excluded - no frequency metadata
[2026-05-15 13:18:21] [INFO]         [INFO] Epoch t121020_140946.rf.pcm_secondary excluded - no frequency metadata
[2026-05-15 13:18:21] [INFO]         [INFO] Epoch t100412_051238.rf.pcm_secondary excluded - no frequency metadata
[2026-05-15 13:18:21] [INFO]         [INFO] Epoch t130512_060617.rf.pcm_secondary excluded - no frequency metadata
[2026-05-15 13:18:21] [INFO]         [INFO] Epoch t100518_234825.rf.pcm_secondary excluded - no frequency metadata
[2026-05-15 13:18:21] [INFO]         [INFO] Epoch t130205_101048.rf.pcm_secondary excluded - no frequency metadata
[2026-05-15 13:18:21] [INFO]         [INFO] Epoch t130512_000335.rf.pcm_secondary excluded - no frequency metadata
[2026-05-15 13:18:21] [INFO]         [INFO] Epoch t111221_073425.rf.pcm_secondary excluded - no frequency metadata
[2026-05-15 13:18:21] [INFO]         [INFO] Epoch t130711_001218.rf.pcm_secondary excluded - no frequency metadata
[2026-05-15 13:18:21] [INFO]         [INFO] Epoch t121119_122506.rf.pcm_secondary excluded - no frequency metadata
[2026-05-15 13:18:21] [INFO]         [INFO] Epoch t130823_194508.rf.pcm_secondary excluded - no frequency metadata
[2026-05-15 13:18:21] [INFO]         [INFO] Epoch t130711_232836.rf.pcm_secondary excluded - no frequency metadata
[2026-05-15 13:18:21] [INFO]         [INFO] Epoch t130926_170458.rf.pcm_secondary excluded - no frequency metadata
[2026-05-15 13:18:21] [INFO]         [INFO] Epoch t130926_203417.rf.pcm_secondary excluded - no frequency metadata
[2026-05-15 13:18:21] [INFO]         [INFO] Epoch t130926_205340.rf.pcm_secondary excluded - no frequency metadata
[2026-05-15 13:18:21] [INFO]         [INFO] Epoch t130926_211309.rf.pcm_secondary excluded - no frequency metadata
[2026-05-15 13:18:21] [INFO]         [INFO] Epoch t130926_184149.rf.pcm_secondary excluded - no frequency metadata
[2026-05-15 13:18:21] [INFO]         [INFO] Epoch t130926_215200.rf.pcm_secondary excluded - no frequency metadata
[2026-05-15 13:18:21] [INFO]         [INFO] Epoch t130926_221119.rf.pcm_secondary excluded - no frequency metadata
[2026-05-15 13:18:21] [INFO]         [INFO] Epoch t130926_213230.rf.pcm_secondary excluded - no frequency metadata
[2026-05-15 13:18:21] [INFO]         [INFO] Epoch t130128_053519.rf.pcm_secondary excluded - no frequency metadata
[2026-05-15 13:18:21] [INFO]         [INFO] Epoch t130516_223906.rf.pcm_secondary excluded - no frequency metadata
[2026-05-15 13:18:21] [INFO]         [INFO] Epoch t130926_195539.rf.pcm_secondary excluded - no frequency metadata
[2026-05-15 13:18:21] [INFO]         [INFO] Epoch t130926_230938.rf.pcm_secondary excluded - no frequency metadata
[2026-05-15 13:18:21] [INFO]         [INFO] Epoch t130517_041947.rf.pcm_secondary excluded - no frequency metadata
[2026-05-15 13:18:21] [INFO]         [INFO] Epoch t130929_175618.rf.pcm_secondary excluded - no frequency metadata
[2026-05-15 13:18:21] [INFO]         [INFO] Epoch t130926_144658.rf.pcm_secondary excluded - no frequency metadata
[2026-05-15 13:18:21] [INFO]         [INFO] Epoch t131218_112018.rf.pcm_secondary excluded - no frequency metadata
[2026-05-15 13:18:21] [INFO]         [INFO] Epoch t140202_085149.rf.pcm_secondary excluded - no frequency metadata
[2026-05-15 13:18:21] [INFO]         [INFO] Epoch t140110_093019.rf.pcm_secondary excluded - no frequency metadata
[2026-05-15 13:18:21] [INFO]         [INFO] Epoch t140314_052058.rf.pcm_secondary excluded - no frequency metadata
[2026-05-15 13:18:21] [INFO]         [INFO] Epoch t130926_134727.rf.pcm_secondary excluded - no frequency metadata
[2026-05-15 13:18:21] [INFO]         [INFO] Epoch t140130_080448.rf.pcm_secondary excluded - no frequency metadata
[2026-05-15 13:18:21] [INFO]         [INFO] Epoch t140415_074027.rf.pcm_secondary excluded - no frequency metadata
[2026-05-15 13:18:21] [INFO]         [INFO] Epoch t140323_040426.rf.pcm_secondary excluded - no frequency metadata
[2026-05-15 13:18:21] [INFO]         [INFO] Epoch t131027_182218.rf.pcm_secondary excluded - no frequency metadata
[2026-05-15 13:18:21] [INFO]         [INFO] Epoch t131219_093446.rf.pcm_secondary excluded - no frequency metadata
[2026-05-15 13:18:21] [INFO]         [INFO] Epoch t140415_093826.rf.pcm_secondary excluded - no frequency metadata
[2026-05-15 13:18:21] [INFO]         [INFO] Epoch t130704_014347.rf.pcm_secondary excluded - no frequency metadata
[2026-05-15 13:18:21] [INFO]         [INFO] Epoch t130620_231007.rf.pcm_secondary excluded - no frequency metadata
[2026-05-15 13:18:21] [INFO]         [INFO] Epoch t140729_204747.rf.pcm_secondary excluded - no frequency metadata
[2026-05-15 13:18:21] [INFO]         [INFO] Epoch t131025_142217.rf.pcm_secondary excluded - no frequency metadata
[2026-05-15 13:18:21] [INFO]         [INFO] Epoch t130128_075103.rf.pcm_secondary excluded - no frequency metadata
[2026-05-15 13:18:21] [INFO]         [INFO] Epoch t140924_162258.rf.pcm_secondary excluded - no frequency metadata
[2026-05-15 13:18:21] [INFO]         [INFO] Epoch t131128_113846.rf.pcm_secondary excluded - no frequency metadata
[2026-05-15 13:18:21] [INFO]         [INFO] Epoch t140731_191506.rf.pcm_secondary excluded - no frequency metadata
[2026-05-15 13:18:21] [INFO]         [INFO] Epoch t140421_041947.rf.pcm_secondary excluded - no frequency metadata
[2026-05-15 13:18:21] [INFO]         [INFO] Epoch t140416_061036.rf.pcm_secondary excluded - no frequency metadata
[2026-05-15 13:18:21] [INFO]         [INFO] Epoch t150417_021348.rf.pcm_secondary excluded - no frequency metadata
[2026-05-15 13:18:21] [INFO]         [INFO] Epoch t141128_125820.rf.pcm_secondary excluded - no frequency metadata
[2026-05-15 13:18:21] [INFO]         [INFO] Epoch t150416_094928.rf.pcm_secondary excluded - no frequency metadata
[2026-05-15 13:18:21] [INFO]         [INFO] Epoch t141010_200339.rf.pcm_secondary excluded - no frequency metadata
[2026-05-15 13:18:21] [INFO]         [INFO] Epoch t150202_072057.rf.pcm_secondary excluded - no frequency metadata
[2026-05-15 13:18:21] [INFO]         [INFO] Epoch t150613_220958.rf.pcm_secondary excluded - no frequency metadata
[2026-05-15 13:18:21] [INFO]         [INFO] Epoch t150715_014642.rf.pcm_secondary excluded - no frequency metadata
[2026-05-15 13:18:21] [INFO]         [INFO] Epoch t150830_173848.rf.pcm_secondary excluded - no frequency metadata
[2026-05-15 13:18:21] [INFO]         [INFO] Epoch t150615_000444.rf.pcm_secondary excluded - no frequency metadata
[2026-05-15 13:18:21] [INFO]         [INFO] Epoch t150130_071608.rf.pcm_secondary excluded - no frequency metadata
[2026-05-15 13:18:21] [INFO]         [INFO] Epoch t151006_193339.rf.pcm_secondary excluded - no frequency metadata
[2026-05-15 13:18:21] [INFO]         [INFO] Epoch t150519_053656.rf.pcm_secondary excluded - no frequency metadata
[2026-05-15 13:18:21] [INFO]         [INFO] Epoch t151111_044455.rf.pcm_secondary excluded - no frequency metadata
[2026-05-15 13:18:21] [INFO]         [INFO] Epoch t151120_143708.rf.pcm_secondary excluded - no frequency metadata
[2026-05-15 13:18:21] [INFO]         [INFO] Epoch t141014_141358.rf.pcm_secondary excluded - no frequency metadata
[2026-05-15 13:18:21] [INFO]         [INFO] Epoch t140324_023207.rf.pcm_secondary excluded - no frequency metadata
[2026-05-15 13:18:21] [INFO]         [INFO] Epoch t150814_192149.rf.pcm_secondary excluded - no frequency metadata
[2026-05-15 13:18:21] [INFO]         [INFO] Epoch t160129_133824.rf.pcm_secondary excluded - no frequency metadata
[2026-05-15 13:18:21] [INFO]         [INFO] Epoch t150811_234259.rf.pcm_secondary excluded - no frequency metadata
[2026-05-15 13:18:21] [INFO]         [INFO] Epoch t160223_074159.rf.pcm_secondary excluded - no frequency metadata
[2026-05-15 13:18:21] [INFO]         [INFO] Epoch t141201_153841.rf.pcm_secondary excluded - no frequency metadata
[2026-05-15 13:18:21] [INFO]         [INFO] Epoch t150714_192128.rf.pcm_secondary excluded - no frequency metadata
[2026-05-15 13:18:21] [INFO]         [INFO] Epoch t151109_193117.rf.pcm_secondary excluded - no frequency metadata
[2026-05-15 13:18:21] [INFO]         [INFO] Epoch t160417_021057.rf.pcm_secondary excluded - no frequency metadata
[2026-05-15 13:18:21] [INFO]         [INFO] Epoch t150903_214848.rf.pcm_secondary excluded - no frequency metadata
[2026-05-15 13:18:21] [INFO]         [INFO] Epoch t150202_093609.rf.pcm_secondary excluded - no frequency metadata
[2026-05-15 13:18:21] [INFO]         [INFO] Epoch t150903_171007.rf.pcm_secondary excluded - no frequency metadata
[2026-05-15 13:18:21] [INFO]         [INFO] Epoch t160827_195319.rf.pcm_secondary excluded - no frequency metadata
[2026-05-15 13:18:21] [INFO]         [INFO] Epoch t160109_141648.rf.pcm_secondary excluded - no frequency metadata
[2026-05-15 13:18:21] [INFO]         [INFO] Epoch t160929_145617.rf.pcm_secondary excluded - no frequency metadata
[2026-05-15 13:18:21] [INFO]         [INFO] Epoch t161206_115918.rf.pcm_secondary excluded - no frequency metadata
[2026-05-15 13:18:21] [INFO]         [INFO] Epoch t161206_142412.rf.pcm_secondary excluded - no frequency metadata
[2026-05-15 13:18:21] [INFO]         [INFO] Epoch t161114_144847.rf.pcm_secondary excluded - no frequency metadata
[2026-05-15 13:18:21] [INFO]         [INFO] Epoch t161116_145159.rf.pcm_secondary excluded - no frequency metadata
[2026-05-15 13:18:21] [INFO]         [INFO] Epoch t160222_085301.rf.pcm_secondary excluded - no frequency metadata
[2026-05-15 13:18:21] [INFO]         [INFO] Epoch t160812_181848.rf.pcm_secondary excluded - no frequency metadata
[2026-05-15 13:18:21] [INFO]         [INFO] Epoch t170105_091257.rf.pcm_secondary excluded - no frequency metadata
[2026-05-15 13:18:21] [INFO]         [INFO] Epoch t161113_104837.rf.pcm_secondary excluded - no frequency metadata
[2026-05-15 13:18:21] [INFO]         [INFO] Epoch t160827_184549.rf.pcm_secondary excluded - no frequency metadata
[2026-05-15 13:18:21] [INFO]         [INFO] Epoch t170211_053601.rf.pcm_secondary excluded - no frequency metadata
[2026-05-15 13:18:21] [INFO]         [INFO] Epoch t160717_024049.rf.pcm_secondary excluded - no frequency metadata
[2026-05-15 13:18:21] [INFO]         [INFO] Epoch t161215_160908.rf.pcm_secondary excluded - no frequency metadata
[2026-05-15 13:18:21] [INFO]         [INFO] Epoch t161215_104717.rf.pcm_secondary excluded - no frequency metadata
[2026-05-15 13:18:21] [INFO]         [INFO] Epoch t170330_033008.rf.pcm_secondary excluded - no frequency metadata
[2026-05-15 13:18:21] [INFO]         [INFO] Epoch t170625_212437.rf.pcm_secondary excluded - no frequency metadata
[2026-05-15 13:18:21] [INFO]         [INFO] Epoch t160706_002604.rf.pcm_secondary excluded - no frequency metadata
[2026-05-15 13:18:21] [INFO]         [INFO] Epoch t170627_042547.rf.pcm_secondary excluded - no frequency metadata
[2026-05-15 13:18:21] [INFO]         [INFO] Epoch t170304_064140.rf.pcm_secondary excluded - no frequency metadata
[2026-05-15 13:18:21] [INFO]         [INFO] Epoch t170626_050826.rf.pcm_secondary excluded - no frequency metadata
[2026-05-15 13:18:21] [INFO]         [INFO] Epoch t160827_210041.rf.pcm_secondary excluded - no frequency metadata
[2026-05-15 13:18:21] [INFO]         [INFO] Epoch t170104_082707.rf.pcm_secondary excluded - no frequency metadata
[2026-05-15 13:18:21] [INFO]         [INFO] Epoch t171016_132837.rf.pcm_secondary excluded - no frequency metadata
[2026-05-15 13:18:21] [INFO]         [INFO] Epoch t170414_033919.rf.pcm_secondary excluded - no frequency metadata
[2026-05-15 13:18:21] [INFO]         [INFO] Epoch t170127_085439.rf.pcm_secondary excluded - no frequency metadata
[2026-05-15 13:18:21] [INFO]         [INFO] Epoch t160410_031209.rf.pcm_secondary excluded - no frequency metadata
[2026-05-15 13:18:21] [INFO]         [INFO] Epoch t171218_155548.rf.pcm_secondary excluded - no frequency metadata
[2026-05-15 13:18:21] [INFO]         [INFO] Epoch t170926_144107.rf.pcm_secondary excluded - no frequency metadata
[2026-05-15 13:18:21] [INFO]         [INFO] Epoch t180114_124929.rf.pcm_secondary excluded - no frequency metadata
[2026-05-15 13:18:21] [INFO]         [INFO] Epoch t171227_112749.rf.pcm_secondary excluded - no frequency metadata
[2026-05-15 13:18:21] [INFO]         [INFO] Epoch t180328_044322.rf.pcm_secondary excluded - no frequency metadata
[2026-05-15 13:18:21] [INFO]         [INFO] Epoch t180415_022916.rf.pcm_secondary excluded - no frequency metadata
[2026-05-15 13:18:21] [INFO]         [INFO] Epoch t180415_015236.rf.pcm_secondary excluded - no frequency metadata
[2026-05-15 13:18:21] [INFO]         [INFO] Epoch t180415_030558.rf.pcm_secondary excluded - no frequency metadata
[2026-05-15 13:18:21] [INFO]         [INFO] Epoch t180401_031018.rf.pcm_secondary excluded - no frequency metadata
[2026-05-15 13:18:21] [INFO]         [INFO] Epoch t180415_042000.rf.pcm_secondary excluded - no frequency metadata
[2026-05-15 13:18:21] [INFO]         [INFO] Epoch t180415_045657.rf.pcm_secondary excluded - no frequency metadata
[2026-05-15 13:18:21] [INFO]         [INFO] Epoch t171229_105801.rf.pcm_secondary excluded - no frequency metadata
[2026-05-15 13:18:21] [INFO]         [INFO] Epoch t180415_053338.rf.pcm_secondary excluded - no frequency metadata
[2026-05-15 13:18:21] [INFO]         [INFO] Epoch t180415_040128.rf.pcm_secondary excluded - no frequency metadata
[2026-05-15 13:18:21] [INFO]         [INFO] Epoch t170625_201608.rf.pcm_secondary excluded - no frequency metadata
[2026-05-15 13:18:21] [INFO]         [INFO] Epoch t180415_061020.rf.pcm_secondary excluded - no frequency metadata
[2026-05-15 13:18:21] [INFO]         [INFO] Epoch t170823_183419.rf.pcm_secondary excluded - no frequency metadata
[2026-05-15 13:18:21] [INFO]         [INFO] Epoch t180415_051519.rf.pcm_secondary excluded - no frequency metadata
[2026-05-15 13:18:21] [INFO]         [INFO] Epoch t180415_062849.rf.pcm_secondary excluded - no frequency metadata
[2026-05-15 13:18:21] [INFO]         [INFO] Epoch t180530_221616.rf.pcm_secondary excluded - no frequency metadata
[2026-05-15 13:18:21] [INFO]         [INFO] Epoch t180415_081848.rf.pcm_secondary excluded - no frequency metadata
[2026-05-15 13:18:21] [INFO]         [INFO] Epoch t171210_131338.rf.pcm_secondary excluded - no frequency metadata
[2026-05-15 13:18:21] [INFO]         [INFO] Epoch t180522_001755.rf.pcm_secondary excluded - no frequency metadata
[2026-05-15 13:18:21] [INFO]         [INFO] Epoch t180327_095957.rf.pcm_secondary excluded - no frequency metadata
[2026-05-15 13:18:21] [INFO]         [INFO] Epoch t180703_231900.rf.pcm_secondary excluded - no frequency metadata
[2026-05-15 13:18:21] [INFO]         [INFO] Epoch t180309_070758.rf.pcm_secondary excluded - no frequency metadata
[2026-05-15 13:18:21] [INFO]         [INFO] Epoch t180712_203558.rf.pcm_secondary excluded - no frequency metadata
[2026-05-15 13:18:21] [INFO]         [INFO] Epoch t180612_022334.rf.pcm_secondary excluded - no frequency metadata
[2026-05-15 13:18:21] [INFO]         [INFO] Epoch t180622_195856.rf.pcm_secondary excluded - no frequency metadata
[2026-05-15 13:18:21] [INFO]         [INFO] Epoch t180816_192300.rf.pcm_secondary excluded - no frequency metadata
[2026-05-15 13:18:21] [INFO]         [INFO] Epoch t180920_142136.rf.pcm_secondary excluded - no frequency metadata
[2026-05-15 13:18:21] [INFO]         [INFO] Epoch t180726_212510.rf.pcm_secondary excluded - no frequency metadata
[2026-05-15 13:18:21] [INFO]         [INFO] Epoch t180621_214046.rf.pcm_secondary excluded - no frequency metadata
[2026-05-15 13:18:21] [INFO]         [INFO] Epoch t181017_153028.rf.pcm_secondary excluded - no frequency metadata
[2026-05-15 13:18:21] [INFO]         [INFO] Epoch t170330_054520.rf.pcm_secondary excluded - no frequency metadata
[2026-05-15 13:18:21] [INFO]         [INFO] Epoch t180602_004109.rf.pcm_secondary excluded - no frequency metadata
[2026-05-15 13:18:21] [INFO]         [INFO] Epoch t180915_155837.rf.pcm_secondary excluded - no frequency metadata
[2026-05-15 13:18:21] [INFO]         [INFO] Epoch t180929_204518.rf.pcm_secondary excluded - no frequency metadata
[2026-05-15 13:18:21] [INFO]         [INFO] Epoch t181201_131450.rf.pcm_secondary excluded - no frequency metadata
[2026-05-15 13:18:21] [INFO]         [INFO] Epoch t181226_093128.rf.pcm_secondary excluded - no frequency metadata
[2026-05-15 13:18:21] [INFO]         [INFO] Epoch t180522_224535.rf.pcm_secondary excluded - no frequency metadata
[2026-05-15 13:18:21] [INFO]         [INFO] Epoch t190118_113112.rf.pcm_secondary excluded - no frequency metadata
[2026-05-15 13:18:21] [INFO]         [INFO] Epoch t180518_013648.rf.pcm_secondary excluded - no frequency metadata
[2026-05-15 13:18:21] [INFO]         [INFO] Epoch t180727_211739.rf.pcm_secondary excluded - no frequency metadata
[2026-05-15 13:18:21] [INFO]         [INFO] Epoch t180623_203547.rf.pcm_secondary excluded - no frequency metadata
[2026-05-15 13:18:21] [INFO]         [INFO] Epoch t190429_052432.rf.pcm_secondary excluded - no frequency metadata
[2026-05-15 13:18:21] [INFO]         [INFO] Epoch t190322_034518.rf.pcm_secondary excluded - no frequency metadata
[2026-05-15 13:18:21] [INFO]         [INFO] Epoch t190504_044751.rf.pcm_secondary excluded - no frequency metadata
[2026-05-15 13:18:21] [INFO]         [INFO] Epoch t180929_215158.rf.pcm_secondary excluded - no frequency metadata
[2026-05-15 13:18:21] [INFO]         [INFO] Epoch t190721_180120.rf.pcm_secondary excluded - no frequency metadata
[2026-05-15 13:18:21] [INFO]         [INFO] Epoch t181105_120157.rf.pcm_secondary excluded - no frequency metadata
[2026-05-15 13:18:21] [INFO]       
Insufficient frequency variation for differential refraction test
[2026-05-15 13:18:21] [INFO]       Most observations likely at the same frequency band.
[2026-05-15 13:18:21] [INFO] ═══ 
======================================================================
[2026-05-15 13:18:21] [INFO] ═══ SCALING MODEL PREDICTIONS
[2026-05-15 13:18:21] [INFO] ═══ ======================================================================
[2026-05-15 13:18:21] [INFO]       
Scaling Model Predictions:
[2026-05-15 13:18:21] [INFO]         Model 1 (v only):                  0.3034  (diff: 0.0123, 0.8sigma)
[2026-05-15 13:18:21] [INFO]         Model 2 (D x v):                   0.4853  (diff: 0.1696, 11.1sigma)
[2026-05-15 13:18:21] [INFO]         Model 3 (D_eff x v):               0.5055  (diff: 0.1898, 12.4sigma)
[2026-05-15 13:18:21] [INFO]         Model 4 (v x s(1-s)):              0.3161  (diff: 0.0004, 0.0sigma)
[2026-05-15 13:18:21] [INFO]         Model 5 (v x D_eff x s(1-s)):     0.5266  (diff: 0.2109, 13.8sigma)
[2026-05-15 13:18:21] [INFO]         Model 6 (eta scaling):               1.0051  (diff: 0.6894, 45.0sigma)
[2026-05-15 13:18:21] [INFO]       
Observed ratio: 0.3157 +/- 0.0153
[2026-05-15 13:18:21] [INFO]       
Best fitting model: v x s(1-s) (sigma = 0.0)
[2026-05-15 13:18:21] [INFO]         -> One tested model is closer than 1sigma, but the two-pulsar ratio has weak discriminating power
[2026-05-15 13:18:21] [INFO] [PASS] 
Detailed results saved to /Users/matthewsmawfield/www/Temporal Equivalence Principle/TEP-J0437/results/step_031_tep_scaling_detailed.json
[2026-05-15 13:18:21] [INFO] ═══ ======================================================================
[2026-05-15 13:18:21] [INFO] ================================================================================
[2026-05-15 13:18:21] [INFO] STEP COMPLETED SUCCESSFULLY (3.5 seconds)
[2026-05-15 13:18:21] [INFO] ================================================================================
